
> psikologprojesi@1.0.0 start
> node server/migrations.js && node server/app.js

[dotenv@17.3.1] injecting env (9) from .env -- tip: 🔐 prevent committing .env to code: https://dotenvx.com/precommit
Migrationlar başlatılıyor (Render/Local)...
Tüm migrationlar başarıyla tamamlandı.
[dotenv@17.3.1] injecting env (9) from .env -- tip: 🛠️  run anywhere with `dotenvx run -- yourcommand`
[dotenv@17.3.1] injecting env (0) from .env -- tip: 🔐 prevent building .env in docker: https://dotenvx.com/prebuild
UYARI: RESEND_API_KEY bulunamadı. E-posta gönderimi çalışmayacaktır.
Server çalisiyor: http://localhost:3000
[WhatsApp] Bot süreci başlatılıyor...
Bağlı olunan DB: psikologdb
Bağli DB: psikologdb
Veritabanı sütun kontrolü yapılıyor...
Veritabanı sütunları doğrulandı ve Süper Admin kontrolü yapıldı.
{"level":30,"time":1774719249943,"pid":70310,"hostname":"Mac.home","browser":["Ubuntu","Chrome","122.0.0"],"helloMsg":{"clientHello":{"ephemeral":"u8W+4udc4EzOdH/dHwLrDO9w4zMPd0PxAIrpqmZP5E0="}},"msg":"connected to WA"}
{"level":30,"time":1774719250144,"pid":70310,"hostname":"Mac.home","node":{"username":"905333559848","passive":true,"userAgent":{"platform":"WEB","appVersion":{"primary":2,"secondary":3000,"tertiary":1035194821},"mcc":"000","mnc":"000","osVersion":"0.1","device":"Desktop","osBuildNumber":"0.1","releaseChannel":"RELEASE","localeLanguageIso6391":"en","localeCountryIso31661Alpha2":"US"},"webInfo":{"webSubPlatform":"WEB_BROWSER"},"connectType":"WIFI_UNKNOWN","connectReason":"USER_ACTIVATED","device":2,"pull":true,"lidDbMigrated":false},"msg":"logging in..."}
{"level":30,"time":1774719250606,"pid":70310,"hostname":"Mac.home","msg":"5 pre-keys found on server"}
{"level":30,"time":1774719250606,"pid":70310,"hostname":"Mac.home","msg":"Current prekey ID: 832, exists in storage: true"}
{"level":30,"time":1774719250606,"pid":70310,"hostname":"Mac.home","msg":"Uploading PreKeys due to: server count low (5)"}
{"level":30,"time":1774719250607,"pid":70310,"hostname":"Mac.home","count":5,"retryCount":0,"msg":"uploading pre-keys"}
{"level":30,"time":1774719250935,"pid":70310,"hostname":"Mac.home","count":5,"msg":"uploaded pre-keys successfully"}
{"level":50,"time":1774719251087,"pid":70310,"hostname":"Mac.home","reasonNode":{"tag":"conflict","attrs":{"type":"replaced"}},"fullErrorNode":{"tag":"stream:error","attrs":{},"content":[{"tag":"conflict","attrs":{"type":"replaced"}}]},"msg":"stream errored out"}
{"level":30,"time":1774719251088,"pid":70310,"hostname":"Mac.home","trace":"Error: Stream Errored (conflict)\n    at WebSocketClient.<anonymous> (file:///Users/salihozgen/Desktop/psikolog-projesi/node_modules/@whiskeysockets/baileys/lib/Socket/socket.js:780:13)\n    at WebSocketClient.emit (node:events:518:28)\n    at file:///Users/salihozgen/Desktop/psikolog-projesi/node_modules/@whiskeysockets/baileys/lib/Socket/socket.js:464:35\n    at Object.decodeFrame (file:///Users/salihozgen/Desktop/psikolog-projesi/node_modules/@whiskeysockets/baileys/lib/Utils/noise-handler.js:141:17)\n    at process.processTicksAndRejections (node:internal/process/task_queues:105:5)\n    at async WebSocketClient.onMessageReceived (file:///Users/salihozgen/Desktop/psikolog-projesi/node_modules/@whiskeysockets/baileys/lib/Socket/socket.js:441:9)","msg":"connection errored"}
[WhatsApp] Bot süreci başlatılıyor...
{"level":30,"time":1774719256346,"pid":70310,"hostname":"Mac.home","browser":["Ubuntu","Chrome","122.0.0"],"helloMsg":{"clientHello":{"ephemeral":"J/5j41ku3xTW3X6Pn8sF0Uw4qB00vzh70k2aVztDmx4="}},"msg":"connected to WA"}
{"level":30,"time":1774719256439,"pid":70310,"hostname":"Mac.home","node":{"username":"905333559848","passive":true,"userAgent":{"platform":"WEB","appVersion":{"primary":2,"secondary":3000,"tertiary":1035194821},"mcc":"000","mnc":"000","osVersion":"0.1","device":"Desktop","osBuildNumber":"0.1","releaseChannel":"RELEASE","localeLanguageIso6391":"en","localeCountryIso31661Alpha2":"US"},"webInfo":{"webSubPlatform":"WEB_BROWSER"},"connectType":"WIFI_UNKNOWN","connectReason":"USER_ACTIVATED","device":2,"pull":true,"lidDbMigrated":false},"msg":"logging in..."}
{"level":30,"time":1774719257314,"pid":70310,"hostname":"Mac.home","msg":"5 pre-keys found on server"}
{"level":30,"time":1774719257314,"pid":70310,"hostname":"Mac.home","msg":"Current prekey ID: 837, exists in storage: true"}
{"level":30,"time":1774719257314,"pid":70310,"hostname":"Mac.home","msg":"Uploading PreKeys due to: server count low (5)"}
{"level":30,"time":1774719257314,"pid":70310,"hostname":"Mac.home","count":5,"retryCount":0,"msg":"uploading pre-keys"}
{"level":30,"time":1774719257800,"pid":70310,"hostname":"Mac.home","count":5,"msg":"uploaded pre-keys successfully"}
{"level":30,"time":1774719258041,"pid":70310,"hostname":"Mac.home","msg":"handled 0 offline messages/notifications"}
{"level":30,"time":1774719258042,"pid":70310,"hostname":"Mac.home","msg":"Connection is now AwaitingInitialSync, buffering events"}
{"level":30,"time":1774719258042,"pid":70310,"hostname":"Mac.home","msg":"History sync is disabled by config, not waiting for notification. Transitioning to Online."}
{"level":30,"time":1774719258337,"pid":70310,"hostname":"Mac.home","msg":"opened connection to WA"}
[WhatsApp] ✅ Bağlantı başarılı!
{"level":40,"time":1774719258340,"pid":70310,"hostname":"Mac.home","msg":"no name present, ignoring presence update request..."}
{"level":30,"time":1774719258345,"pid":70310,"hostname":"Mac.home","myPN":"905333559848:2@s.whatsapp.net","myLID":"129879995613400:2@lid","msg":"Own LID session created successfully"}
{"level":50,"time":1774719262621,"pid":70310,"hostname":"Mac.home","reasonNode":{"tag":"conflict","attrs":{"type":"replaced"}},"fullErrorNode":{"tag":"stream:error","attrs":{},"content":[{"tag":"conflict","attrs":{"type":"replaced"}}]},"msg":"stream errored out"}
{"level":30,"time":1774719262621,"pid":70310,"hostname":"Mac.home","trace":"Error: Stream Errored (conflict)\n    at WebSocketClient.<anonymous> (file:///Users/salihozgen/Desktop/psikolog-projesi/node_modules/@whiskeysockets/baileys/lib/Socket/socket.js:780:13)\n    at WebSocketClient.emit (node:events:518:28)\n    at file:///Users/salihozgen/Desktop/psikolog-projesi/node_modules/@whiskeysockets/baileys/lib/Socket/socket.js:464:35\n    at Object.decodeFrame (file:///Users/salihozgen/Desktop/psikolog-projesi/node_modules/@whiskeysockets/baileys/lib/Utils/noise-handler.js:141:17)\n    at process.processTicksAndRejections (node:internal/process/task_queues:105:5)\n    at async WebSocketClient.onMessageReceived (file:///Users/salihozgen/Desktop/psikolog-projesi/node_modules/@whiskeysockets/baileys/lib/Socket/socket.js:441:9)","msg":"connection errored"}
[WhatsApp] Bot süreci başlatılıyor...
{"level":30,"time":1774719267962,"pid":70310,"hostname":"Mac.home","browser":["Ubuntu","Chrome","122.0.0"],"helloMsg":{"clientHello":{"ephemeral":"0CxoT7y5aHvbt2SEub0ovZ/du9n7AsVwZyUjffZEvRs="}},"msg":"connected to WA"}
{"level":30,"time":1774719268125,"pid":70310,"hostname":"Mac.home","node":{"username":"905333559848","passive":true,"userAgent":{"platform":"WEB","appVersion":{"primary":2,"secondary":3000,"tertiary":1035194821},"mcc":"000","mnc":"000","osVersion":"0.1","device":"Desktop","osBuildNumber":"0.1","releaseChannel":"RELEASE","localeLanguageIso6391":"en","localeCountryIso31661Alpha2":"US"},"webInfo":{"webSubPlatform":"WEB_BROWSER"},"connectType":"WIFI_UNKNOWN","connectReason":"USER_ACTIVATED","device":2,"pull":true,"lidDbMigrated":false},"msg":"logging in..."}
{"level":30,"time":1774719268443,"pid":70310,"hostname":"Mac.home","msg":"5 pre-keys found on server"}
{"level":30,"time":1774719268443,"pid":70310,"hostname":"Mac.home","msg":"Current prekey ID: 847, exists in storage: true"}
{"level":30,"time":1774719268443,"pid":70310,"hostname":"Mac.home","msg":"Uploading PreKeys due to: server count low (5)"}
{"level":30,"time":1774719268443,"pid":70310,"hostname":"Mac.home","count":5,"retryCount":0,"msg":"uploading pre-keys"}
{"level":30,"time":1774719268642,"pid":70310,"hostname":"Mac.home","count":5,"msg":"uploaded pre-keys successfully"}
{"level":30,"time":1774719268853,"pid":70310,"hostname":"Mac.home","msg":"handled 0 offline messages/notifications"}
{"level":30,"time":1774719268853,"pid":70310,"hostname":"Mac.home","msg":"Connection is now AwaitingInitialSync, buffering events"}
{"level":30,"time":1774719268856,"pid":70310,"hostname":"Mac.home","msg":"History sync is disabled by config, not waiting for notification. Transitioning to Online."}
{"level":30,"time":1774719268956,"pid":70310,"hostname":"Mac.home","msg":"opened connection to WA"}
[WhatsApp] ✅ Bağlantı başarılı!
{"level":40,"time":1774719268957,"pid":70310,"hostname":"Mac.home","msg":"no name present, ignoring presence update request..."}
{"level":30,"time":1774719268959,"pid":70310,"hostname":"Mac.home","myPN":"905333559848:2@s.whatsapp.net","myLID":"129879995613400:2@lid","msg":"Own LID session created successfully"}
{"level":50,"time":1774719274339,"pid":70310,"hostname":"Mac.home","reasonNode":{"tag":"conflict","attrs":{"type":"replaced"}},"fullErrorNode":{"tag":"stream:error","attrs":{},"content":[{"tag":"conflict","attrs":{"type":"replaced"}}]},"msg":"stream errored out"}
{"level":30,"time":1774719274339,"pid":70310,"hostname":"Mac.home","trace":"Error: Stream Errored (conflict)\n    at WebSocketClient.<anonymous> (file:///Users/salihozgen/Desktop/psikolog-projesi/node_modules/@whiskeysockets/baileys/lib/Socket/socket.js:780:13)\n    at WebSocketClient.emit (node:events:518:28)\n    at file:///Users/salihozgen/Desktop/psikolog-projesi/node_modules/@whiskeysockets/baileys/lib/Socket/socket.js:464:35\n    at Object.decodeFrame (file:///Users/salihozgen/Desktop/psikolog-projesi/node_modules/@whiskeysockets/baileys/lib/Utils/noise-handler.js:141:17)\n    at process.processTicksAndRejections (node:internal/process/task_queues:105:5)\n    at async WebSocketClient.onMessageReceived (file:///Users/salihozgen/Desktop/psikolog-projesi/node_modules/@whiskeysockets/baileys/lib/Socket/socket.js:441:9)","msg":"connection errored"}
[WhatsApp] Bot süreci başlatılıyor...
{"level":40,"time":1774719279693,"pid":70310,"hostname":"Mac.home","msg":"Buffer timeout reached, auto-flushing"}
{"level":30,"time":1774719279981,"pid":70310,"hostname":"Mac.home","browser":["Ubuntu","Chrome","122.0.0"],"helloMsg":{"clientHello":{"ephemeral":"2FIuDpJMelacyXuU6lURzTbCLQ3UUaUARDGx3VJ90m0="}},"msg":"connected to WA"}
{"level":30,"time":1774719280162,"pid":70310,"hostname":"Mac.home","node":{"username":"905333559848","passive":true,"userAgent":{"platform":"WEB","appVersion":{"primary":2,"secondary":3000,"tertiary":1035194821},"mcc":"000","mnc":"000","osVersion":"0.1","device":"Desktop","osBuildNumber":"0.1","releaseChannel":"RELEASE","localeLanguageIso6391":"en","localeCountryIso31661Alpha2":"US"},"webInfo":{"webSubPlatform":"WEB_BROWSER"},"connectType":"WIFI_UNKNOWN","connectReason":"USER_ACTIVATED","device":2,"pull":true,"lidDbMigrated":false},"msg":"logging in..."}
{"level":30,"time":1774719280609,"pid":70310,"hostname":"Mac.home","msg":"5 pre-keys found on server"}
{"level":30,"time":1774719280609,"pid":70310,"hostname":"Mac.home","msg":"Current prekey ID: 857, exists in storage: true"}
{"level":30,"time":1774719280609,"pid":70310,"hostname":"Mac.home","msg":"Uploading PreKeys due to: server count low (5)"}
{"level":30,"time":1774719280609,"pid":70310,"hostname":"Mac.home","count":5,"retryCount":0,"msg":"uploading pre-keys"}
{"level":30,"time":1774719280969,"pid":70310,"hostname":"Mac.home","count":5,"msg":"uploaded pre-keys successfully"}
{"level":30,"time":1774719281166,"pid":70310,"hostname":"Mac.home","msg":"handled 0 offline messages/notifications"}
{"level":30,"time":1774719281166,"pid":70310,"hostname":"Mac.home","msg":"Connection is now AwaitingInitialSync, buffering events"}
{"level":30,"time":1774719281166,"pid":70310,"hostname":"Mac.home","msg":"History sync is disabled by config, not waiting for notification. Transitioning to Online."}
{"level":30,"time":1774719281346,"pid":70310,"hostname":"Mac.home","msg":"opened connection to WA"}
[WhatsApp] ✅ Bağlantı başarılı!
{"level":40,"time":1774719281347,"pid":70310,"hostname":"Mac.home","msg":"no name present, ignoring presence update request..."}
{"level":30,"time":1774719281351,"pid":70310,"hostname":"Mac.home","myPN":"905333559848:2@s.whatsapp.net","myLID":"129879995613400:2@lid","msg":"Own LID session created successfully"}
{"level":50,"time":1774719286193,"pid":70310,"hostname":"Mac.home","reasonNode":{"tag":"conflict","attrs":{"type":"replaced"}},"fullErrorNode":{"tag":"stream:error","attrs":{},"content":[{"tag":"conflict","attrs":{"type":"replaced"}}]},"msg":"stream errored out"}
{"level":30,"time":1774719286193,"pid":70310,"hostname":"Mac.home","trace":"Error: Stream Errored (conflict)\n    at WebSocketClient.<anonymous> (file:///Users/salihozgen/Desktop/psikolog-projesi/node_modules/@whiskeysockets/baileys/lib/Socket/socket.js:780:13)\n    at WebSocketClient.emit (node:events:518:28)\n    at file:///Users/salihozgen/Desktop/psikolog-projesi/node_modules/@whiskeysockets/baileys/lib/Socket/socket.js:464:35\n    at Object.decodeFrame (file:///Users/salihozgen/Desktop/psikolog-projesi/node_modules/@whiskeysockets/baileys/lib/Utils/noise-handler.js:141:17)\n    at process.processTicksAndRejections (node:internal/process/task_queues:105:5)\n    at async WebSocketClient.onMessageReceived (file:///Users/salihozgen/Desktop/psikolog-projesi/node_modules/@whiskeysockets/baileys/lib/Socket/socket.js:441:9)","msg":"connection errored"}
[WhatsApp] Bot süreci başlatılıyor...
{"level":30,"time":1774719291514,"pid":70310,"hostname":"Mac.home","browser":["Ubuntu","Chrome","122.0.0"],"helloMsg":{"clientHello":{"ephemeral":"T0uGFLopLiG4uxyAOWLwAFomCLJqzl0KUmE9f7jIsgY="}},"msg":"connected to WA"}
{"level":30,"time":1774719291674,"pid":70310,"hostname":"Mac.home","node":{"username":"905333559848","passive":true,"userAgent":{"platform":"WEB","appVersion":{"primary":2,"secondary":3000,"tertiary":1035194821},"mcc":"000","mnc":"000","osVersion":"0.1","device":"Desktop","osBuildNumber":"0.1","releaseChannel":"RELEASE","localeLanguageIso6391":"en","localeCountryIso31661Alpha2":"US"},"webInfo":{"webSubPlatform":"WEB_BROWSER"},"connectType":"WIFI_UNKNOWN","connectReason":"USER_ACTIVATED","device":2,"pull":true,"lidDbMigrated":false},"msg":"logging in..."}
{"level":30,"time":1774719292005,"pid":70310,"hostname":"Mac.home","msg":"5 pre-keys found on server"}
{"level":30,"time":1774719292005,"pid":70310,"hostname":"Mac.home","msg":"Current prekey ID: 867, exists in storage: true"}
{"level":30,"time":1774719292005,"pid":70310,"hostname":"Mac.home","msg":"Uploading PreKeys due to: server count low (5)"}
{"level":30,"time":1774719292005,"pid":70310,"hostname":"Mac.home","count":5,"retryCount":0,"msg":"uploading pre-keys"}
{"level":30,"time":1774719292234,"pid":70310,"hostname":"Mac.home","count":5,"msg":"uploaded pre-keys successfully"}
{"level":30,"time":1774719292387,"pid":70310,"hostname":"Mac.home","msg":"handled 0 offline messages/notifications"}
{"level":30,"time":1774719292387,"pid":70310,"hostname":"Mac.home","msg":"Connection is now AwaitingInitialSync, buffering events"}
{"level":30,"time":1774719292387,"pid":70310,"hostname":"Mac.home","msg":"History sync is disabled by config, not waiting for notification. Transitioning to Online."}
{"level":30,"time":1774719292550,"pid":70310,"hostname":"Mac.home","msg":"opened connection to WA"}
[WhatsApp] ✅ Bağlantı başarılı!
{"level":40,"time":1774719292552,"pid":70310,"hostname":"Mac.home","msg":"no name present, ignoring presence update request..."}
{"level":30,"time":1774719292554,"pid":70310,"hostname":"Mac.home","myPN":"905333559848:2@s.whatsapp.net","myLID":"129879995613400:2@lid","msg":"Own LID session created successfully"}
{"level":50,"time":1774719297590,"pid":70310,"hostname":"Mac.home","reasonNode":{"tag":"conflict","attrs":{"type":"replaced"}},"fullErrorNode":{"tag":"stream:error","attrs":{},"content":[{"tag":"conflict","attrs":{"type":"replaced"}}]},"msg":"stream errored out"}
{"level":30,"time":1774719297590,"pid":70310,"hostname":"Mac.home","trace":"Error: Stream Errored (conflict)\n    at WebSocketClient.<anonymous> (file:///Users/salihozgen/Desktop/psikolog-projesi/node_modules/@whiskeysockets/baileys/lib/Socket/socket.js:780:13)\n    at WebSocketClient.emit (node:events:518:28)\n    at file:///Users/salihozgen/Desktop/psikolog-projesi/node_modules/@whiskeysockets/baileys/lib/Socket/socket.js:464:35\n    at Object.decodeFrame (file:///Users/salihozgen/Desktop/psikolog-projesi/node_modules/@whiskeysockets/baileys/lib/Utils/noise-handler.js:141:17)\n    at process.processTicksAndRejections (node:internal/process/task_queues:105:5)\n    at async WebSocketClient.onMessageReceived (file:///Users/salihozgen/Desktop/psikolog-projesi/node_modules/@whiskeysockets/baileys/lib/Socket/socket.js:441:9)","msg":"connection errored"}
[WhatsApp] Bot süreci başlatılıyor...
{"level":30,"time":1774719302927,"pid":70310,"hostname":"Mac.home","browser":["Ubuntu","Chrome","122.0.0"],"helloMsg":{"clientHello":{"ephemeral":"QJ8VqXK1oSODpX/w3pa4wYzu9usFTpJ3s6FLpTpVNBU="}},"msg":"connected to WA"}
{"level":30,"time":1774719303101,"pid":70310,"hostname":"Mac.home","node":{"username":"905333559848","passive":true,"userAgent":{"platform":"WEB","appVersion":{"primary":2,"secondary":3000,"tertiary":1035194821},"mcc":"000","mnc":"000","osVersion":"0.1","device":"Desktop","osBuildNumber":"0.1","releaseChannel":"RELEASE","localeLanguageIso6391":"en","localeCountryIso31661Alpha2":"US"},"webInfo":{"webSubPlatform":"WEB_BROWSER"},"connectType":"WIFI_UNKNOWN","connectReason":"USER_ACTIVATED","device":2,"pull":true,"lidDbMigrated":false},"msg":"logging in..."}
{"level":30,"time":1774719303498,"pid":70310,"hostname":"Mac.home","msg":"5 pre-keys found on server"}
{"level":30,"time":1774719303498,"pid":70310,"hostname":"Mac.home","msg":"Current prekey ID: 877, exists in storage: true"}
{"level":30,"time":1774719303498,"pid":70310,"hostname":"Mac.home","msg":"Uploading PreKeys due to: server count low (5)"}
{"level":30,"time":1774719303498,"pid":70310,"hostname":"Mac.home","count":5,"retryCount":0,"msg":"uploading pre-keys"}
{"level":30,"time":1774719303793,"pid":70310,"hostname":"Mac.home","count":5,"msg":"uploaded pre-keys successfully"}
{"level":30,"time":1774719303986,"pid":70310,"hostname":"Mac.home","msg":"handled 0 offline messages/notifications"}
{"level":30,"time":1774719303986,"pid":70310,"hostname":"Mac.home","msg":"Connection is now AwaitingInitialSync, buffering events"}
{"level":30,"time":1774719303986,"pid":70310,"hostname":"Mac.home","msg":"History sync is disabled by config, not waiting for notification. Transitioning to Online."}
{"level":30,"time":1774719304163,"pid":70310,"hostname":"Mac.home","msg":"opened connection to WA"}
[WhatsApp] ✅ Bağlantı başarılı!
{"level":40,"time":1774719304166,"pid":70310,"hostname":"Mac.home","msg":"no name present, ignoring presence update request..."}
{"level":30,"time":1774719304169,"pid":70310,"hostname":"Mac.home","myPN":"905333559848:2@s.whatsapp.net","myLID":"129879995613400:2@lid","msg":"Own LID session created successfully"}
{"level":50,"time":1774719309378,"pid":70310,"hostname":"Mac.home","reasonNode":{"tag":"conflict","attrs":{"type":"replaced"}},"fullErrorNode":{"tag":"stream:error","attrs":{},"content":[{"tag":"conflict","attrs":{"type":"replaced"}}]},"msg":"stream errored out"}
{"level":30,"time":1774719309378,"pid":70310,"hostname":"Mac.home","trace":"Error: Stream Errored (conflict)\n    at WebSocketClient.<anonymous> (file:///Users/salihozgen/Desktop/psikolog-projesi/node_modules/@whiskeysockets/baileys/lib/Socket/socket.js:780:13)\n    at WebSocketClient.emit (node:events:518:28)\n    at file:///Users/salihozgen/Desktop/psikolog-projesi/node_modules/@whiskeysockets/baileys/lib/Socket/socket.js:464:35\n    at Object.decodeFrame (file:///Users/salihozgen/Desktop/psikolog-projesi/node_modules/@whiskeysockets/baileys/lib/Utils/noise-handler.js:141:17)\n    at process.processTicksAndRejections (node:internal/process/task_queues:105:5)\n    at async WebSocketClient.onMessageReceived (file:///Users/salihozgen/Desktop/psikolog-projesi/node_modules/@whiskeysockets/baileys/lib/Socket/socket.js:441:9)","msg":"connection errored"}
[WhatsApp] Bot süreci başlatılıyor...
{"level":30,"time":1774719314705,"pid":70310,"hostname":"Mac.home","browser":["Ubuntu","Chrome","122.0.0"],"helloMsg":{"clientHello":{"ephemeral":"osIIvrbnNvwarBrXfqwddHffJk6EDSRCX3E8y9OZWBg="}},"msg":"connected to WA"}
{"level":30,"time":1774719314860,"pid":70310,"hostname":"Mac.home","node":{"username":"905333559848","passive":true,"userAgent":{"platform":"WEB","appVersion":{"primary":2,"secondary":3000,"tertiary":1035194821},"mcc":"000","mnc":"000","osVersion":"0.1","device":"Desktop","osBuildNumber":"0.1","releaseChannel":"RELEASE","localeLanguageIso6391":"en","localeCountryIso31661Alpha2":"US"},"webInfo":{"webSubPlatform":"WEB_BROWSER"},"connectType":"WIFI_UNKNOWN","connectReason":"USER_ACTIVATED","device":2,"pull":true,"lidDbMigrated":false},"msg":"logging in..."}
{"level":30,"time":1774719315192,"pid":70310,"hostname":"Mac.home","msg":"5 pre-keys found on server"}
{"level":30,"time":1774719315192,"pid":70310,"hostname":"Mac.home","msg":"Current prekey ID: 887, exists in storage: true"}
{"level":30,"time":1774719315192,"pid":70310,"hostname":"Mac.home","msg":"Uploading PreKeys due to: server count low (5)"}
{"level":30,"time":1774719315192,"pid":70310,"hostname":"Mac.home","count":5,"retryCount":0,"msg":"uploading pre-keys"}
{"level":30,"time":1774719315411,"pid":70310,"hostname":"Mac.home","count":5,"msg":"uploaded pre-keys successfully"}
{"level":30,"time":1774719315564,"pid":70310,"hostname":"Mac.home","msg":"handled 0 offline messages/notifications"}
{"level":30,"time":1774719315564,"pid":70310,"hostname":"Mac.home","msg":"Connection is now AwaitingInitialSync, buffering events"}
{"level":30,"time":1774719315564,"pid":70310,"hostname":"Mac.home","msg":"History sync is disabled by config, not waiting for notification. Transitioning to Online."}
{"level":30,"time":1774719315724,"pid":70310,"hostname":"Mac.home","msg":"opened connection to WA"}
[WhatsApp] ✅ Bağlantı başarılı!
{"level":40,"time":1774719315725,"pid":70310,"hostname":"Mac.home","msg":"no name present, ignoring presence update request..."}
{"level":30,"time":1774719315726,"pid":70310,"hostname":"Mac.home","myPN":"905333559848:2@s.whatsapp.net","myLID":"129879995613400:2@lid","msg":"Own LID session created successfully"}
{"level":50,"time":1774719321068,"pid":70310,"hostname":"Mac.home","reasonNode":{"tag":"conflict","attrs":{"type":"replaced"}},"fullErrorNode":{"tag":"stream:error","attrs":{},"content":[{"tag":"conflict","attrs":{"type":"replaced"}}]},"msg":"stream errored out"}
{"level":30,"time":1774719321068,"pid":70310,"hostname":"Mac.home","trace":"Error: Stream Errored (conflict)\n    at WebSocketClient.<anonymous> (file:///Users/salihozgen/Desktop/psikolog-projesi/node_modules/@whiskeysockets/baileys/lib/Socket/socket.js:780:13)\n    at WebSocketClient.emit (node:events:518:28)\n    at file:///Users/salihozgen/Desktop/psikolog-projesi/node_modules/@whiskeysockets/baileys/lib/Socket/socket.js:464:35\n    at Object.decodeFrame (file:///Users/salihozgen/Desktop/psikolog-projesi/node_modules/@whiskeysockets/baileys/lib/Utils/noise-handler.js:141:17)\n    at process.processTicksAndRejections (node:internal/process/task_queues:105:5)\n    at async WebSocketClient.onMessageReceived (file:///Users/salihozgen/Desktop/psikolog-projesi/node_modules/@whiskeysockets/baileys/lib/Socket/socket.js:441:9)","msg":"connection errored"}
[WhatsApp] Bot süreci başlatılıyor...
{"level":30,"time":1774719326417,"pid":70310,"hostname":"Mac.home","browser":["Ubuntu","Chrome","122.0.0"],"helloMsg":{"clientHello":{"ephemeral":"13laL9yqs7RNAIumuT7+8SSNCyxURpp7ZtH4cWmMbSc="}},"msg":"connected to WA"}
{"level":30,"time":1774719326595,"pid":70310,"hostname":"Mac.home","node":{"username":"905333559848","passive":true,"userAgent":{"platform":"WEB","appVersion":{"primary":2,"secondary":3000,"tertiary":1035194821},"mcc":"000","mnc":"000","osVersion":"0.1","device":"Desktop","osBuildNumber":"0.1","releaseChannel":"RELEASE","localeLanguageIso6391":"en","localeCountryIso31661Alpha2":"US"},"webInfo":{"webSubPlatform":"WEB_BROWSER"},"connectType":"WIFI_UNKNOWN","connectReason":"USER_ACTIVATED","device":2,"pull":true,"lidDbMigrated":false},"msg":"logging in..."}
{"level":30,"time":1774719327010,"pid":70310,"hostname":"Mac.home","msg":"5 pre-keys found on server"}
{"level":30,"time":1774719327010,"pid":70310,"hostname":"Mac.home","msg":"Current prekey ID: 897, exists in storage: true"}
{"level":30,"time":1774719327010,"pid":70310,"hostname":"Mac.home","msg":"Uploading PreKeys due to: server count low (5)"}
{"level":30,"time":1774719327010,"pid":70310,"hostname":"Mac.home","count":5,"retryCount":0,"msg":"uploading pre-keys"}
{"level":30,"time":1774719327317,"pid":70310,"hostname":"Mac.home","count":5,"msg":"uploaded pre-keys successfully"}
{"level":30,"time":1774719327515,"pid":70310,"hostname":"Mac.home","msg":"handled 0 offline messages/notifications"}
{"level":30,"time":1774719327515,"pid":70310,"hostname":"Mac.home","msg":"Connection is now AwaitingInitialSync, buffering events"}
{"level":30,"time":1774719327515,"pid":70310,"hostname":"Mac.home","msg":"History sync is disabled by config, not waiting for notification. Transitioning to Online."}
{"level":30,"time":1774719327699,"pid":70310,"hostname":"Mac.home","msg":"opened connection to WA"}
[WhatsApp] ✅ Bağlantı başarılı!
{"level":40,"time":1774719327700,"pid":70310,"hostname":"Mac.home","msg":"no name present, ignoring presence update request..."}
{"level":30,"time":1774719327702,"pid":70310,"hostname":"Mac.home","myPN":"905333559848:2@s.whatsapp.net","myLID":"129879995613400:2@lid","msg":"Own LID session created successfully"}
{"level":50,"time":1774719332840,"pid":70310,"hostname":"Mac.home","reasonNode":{"tag":"conflict","attrs":{"type":"replaced"}},"fullErrorNode":{"tag":"stream:error","attrs":{},"content":[{"tag":"conflict","attrs":{"type":"replaced"}}]},"msg":"stream errored out"}
{"level":30,"time":1774719332840,"pid":70310,"hostname":"Mac.home","trace":"Error: Stream Errored (conflict)\n    at WebSocketClient.<anonymous> (file:///Users/salihozgen/Desktop/psikolog-projesi/node_modules/@whiskeysockets/baileys/lib/Socket/socket.js:780:13)\n    at WebSocketClient.emit (node:events:518:28)\n    at file:///Users/salihozgen/Desktop/psikolog-projesi/node_modules/@whiskeysockets/baileys/lib/Socket/socket.js:464:35\n    at Object.decodeFrame (file:///Users/salihozgen/Desktop/psikolog-projesi/node_modules/@whiskeysockets/baileys/lib/Utils/noise-handler.js:141:17)\n    at process.processTicksAndRejections (node:internal/process/task_queues:105:5)\n    at async WebSocketClient.onMessageReceived (file:///Users/salihozgen/Desktop/psikolog-projesi/node_modules/@whiskeysockets/baileys/lib/Socket/socket.js:441:9)","msg":"connection errored"}
[WhatsApp] Bot süreci başlatılıyor...
{"level":30,"time":1774719338109,"pid":70310,"hostname":"Mac.home","browser":["Ubuntu","Chrome","122.0.0"],"helloMsg":{"clientHello":{"ephemeral":"Xm6yT2oYCcCjG7m4qNKJMK3ArcYW/G9SyAF0mJJeNzQ="}},"msg":"connected to WA"}
{"level":30,"time":1774719338194,"pid":70310,"hostname":"Mac.home","node":{"username":"905333559848","passive":true,"userAgent":{"platform":"WEB","appVersion":{"primary":2,"secondary":3000,"tertiary":1035194821},"mcc":"000","mnc":"000","osVersion":"0.1","device":"Desktop","osBuildNumber":"0.1","releaseChannel":"RELEASE","localeLanguageIso6391":"en","localeCountryIso31661Alpha2":"US"},"webInfo":{"webSubPlatform":"WEB_BROWSER"},"connectType":"WIFI_UNKNOWN","connectReason":"USER_ACTIVATED","device":2,"pull":true,"lidDbMigrated":false},"msg":"logging in..."}
{"level":30,"time":1774719338881,"pid":70310,"hostname":"Mac.home","msg":"5 pre-keys found on server"}
{"level":30,"time":1774719338881,"pid":70310,"hostname":"Mac.home","msg":"Current prekey ID: 907, exists in storage: true"}
{"level":30,"time":1774719338881,"pid":70310,"hostname":"Mac.home","msg":"Uploading PreKeys due to: server count low (5)"}
{"level":30,"time":1774719338881,"pid":70310,"hostname":"Mac.home","count":5,"retryCount":0,"msg":"uploading pre-keys"}
{"level":30,"time":1774719339504,"pid":70310,"hostname":"Mac.home","count":5,"msg":"uploaded pre-keys successfully"}
{"level":30,"time":1774719339710,"pid":70310,"hostname":"Mac.home","msg":"handled 0 offline messages/notifications"}
{"level":30,"time":1774719339710,"pid":70310,"hostname":"Mac.home","msg":"Connection is now AwaitingInitialSync, buffering events"}
{"level":30,"time":1774719339710,"pid":70310,"hostname":"Mac.home","msg":"History sync is disabled by config, not waiting for notification. Transitioning to Online."}
{"level":30,"time":1774719339881,"pid":70310,"hostname":"Mac.home","msg":"opened connection to WA"}
[WhatsApp] ✅ Bağlantı başarılı!
{"level":40,"time":1774719339881,"pid":70310,"hostname":"Mac.home","msg":"no name present, ignoring presence update request..."}
{"level":30,"time":1774719339883,"pid":70310,"hostname":"Mac.home","myPN":"905333559848:2@s.whatsapp.net","myLID":"129879995613400:2@lid","msg":"Own LID session created successfully"}
{"level":50,"time":1774719344346,"pid":70310,"hostname":"Mac.home","reasonNode":{"tag":"conflict","attrs":{"type":"replaced"}},"fullErrorNode":{"tag":"stream:error","attrs":{},"content":[{"tag":"conflict","attrs":{"type":"replaced"}}]},"msg":"stream errored out"}
{"level":30,"time":1774719344346,"pid":70310,"hostname":"Mac.home","trace":"Error: Stream Errored (conflict)\n    at WebSocketClient.<anonymous> (file:///Users/salihozgen/Desktop/psikolog-projesi/node_modules/@whiskeysockets/baileys/lib/Socket/socket.js:780:13)\n    at WebSocketClient.emit (node:events:518:28)\n    at file:///Users/salihozgen/Desktop/psikolog-projesi/node_modules/@whiskeysockets/baileys/lib/Socket/socket.js:464:35\n    at Object.decodeFrame (file:///Users/salihozgen/Desktop/psikolog-projesi/node_modules/@whiskeysockets/baileys/lib/Utils/noise-handler.js:141:17)\n    at process.processTicksAndRejections (node:internal/process/task_queues:105:5)\n    at async WebSocketClient.onMessageReceived (file:///Users/salihozgen/Desktop/psikolog-projesi/node_modules/@whiskeysockets/baileys/lib/Socket/socket.js:441:9)","msg":"connection errored"}
[WhatsApp] Bot süreci başlatılıyor...
{"level":30,"time":1774719349742,"pid":70310,"hostname":"Mac.home","browser":["Ubuntu","Chrome","122.0.0"],"helloMsg":{"clientHello":{"ephemeral":"YzEWg0pQ9kd3rTu/1Of1P/3vbnu5P6DfgTO1248dj1k="}},"msg":"connected to WA"}
{"level":30,"time":1774719349952,"pid":70310,"hostname":"Mac.home","node":{"username":"905333559848","passive":true,"userAgent":{"platform":"WEB","appVersion":{"primary":2,"secondary":3000,"tertiary":1035194821},"mcc":"000","mnc":"000","osVersion":"0.1","device":"Desktop","osBuildNumber":"0.1","releaseChannel":"RELEASE","localeLanguageIso6391":"en","localeCountryIso31661Alpha2":"US"},"webInfo":{"webSubPlatform":"WEB_BROWSER"},"connectType":"WIFI_UNKNOWN","connectReason":"USER_ACTIVATED","device":2,"pull":true,"lidDbMigrated":false},"msg":"logging in..."}
{"level":30,"time":1774719350487,"pid":70310,"hostname":"Mac.home","msg":"5 pre-keys found on server"}
{"level":30,"time":1774719350487,"pid":70310,"hostname":"Mac.home","msg":"Current prekey ID: 917, exists in storage: true"}
{"level":30,"time":1774719350487,"pid":70310,"hostname":"Mac.home","msg":"Uploading PreKeys due to: server count low (5)"}
{"level":30,"time":1774719350487,"pid":70310,"hostname":"Mac.home","count":5,"retryCount":0,"msg":"uploading pre-keys"}
{"level":30,"time":1774719350910,"pid":70310,"hostname":"Mac.home","count":5,"msg":"uploaded pre-keys successfully"}
{"level":30,"time":1774719351178,"pid":70310,"hostname":"Mac.home","msg":"handled 0 offline messages/notifications"}
{"level":30,"time":1774719351178,"pid":70310,"hostname":"Mac.home","msg":"Connection is now AwaitingInitialSync, buffering events"}
{"level":30,"time":1774719351178,"pid":70310,"hostname":"Mac.home","msg":"History sync is disabled by config, not waiting for notification. Transitioning to Online."}
{"level":30,"time":1774719351378,"pid":70310,"hostname":"Mac.home","msg":"opened connection to WA"}
[WhatsApp] ✅ Bağlantı başarılı!
{"level":40,"time":1774719351379,"pid":70310,"hostname":"Mac.home","msg":"no name present, ignoring presence update request..."}
{"level":30,"time":1774719351381,"pid":70310,"hostname":"Mac.home","myPN":"905333559848:2@s.whatsapp.net","myLID":"129879995613400:2@lid","msg":"Own LID session created successfully"}
{"level":50,"time":1774719356128,"pid":70310,"hostname":"Mac.home","reasonNode":{"tag":"conflict","attrs":{"type":"replaced"}},"fullErrorNode":{"tag":"stream:error","attrs":{},"content":[{"tag":"conflict","attrs":{"type":"replaced"}}]},"msg":"stream errored out"}
{"level":30,"time":1774719356128,"pid":70310,"hostname":"Mac.home","trace":"Error: Stream Errored (conflict)\n    at WebSocketClient.<anonymous> (file:///Users/salihozgen/Desktop/psikolog-projesi/node_modules/@whiskeysockets/baileys/lib/Socket/socket.js:780:13)\n    at WebSocketClient.emit (node:events:518:28)\n    at file:///Users/salihozgen/Desktop/psikolog-projesi/node_modules/@whiskeysockets/baileys/lib/Socket/socket.js:464:35\n    at Object.decodeFrame (file:///Users/salihozgen/Desktop/psikolog-projesi/node_modules/@whiskeysockets/baileys/lib/Utils/noise-handler.js:141:17)\n    at process.processTicksAndRejections (node:internal/process/task_queues:105:5)\n    at async WebSocketClient.onMessageReceived (file:///Users/salihozgen/Desktop/psikolog-projesi/node_modules/@whiskeysockets/baileys/lib/Socket/socket.js:441:9)","msg":"connection errored"}
[WhatsApp] Bot süreci başlatılıyor...
{"level":30,"time":1774719361373,"pid":70310,"hostname":"Mac.home","browser":["Ubuntu","Chrome","122.0.0"],"helloMsg":{"clientHello":{"ephemeral":"C4DRqlQyCcRGuS9QqdS5fe4BBTqC+9wwFXeeNhq/jTE="}},"msg":"connected to WA"}
{"level":30,"time":1774719361452,"pid":70310,"hostname":"Mac.home","node":{"username":"905333559848","passive":true,"userAgent":{"platform":"WEB","appVersion":{"primary":2,"secondary":3000,"tertiary":1035194821},"mcc":"000","mnc":"000","osVersion":"0.1","device":"Desktop","osBuildNumber":"0.1","releaseChannel":"RELEASE","localeLanguageIso6391":"en","localeCountryIso31661Alpha2":"US"},"webInfo":{"webSubPlatform":"WEB_BROWSER"},"connectType":"WIFI_UNKNOWN","connectReason":"USER_ACTIVATED","device":2,"pull":true,"lidDbMigrated":false},"msg":"logging in..."}
{"level":30,"time":1774719362182,"pid":70310,"hostname":"Mac.home","msg":"5 pre-keys found on server"}
{"level":30,"time":1774719362182,"pid":70310,"hostname":"Mac.home","msg":"Current prekey ID: 927, exists in storage: true"}
{"level":30,"time":1774719362182,"pid":70310,"hostname":"Mac.home","msg":"Uploading PreKeys due to: server count low (5)"}
{"level":30,"time":1774719362182,"pid":70310,"hostname":"Mac.home","count":5,"retryCount":0,"msg":"uploading pre-keys"}
{"level":30,"time":1774719362782,"pid":70310,"hostname":"Mac.home","count":5,"msg":"uploaded pre-keys successfully"}
{"level":30,"time":1774719362991,"pid":70310,"hostname":"Mac.home","msg":"handled 0 offline messages/notifications"}
{"level":30,"time":1774719362991,"pid":70310,"hostname":"Mac.home","msg":"Connection is now AwaitingInitialSync, buffering events"}
{"level":30,"time":1774719362991,"pid":70310,"hostname":"Mac.home","msg":"History sync is disabled by config, not waiting for notification. Transitioning to Online."}
{"level":30,"time":1774719363018,"pid":70310,"hostname":"Mac.home","msg":"opened connection to WA"}
[WhatsApp] ✅ Bağlantı başarılı!
{"level":40,"time":1774719363019,"pid":70310,"hostname":"Mac.home","msg":"no name present, ignoring presence update request..."}
{"level":30,"time":1774719363020,"pid":70310,"hostname":"Mac.home","myPN":"905333559848:2@s.whatsapp.net","myLID":"129879995613400:2@lid","msg":"Own LID session created successfully"}
{"level":50,"time":1774719367722,"pid":70310,"hostname":"Mac.home","reasonNode":{"tag":"conflict","attrs":{"type":"replaced"}},"fullErrorNode":{"tag":"stream:error","attrs":{},"content":[{"tag":"conflict","attrs":{"type":"replaced"}}]},"msg":"stream errored out"}
{"level":30,"time":1774719367722,"pid":70310,"hostname":"Mac.home","trace":"Error: Stream Errored (conflict)\n    at WebSocketClient.<anonymous> (file:///Users/salihozgen/Desktop/psikolog-projesi/node_modules/@whiskeysockets/baileys/lib/Socket/socket.js:780:13)\n    at WebSocketClient.emit (node:events:518:28)\n    at file:///Users/salihozgen/Desktop/psikolog-projesi/node_modules/@whiskeysockets/baileys/lib/Socket/socket.js:464:35\n    at Object.decodeFrame (file:///Users/salihozgen/Desktop/psikolog-projesi/node_modules/@whiskeysockets/baileys/lib/Utils/noise-handler.js:141:17)\n    at process.processTicksAndRejections (node:internal/process/task_queues:105:5)\n    at async WebSocketClient.onMessageReceived (file:///Users/salihozgen/Desktop/psikolog-projesi/node_modules/@whiskeysockets/baileys/lib/Socket/socket.js:441:9)","msg":"connection errored"}
[WhatsApp] Bot süreci başlatılıyor...
{"level":30,"time":1774719373066,"pid":70310,"hostname":"Mac.home","browser":["Ubuntu","Chrome","122.0.0"],"helloMsg":{"clientHello":{"ephemeral":"dxrD8t1hHJEMZKZsjpPUiYmmSBhtkgOQTORbNl3sXzY="}},"msg":"connected to WA"}
{"level":30,"time":1774719373238,"pid":70310,"hostname":"Mac.home","node":{"username":"905333559848","passive":true,"userAgent":{"platform":"WEB","appVersion":{"primary":2,"secondary":3000,"tertiary":1035194821},"mcc":"000","mnc":"000","osVersion":"0.1","device":"Desktop","osBuildNumber":"0.1","releaseChannel":"RELEASE","localeLanguageIso6391":"en","localeCountryIso31661Alpha2":"US"},"webInfo":{"webSubPlatform":"WEB_BROWSER"},"connectType":"WIFI_UNKNOWN","connectReason":"USER_ACTIVATED","device":2,"pull":true,"lidDbMigrated":false},"msg":"logging in..."}
{"level":30,"time":1774719373639,"pid":70310,"hostname":"Mac.home","msg":"5 pre-keys found on server"}
{"level":30,"time":1774719373639,"pid":70310,"hostname":"Mac.home","msg":"Current prekey ID: 937, exists in storage: true"}
{"level":30,"time":1774719373639,"pid":70310,"hostname":"Mac.home","msg":"Uploading PreKeys due to: server count low (5)"}
{"level":30,"time":1774719373639,"pid":70310,"hostname":"Mac.home","count":5,"retryCount":0,"msg":"uploading pre-keys"}
{"level":30,"time":1774719373942,"pid":70310,"hostname":"Mac.home","count":5,"msg":"uploaded pre-keys successfully"}
{"level":30,"time":1774719374135,"pid":70310,"hostname":"Mac.home","msg":"handled 0 offline messages/notifications"}
{"level":30,"time":1774719374135,"pid":70310,"hostname":"Mac.home","msg":"Connection is now AwaitingInitialSync, buffering events"}
{"level":30,"time":1774719374135,"pid":70310,"hostname":"Mac.home","msg":"History sync is disabled by config, not waiting for notification. Transitioning to Online."}
{"level":30,"time":1774719374309,"pid":70310,"hostname":"Mac.home","msg":"opened connection to WA"}
[WhatsApp] ✅ Bağlantı başarılı!
{"level":40,"time":1774719374311,"pid":70310,"hostname":"Mac.home","msg":"no name present, ignoring presence update request..."}
{"level":30,"time":1774719374314,"pid":70310,"hostname":"Mac.home","myPN":"905333559848:2@s.whatsapp.net","myLID":"129879995613400:2@lid","msg":"Own LID session created successfully"}
{"level":50,"time":1774719379412,"pid":70310,"hostname":"Mac.home","reasonNode":{"tag":"conflict","attrs":{"type":"replaced"}},"fullErrorNode":{"tag":"stream:error","attrs":{},"content":[{"tag":"conflict","attrs":{"type":"replaced"}}]},"msg":"stream errored out"}
{"level":30,"time":1774719379412,"pid":70310,"hostname":"Mac.home","trace":"Error: Stream Errored (conflict)\n    at WebSocketClient.<anonymous> (file:///Users/salihozgen/Desktop/psikolog-projesi/node_modules/@whiskeysockets/baileys/lib/Socket/socket.js:780:13)\n    at WebSocketClient.emit (node:events:518:28)\n    at file:///Users/salihozgen/Desktop/psikolog-projesi/node_modules/@whiskeysockets/baileys/lib/Socket/socket.js:464:35\n    at Object.decodeFrame (file:///Users/salihozgen/Desktop/psikolog-projesi/node_modules/@whiskeysockets/baileys/lib/Utils/noise-handler.js:141:17)\n    at process.processTicksAndRejections (node:internal/process/task_queues:105:5)\n    at async WebSocketClient.onMessageReceived (file:///Users/salihozgen/Desktop/psikolog-projesi/node_modules/@whiskeysockets/baileys/lib/Socket/socket.js:441:9)","msg":"connection errored"}
[WhatsApp] Bot süreci başlatılıyor...
{"level":30,"time":1774719384674,"pid":70310,"hostname":"Mac.home","browser":["Ubuntu","Chrome","122.0.0"],"helloMsg":{"clientHello":{"ephemeral":"sum84WvBBGQXd4HDzabi1ZTqB/ufqemQ0x7BumF0Ugw="}},"msg":"connected to WA"}
{"level":30,"time":1774719384762,"pid":70310,"hostname":"Mac.home","node":{"username":"905333559848","passive":true,"userAgent":{"platform":"WEB","appVersion":{"primary":2,"secondary":3000,"tertiary":1035194821},"mcc":"000","mnc":"000","osVersion":"0.1","device":"Desktop","osBuildNumber":"0.1","releaseChannel":"RELEASE","localeLanguageIso6391":"en","localeCountryIso31661Alpha2":"US"},"webInfo":{"webSubPlatform":"WEB_BROWSER"},"connectType":"WIFI_UNKNOWN","connectReason":"USER_ACTIVATED","device":2,"pull":true,"lidDbMigrated":false},"msg":"logging in..."}
{"level":30,"time":1774719385658,"pid":70310,"hostname":"Mac.home","msg":"5 pre-keys found on server"}
{"level":30,"time":1774719385658,"pid":70310,"hostname":"Mac.home","msg":"Current prekey ID: 947, exists in storage: true"}
{"level":30,"time":1774719385658,"pid":70310,"hostname":"Mac.home","msg":"Uploading PreKeys due to: server count low (5)"}
{"level":30,"time":1774719385658,"pid":70310,"hostname":"Mac.home","count":5,"retryCount":0,"msg":"uploading pre-keys"}
{"level":30,"time":1774719386280,"pid":70310,"hostname":"Mac.home","count":5,"msg":"uploaded pre-keys successfully"}
{"level":30,"time":1774719386474,"pid":70310,"hostname":"Mac.home","msg":"handled 0 offline messages/notifications"}
{"level":30,"time":1774719386474,"pid":70310,"hostname":"Mac.home","msg":"Connection is now AwaitingInitialSync, buffering events"}
{"level":30,"time":1774719386474,"pid":70310,"hostname":"Mac.home","msg":"History sync is disabled by config, not waiting for notification. Transitioning to Online."}
{"level":30,"time":1774719386682,"pid":70310,"hostname":"Mac.home","msg":"opened connection to WA"}
[WhatsApp] ✅ Bağlantı başarılı!
{"level":40,"time":1774719386682,"pid":70310,"hostname":"Mac.home","msg":"no name present, ignoring presence update request..."}
{"level":30,"time":1774719386683,"pid":70310,"hostname":"Mac.home","myPN":"905333559848:2@s.whatsapp.net","myLID":"129879995613400:2@lid","msg":"Own LID session created successfully"}
{"level":50,"time":1774719391018,"pid":70310,"hostname":"Mac.home","reasonNode":{"tag":"conflict","attrs":{"type":"replaced"}},"fullErrorNode":{"tag":"stream:error","attrs":{},"content":[{"tag":"conflict","attrs":{"type":"replaced"}}]},"msg":"stream errored out"}
{"level":30,"time":1774719391019,"pid":70310,"hostname":"Mac.home","trace":"Error: Stream Errored (conflict)\n    at WebSocketClient.<anonymous> (file:///Users/salihozgen/Desktop/psikolog-projesi/node_modules/@whiskeysockets/baileys/lib/Socket/socket.js:780:13)\n    at WebSocketClient.emit (node:events:518:28)\n    at file:///Users/salihozgen/Desktop/psikolog-projesi/node_modules/@whiskeysockets/baileys/lib/Socket/socket.js:464:35\n    at Object.decodeFrame (file:///Users/salihozgen/Desktop/psikolog-projesi/node_modules/@whiskeysockets/baileys/lib/Utils/noise-handler.js:141:17)\n    at process.processTicksAndRejections (node:internal/process/task_queues:105:5)\n    at async WebSocketClient.onMessageReceived (file:///Users/salihozgen/Desktop/psikolog-projesi/node_modules/@whiskeysockets/baileys/lib/Socket/socket.js:441:9)","msg":"connection errored"}
[WhatsApp] Bot süreci başlatılıyor...
{"level":30,"time":1774719396370,"pid":70310,"hostname":"Mac.home","browser":["Ubuntu","Chrome","122.0.0"],"helloMsg":{"clientHello":{"ephemeral":"utTQms48HaV8Xo/9PoF38amytkNDhP34qLaMXhNcqkI="}},"msg":"connected to WA"}
{"level":30,"time":1774719396549,"pid":70310,"hostname":"Mac.home","node":{"username":"905333559848","passive":true,"userAgent":{"platform":"WEB","appVersion":{"primary":2,"secondary":3000,"tertiary":1035194821},"mcc":"000","mnc":"000","osVersion":"0.1","device":"Desktop","osBuildNumber":"0.1","releaseChannel":"RELEASE","localeLanguageIso6391":"en","localeCountryIso31661Alpha2":"US"},"webInfo":{"webSubPlatform":"WEB_BROWSER"},"connectType":"WIFI_UNKNOWN","connectReason":"USER_ACTIVATED","device":2,"pull":true,"lidDbMigrated":false},"msg":"logging in..."}
{"level":30,"time":1774719396960,"pid":70310,"hostname":"Mac.home","msg":"5 pre-keys found on server"}
{"level":30,"time":1774719396960,"pid":70310,"hostname":"Mac.home","msg":"Current prekey ID: 957, exists in storage: true"}
{"level":30,"time":1774719396960,"pid":70310,"hostname":"Mac.home","msg":"Uploading PreKeys due to: server count low (5)"}
{"level":30,"time":1774719396960,"pid":70310,"hostname":"Mac.home","count":5,"retryCount":0,"msg":"uploading pre-keys"}
{"level":30,"time":1774719397264,"pid":70310,"hostname":"Mac.home","count":5,"msg":"uploaded pre-keys successfully"}
{"level":30,"time":1774719397462,"pid":70310,"hostname":"Mac.home","msg":"handled 0 offline messages/notifications"}
{"level":30,"time":1774719397462,"pid":70310,"hostname":"Mac.home","msg":"Connection is now AwaitingInitialSync, buffering events"}
{"level":30,"time":1774719397462,"pid":70310,"hostname":"Mac.home","msg":"History sync is disabled by config, not waiting for notification. Transitioning to Online."}
{"level":30,"time":1774719397639,"pid":70310,"hostname":"Mac.home","msg":"opened connection to WA"}
[WhatsApp] ✅ Bağlantı başarılı!
{"level":40,"time":1774719397640,"pid":70310,"hostname":"Mac.home","msg":"no name present, ignoring presence update request..."}
{"level":30,"time":1774719397641,"pid":70310,"hostname":"Mac.home","myPN":"905333559848:2@s.whatsapp.net","myLID":"129879995613400:2@lid","msg":"Own LID session created successfully"}
{"level":50,"time":1774719402646,"pid":70310,"hostname":"Mac.home","reasonNode":{"tag":"conflict","attrs":{"type":"replaced"}},"fullErrorNode":{"tag":"stream:error","attrs":{},"content":[{"tag":"conflict","attrs":{"type":"replaced"}}]},"msg":"stream errored out"}
{"level":30,"time":1774719402647,"pid":70310,"hostname":"Mac.home","trace":"Error: Stream Errored (conflict)\n    at WebSocketClient.<anonymous> (file:///Users/salihozgen/Desktop/psikolog-projesi/node_modules/@whiskeysockets/baileys/lib/Socket/socket.js:780:13)\n    at WebSocketClient.emit (node:events:518:28)\n    at file:///Users/salihozgen/Desktop/psikolog-projesi/node_modules/@whiskeysockets/baileys/lib/Socket/socket.js:464:35\n    at Object.decodeFrame (file:///Users/salihozgen/Desktop/psikolog-projesi/node_modules/@whiskeysockets/baileys/lib/Utils/noise-handler.js:141:17)\n    at process.processTicksAndRejections (node:internal/process/task_queues:105:5)\n    at async WebSocketClient.onMessageReceived (file:///Users/salihozgen/Desktop/psikolog-projesi/node_modules/@whiskeysockets/baileys/lib/Socket/socket.js:441:9)","msg":"connection errored"}
[WhatsApp] Bot süreci başlatılıyor...
{"level":30,"time":1774719407979,"pid":70310,"hostname":"Mac.home","browser":["Ubuntu","Chrome","122.0.0"],"helloMsg":{"clientHello":{"ephemeral":"T0LaRXsHs88PLBDti5qlJxV/yW8ZPnTbSwt+WTqsgXw="}},"msg":"connected to WA"}
{"level":30,"time":1774719408142,"pid":70310,"hostname":"Mac.home","node":{"username":"905333559848","passive":true,"userAgent":{"platform":"WEB","appVersion":{"primary":2,"secondary":3000,"tertiary":1035194821},"mcc":"000","mnc":"000","osVersion":"0.1","device":"Desktop","osBuildNumber":"0.1","releaseChannel":"RELEASE","localeLanguageIso6391":"en","localeCountryIso31661Alpha2":"US"},"webInfo":{"webSubPlatform":"WEB_BROWSER"},"connectType":"WIFI_UNKNOWN","connectReason":"USER_ACTIVATED","device":2,"pull":true,"lidDbMigrated":false},"msg":"logging in..."}
{"level":30,"time":1774719408461,"pid":70310,"hostname":"Mac.home","msg":"5 pre-keys found on server"}
{"level":30,"time":1774719408461,"pid":70310,"hostname":"Mac.home","msg":"Current prekey ID: 967, exists in storage: true"}
{"level":30,"time":1774719408461,"pid":70310,"hostname":"Mac.home","msg":"Uploading PreKeys due to: server count low (5)"}
{"level":30,"time":1774719408461,"pid":70310,"hostname":"Mac.home","count":5,"retryCount":0,"msg":"uploading pre-keys"}
{"level":30,"time":1774719408658,"pid":70310,"hostname":"Mac.home","count":5,"msg":"uploaded pre-keys successfully"}
{"level":30,"time":1774719408868,"pid":70310,"hostname":"Mac.home","msg":"handled 0 offline messages/notifications"}
{"level":30,"time":1774719408868,"pid":70310,"hostname":"Mac.home","msg":"Connection is now AwaitingInitialSync, buffering events"}
{"level":30,"time":1774719408868,"pid":70310,"hostname":"Mac.home","msg":"History sync is disabled by config, not waiting for notification. Transitioning to Online."}
{"level":30,"time":1774719408973,"pid":70310,"hostname":"Mac.home","msg":"opened connection to WA"}
[WhatsApp] ✅ Bağlantı başarılı!
{"level":40,"time":1774719408975,"pid":70310,"hostname":"Mac.home","msg":"no name present, ignoring presence update request..."}
{"level":30,"time":1774719408979,"pid":70310,"hostname":"Mac.home","myPN":"905333559848:2@s.whatsapp.net","myLID":"129879995613400:2@lid","msg":"Own LID session created successfully"}
{"level":50,"time":1774719414243,"pid":70310,"hostname":"Mac.home","reasonNode":{"tag":"conflict","attrs":{"type":"replaced"}},"fullErrorNode":{"tag":"stream:error","attrs":{},"content":[{"tag":"conflict","attrs":{"type":"replaced"}}]},"msg":"stream errored out"}
{"level":30,"time":1774719414243,"pid":70310,"hostname":"Mac.home","trace":"Error: Stream Errored (conflict)\n    at WebSocketClient.<anonymous> (file:///Users/salihozgen/Desktop/psikolog-projesi/node_modules/@whiskeysockets/baileys/lib/Socket/socket.js:780:13)\n    at WebSocketClient.emit (node:events:518:28)\n    at file:///Users/salihozgen/Desktop/psikolog-projesi/node_modules/@whiskeysockets/baileys/lib/Socket/socket.js:464:35\n    at Object.decodeFrame (file:///Users/salihozgen/Desktop/psikolog-projesi/node_modules/@whiskeysockets/baileys/lib/Utils/noise-handler.js:141:17)\n    at process.processTicksAndRejections (node:internal/process/task_queues:105:5)\n    at async WebSocketClient.onMessageReceived (file:///Users/salihozgen/Desktop/psikolog-projesi/node_modules/@whiskeysockets/baileys/lib/Socket/socket.js:441:9)","msg":"connection errored"}
[WhatsApp] Bot süreci başlatılıyor...
{"level":30,"time":1774719419590,"pid":70310,"hostname":"Mac.home","browser":["Ubuntu","Chrome","122.0.0"],"helloMsg":{"clientHello":{"ephemeral":"rTJb160K+CFNZlrdhoxqyB1DydSOd25/pZ1JFzcOeXo="}},"msg":"connected to WA"}
{"level":30,"time":1774719419751,"pid":70310,"hostname":"Mac.home","node":{"username":"905333559848","passive":true,"userAgent":{"platform":"WEB","appVersion":{"primary":2,"secondary":3000,"tertiary":1035194821},"mcc":"000","mnc":"000","osVersion":"0.1","device":"Desktop","osBuildNumber":"0.1","releaseChannel":"RELEASE","localeLanguageIso6391":"en","localeCountryIso31661Alpha2":"US"},"webInfo":{"webSubPlatform":"WEB_BROWSER"},"connectType":"WIFI_UNKNOWN","connectReason":"USER_ACTIVATED","device":2,"pull":true,"lidDbMigrated":false},"msg":"logging in..."}
{"level":30,"time":1774719420068,"pid":70310,"hostname":"Mac.home","msg":"5 pre-keys found on server"}
{"level":30,"time":1774719420068,"pid":70310,"hostname":"Mac.home","msg":"Current prekey ID: 977, exists in storage: true"}
{"level":30,"time":1774719420068,"pid":70310,"hostname":"Mac.home","msg":"Uploading PreKeys due to: server count low (5)"}
{"level":30,"time":1774719420068,"pid":70310,"hostname":"Mac.home","count":5,"retryCount":0,"msg":"uploading pre-keys"}
{"level":30,"time":1774719420267,"pid":70310,"hostname":"Mac.home","count":5,"msg":"uploaded pre-keys successfully"}
{"level":30,"time":1774719420478,"pid":70310,"hostname":"Mac.home","msg":"handled 0 offline messages/notifications"}
{"level":30,"time":1774719420478,"pid":70310,"hostname":"Mac.home","msg":"Connection is now AwaitingInitialSync, buffering events"}
{"level":30,"time":1774719420478,"pid":70310,"hostname":"Mac.home","msg":"History sync is disabled by config, not waiting for notification. Transitioning to Online."}
{"level":30,"time":1774719420579,"pid":70310,"hostname":"Mac.home","msg":"opened connection to WA"}
[WhatsApp] ✅ Bağlantı başarılı!
{"level":40,"time":1774719420580,"pid":70310,"hostname":"Mac.home","msg":"no name present, ignoring presence update request..."}
{"level":30,"time":1774719420584,"pid":70310,"hostname":"Mac.home","myPN":"905333559848:2@s.whatsapp.net","myLID":"129879995613400:2@lid","msg":"Own LID session created successfully"}
{"level":50,"time":1774719425839,"pid":70310,"hostname":"Mac.home","reasonNode":{"tag":"conflict","attrs":{"type":"replaced"}},"fullErrorNode":{"tag":"stream:error","attrs":{},"content":[{"tag":"conflict","attrs":{"type":"replaced"}}]},"msg":"stream errored out"}
{"level":30,"time":1774719425840,"pid":70310,"hostname":"Mac.home","trace":"Error: Stream Errored (conflict)\n    at WebSocketClient.<anonymous> (file:///Users/salihozgen/Desktop/psikolog-projesi/node_modules/@whiskeysockets/baileys/lib/Socket/socket.js:780:13)\n    at WebSocketClient.emit (node:events:518:28)\n    at file:///Users/salihozgen/Desktop/psikolog-projesi/node_modules/@whiskeysockets/baileys/lib/Socket/socket.js:464:35\n    at Object.decodeFrame (file:///Users/salihozgen/Desktop/psikolog-projesi/node_modules/@whiskeysockets/baileys/lib/Utils/noise-handler.js:141:17)\n    at process.processTicksAndRejections (node:internal/process/task_queues:105:5)\n    at async WebSocketClient.onMessageReceived (file:///Users/salihozgen/Desktop/psikolog-projesi/node_modules/@whiskeysockets/baileys/lib/Socket/socket.js:441:9)","msg":"connection errored"}
[WhatsApp] Bot süreci başlatılıyor...
{"level":30,"time":1774719431175,"pid":70310,"hostname":"Mac.home","browser":["Ubuntu","Chrome","122.0.0"],"helloMsg":{"clientHello":{"ephemeral":"ckoP7iGEG7fgKJ2mExNfLTQ6ePSyITTnz67m3xSCd1o="}},"msg":"connected to WA"}
{"level":30,"time":1774719431351,"pid":70310,"hostname":"Mac.home","node":{"username":"905333559848","passive":true,"userAgent":{"platform":"WEB","appVersion":{"primary":2,"secondary":3000,"tertiary":1035194821},"mcc":"000","mnc":"000","osVersion":"0.1","device":"Desktop","osBuildNumber":"0.1","releaseChannel":"RELEASE","localeLanguageIso6391":"en","localeCountryIso31661Alpha2":"US"},"webInfo":{"webSubPlatform":"WEB_BROWSER"},"connectType":"WIFI_UNKNOWN","connectReason":"USER_ACTIVATED","device":2,"pull":true,"lidDbMigrated":false},"msg":"logging in..."}
{"level":30,"time":1774719431757,"pid":70310,"hostname":"Mac.home","msg":"4 pre-keys found on server"}
{"level":30,"time":1774719431757,"pid":70310,"hostname":"Mac.home","msg":"Current prekey ID: 987, exists in storage: true"}
{"level":30,"time":1774719431757,"pid":70310,"hostname":"Mac.home","msg":"Uploading PreKeys due to: server count low (4)"}
{"level":30,"time":1774719431757,"pid":70310,"hostname":"Mac.home","count":5,"retryCount":0,"msg":"uploading pre-keys"}
{"level":30,"time":1774719432060,"pid":70310,"hostname":"Mac.home","count":5,"msg":"uploaded pre-keys successfully"}
{"level":30,"time":1774719432255,"pid":70310,"hostname":"Mac.home","msg":"handled 0 offline messages/notifications"}
{"level":30,"time":1774719432256,"pid":70310,"hostname":"Mac.home","msg":"Connection is now AwaitingInitialSync, buffering events"}
{"level":30,"time":1774719432256,"pid":70310,"hostname":"Mac.home","msg":"History sync is disabled by config, not waiting for notification. Transitioning to Online."}
{"level":30,"time":1774719432432,"pid":70310,"hostname":"Mac.home","msg":"opened connection to WA"}
[WhatsApp] ✅ Bağlantı başarılı!
{"level":40,"time":1774719432434,"pid":70310,"hostname":"Mac.home","msg":"no name present, ignoring presence update request..."}
{"level":30,"time":1774719432439,"pid":70310,"hostname":"Mac.home","myPN":"905333559848:2@s.whatsapp.net","myLID":"129879995613400:2@lid","msg":"Own LID session created successfully"}
{"level":50,"time":1774719437420,"pid":70310,"hostname":"Mac.home","reasonNode":{"tag":"conflict","attrs":{"type":"replaced"}},"fullErrorNode":{"tag":"stream:error","attrs":{},"content":[{"tag":"conflict","attrs":{"type":"replaced"}}]},"msg":"stream errored out"}
{"level":30,"time":1774719437421,"pid":70310,"hostname":"Mac.home","trace":"Error: Stream Errored (conflict)\n    at WebSocketClient.<anonymous> (file:///Users/salihozgen/Desktop/psikolog-projesi/node_modules/@whiskeysockets/baileys/lib/Socket/socket.js:780:13)\n    at WebSocketClient.emit (node:events:518:28)\n    at file:///Users/salihozgen/Desktop/psikolog-projesi/node_modules/@whiskeysockets/baileys/lib/Socket/socket.js:464:35\n    at Object.decodeFrame (file:///Users/salihozgen/Desktop/psikolog-projesi/node_modules/@whiskeysockets/baileys/lib/Utils/noise-handler.js:141:17)\n    at process.processTicksAndRejections (node:internal/process/task_queues:105:5)\n    at async WebSocketClient.onMessageReceived (file:///Users/salihozgen/Desktop/psikolog-projesi/node_modules/@whiskeysockets/baileys/lib/Socket/socket.js:441:9)","msg":"connection errored"}
[WhatsApp] Bot süreci başlatılıyor...
{"level":30,"time":1774719442788,"pid":70310,"hostname":"Mac.home","browser":["Ubuntu","Chrome","122.0.0"],"helloMsg":{"clientHello":{"ephemeral":"xxqSLnIVfJxKs+1RWNX53gChHK3V6nHckCGYAuTnzkE="}},"msg":"connected to WA"}
{"level":30,"time":1774719442982,"pid":70310,"hostname":"Mac.home","node":{"username":"905333559848","passive":true,"userAgent":{"platform":"WEB","appVersion":{"primary":2,"secondary":3000,"tertiary":1035194821},"mcc":"000","mnc":"000","osVersion":"0.1","device":"Desktop","osBuildNumber":"0.1","releaseChannel":"RELEASE","localeLanguageIso6391":"en","localeCountryIso31661Alpha2":"US"},"webInfo":{"webSubPlatform":"WEB_BROWSER"},"connectType":"WIFI_UNKNOWN","connectReason":"USER_ACTIVATED","device":2,"pull":true,"lidDbMigrated":false},"msg":"logging in..."}
{"level":30,"time":1774719443442,"pid":70310,"hostname":"Mac.home","msg":"5 pre-keys found on server"}
{"level":30,"time":1774719443442,"pid":70310,"hostname":"Mac.home","msg":"Current prekey ID: 997, exists in storage: true"}
{"level":30,"time":1774719443442,"pid":70310,"hostname":"Mac.home","msg":"Uploading PreKeys due to: server count low (5)"}
{"level":30,"time":1774719443442,"pid":70310,"hostname":"Mac.home","count":5,"retryCount":0,"msg":"uploading pre-keys"}
{"level":30,"time":1774719443775,"pid":70310,"hostname":"Mac.home","count":5,"msg":"uploaded pre-keys successfully"}
{"level":30,"time":1774719444008,"pid":70310,"hostname":"Mac.home","msg":"handled 0 offline messages/notifications"}
{"level":30,"time":1774719444008,"pid":70310,"hostname":"Mac.home","msg":"Connection is now AwaitingInitialSync, buffering events"}
{"level":30,"time":1774719444008,"pid":70310,"hostname":"Mac.home","msg":"History sync is disabled by config, not waiting for notification. Transitioning to Online."}
{"level":30,"time":1774719444192,"pid":70310,"hostname":"Mac.home","msg":"opened connection to WA"}
[WhatsApp] ✅ Bağlantı başarılı!
{"level":40,"time":1774719444193,"pid":70310,"hostname":"Mac.home","msg":"no name present, ignoring presence update request..."}
{"level":30,"time":1774719444194,"pid":70310,"hostname":"Mac.home","myPN":"905333559848:2@s.whatsapp.net","myLID":"129879995613400:2@lid","msg":"Own LID session created successfully"}
{"level":50,"time":1774719449218,"pid":70310,"hostname":"Mac.home","reasonNode":{"tag":"conflict","attrs":{"type":"replaced"}},"fullErrorNode":{"tag":"stream:error","attrs":{},"content":[{"tag":"conflict","attrs":{"type":"replaced"}}]},"msg":"stream errored out"}
{"level":30,"time":1774719449218,"pid":70310,"hostname":"Mac.home","trace":"Error: Stream Errored (conflict)\n    at WebSocketClient.<anonymous> (file:///Users/salihozgen/Desktop/psikolog-projesi/node_modules/@whiskeysockets/baileys/lib/Socket/socket.js:780:13)\n    at WebSocketClient.emit (node:events:518:28)\n    at file:///Users/salihozgen/Desktop/psikolog-projesi/node_modules/@whiskeysockets/baileys/lib/Socket/socket.js:464:35\n    at Object.decodeFrame (file:///Users/salihozgen/Desktop/psikolog-projesi/node_modules/@whiskeysockets/baileys/lib/Utils/noise-handler.js:141:17)\n    at process.processTicksAndRejections (node:internal/process/task_queues:105:5)\n    at async WebSocketClient.onMessageReceived (file:///Users/salihozgen/Desktop/psikolog-projesi/node_modules/@whiskeysockets/baileys/lib/Socket/socket.js:441:9)","msg":"connection errored"}
[WhatsApp] Bot süreci başlatılıyor...
{"level":30,"time":1774719454471,"pid":70310,"hostname":"Mac.home","browser":["Ubuntu","Chrome","122.0.0"],"helloMsg":{"clientHello":{"ephemeral":"LBOhHHSeaDZCuOBHfVmvOgoogdyhZdX7TPivX/2VijA="}},"msg":"connected to WA"}
{"level":30,"time":1774719454548,"pid":70310,"hostname":"Mac.home","node":{"username":"905333559848","passive":true,"userAgent":{"platform":"WEB","appVersion":{"primary":2,"secondary":3000,"tertiary":1035194821},"mcc":"000","mnc":"000","osVersion":"0.1","device":"Desktop","osBuildNumber":"0.1","releaseChannel":"RELEASE","localeLanguageIso6391":"en","localeCountryIso31661Alpha2":"US"},"webInfo":{"webSubPlatform":"WEB_BROWSER"},"connectType":"WIFI_UNKNOWN","connectReason":"USER_ACTIVATED","device":2,"pull":true,"lidDbMigrated":false},"msg":"logging in..."}
{"level":30,"time":1774719455251,"pid":70310,"hostname":"Mac.home","msg":"5 pre-keys found on server"}
{"level":30,"time":1774719455251,"pid":70310,"hostname":"Mac.home","msg":"Current prekey ID: 1007, exists in storage: true"}
{"level":30,"time":1774719455251,"pid":70310,"hostname":"Mac.home","msg":"Uploading PreKeys due to: server count low (5)"}
{"level":30,"time":1774719455251,"pid":70310,"hostname":"Mac.home","count":5,"retryCount":0,"msg":"uploading pre-keys"}
{"level":30,"time":1774719455658,"pid":70310,"hostname":"Mac.home","count":5,"msg":"uploaded pre-keys successfully"}
{"level":30,"time":1774719455866,"pid":70310,"hostname":"Mac.home","msg":"handled 0 offline messages/notifications"}
{"level":30,"time":1774719455866,"pid":70310,"hostname":"Mac.home","msg":"Connection is now AwaitingInitialSync, buffering events"}
{"level":30,"time":1774719455866,"pid":70310,"hostname":"Mac.home","msg":"History sync is disabled by config, not waiting for notification. Transitioning to Online."}
{"level":30,"time":1774719455900,"pid":70310,"hostname":"Mac.home","msg":"opened connection to WA"}
[WhatsApp] ✅ Bağlantı başarılı!
{"level":40,"time":1774719455901,"pid":70310,"hostname":"Mac.home","msg":"no name present, ignoring presence update request..."}
{"level":30,"time":1774719455902,"pid":70310,"hostname":"Mac.home","myPN":"905333559848:2@s.whatsapp.net","myLID":"129879995613400:2@lid","msg":"Own LID session created successfully"}
{"level":50,"time":1774719460503,"pid":70310,"hostname":"Mac.home","reasonNode":{"tag":"conflict","attrs":{"type":"replaced"}},"fullErrorNode":{"tag":"stream:error","attrs":{},"content":[{"tag":"conflict","attrs":{"type":"replaced"}}]},"msg":"stream errored out"}
{"level":30,"time":1774719460503,"pid":70310,"hostname":"Mac.home","trace":"Error: Stream Errored (conflict)\n    at WebSocketClient.<anonymous> (file:///Users/salihozgen/Desktop/psikolog-projesi/node_modules/@whiskeysockets/baileys/lib/Socket/socket.js:780:13)\n    at WebSocketClient.emit (node:events:518:28)\n    at file:///Users/salihozgen/Desktop/psikolog-projesi/node_modules/@whiskeysockets/baileys/lib/Socket/socket.js:464:35\n    at Object.decodeFrame (file:///Users/salihozgen/Desktop/psikolog-projesi/node_modules/@whiskeysockets/baileys/lib/Utils/noise-handler.js:141:17)\n    at process.processTicksAndRejections (node:internal/process/task_queues:105:5)\n    at async WebSocketClient.onMessageReceived (file:///Users/salihozgen/Desktop/psikolog-projesi/node_modules/@whiskeysockets/baileys/lib/Socket/socket.js:441:9)","msg":"connection errored"}
[WhatsApp] Bot süreci başlatılıyor...
{"level":30,"time":1774719465883,"pid":70310,"hostname":"Mac.home","browser":["Ubuntu","Chrome","122.0.0"],"helloMsg":{"clientHello":{"ephemeral":"reJ8lcReMrbaRcFOPLYh4f2vhcwSx2my2s3PuMvVLhI="}},"msg":"connected to WA"}
{"level":30,"time":1774719466093,"pid":70310,"hostname":"Mac.home","node":{"username":"905333559848","passive":true,"userAgent":{"platform":"WEB","appVersion":{"primary":2,"secondary":3000,"tertiary":1035194821},"mcc":"000","mnc":"000","osVersion":"0.1","device":"Desktop","osBuildNumber":"0.1","releaseChannel":"RELEASE","localeLanguageIso6391":"en","localeCountryIso31661Alpha2":"US"},"webInfo":{"webSubPlatform":"WEB_BROWSER"},"connectType":"WIFI_UNKNOWN","connectReason":"USER_ACTIVATED","device":2,"pull":true,"lidDbMigrated":false},"msg":"logging in..."}
{"level":30,"time":1774719466623,"pid":70310,"hostname":"Mac.home","msg":"5 pre-keys found on server"}
{"level":30,"time":1774719466623,"pid":70310,"hostname":"Mac.home","msg":"Current prekey ID: 1017, exists in storage: true"}
{"level":30,"time":1774719466623,"pid":70310,"hostname":"Mac.home","msg":"Uploading PreKeys due to: server count low (5)"}
{"level":30,"time":1774719466623,"pid":70310,"hostname":"Mac.home","count":5,"retryCount":0,"msg":"uploading pre-keys"}
{"level":30,"time":1774719467163,"pid":70310,"hostname":"Mac.home","count":5,"msg":"uploaded pre-keys successfully"}
{"level":30,"time":1774719467430,"pid":70310,"hostname":"Mac.home","msg":"handled 0 offline messages/notifications"}
{"level":30,"time":1774719467430,"pid":70310,"hostname":"Mac.home","msg":"Connection is now AwaitingInitialSync, buffering events"}
{"level":30,"time":1774719467430,"pid":70310,"hostname":"Mac.home","msg":"History sync is disabled by config, not waiting for notification. Transitioning to Online."}
{"level":30,"time":1774719467628,"pid":70310,"hostname":"Mac.home","msg":"opened connection to WA"}
[WhatsApp] ✅ Bağlantı başarılı!
{"level":40,"time":1774719467628,"pid":70310,"hostname":"Mac.home","msg":"no name present, ignoring presence update request..."}
{"level":30,"time":1774719467629,"pid":70310,"hostname":"Mac.home","myPN":"905333559848:2@s.whatsapp.net","myLID":"129879995613400:2@lid","msg":"Own LID session created successfully"}
{"level":50,"time":1774719472267,"pid":70310,"hostname":"Mac.home","reasonNode":{"tag":"conflict","attrs":{"type":"replaced"}},"fullErrorNode":{"tag":"stream:error","attrs":{},"content":[{"tag":"conflict","attrs":{"type":"replaced"}}]},"msg":"stream errored out"}
{"level":30,"time":1774719472268,"pid":70310,"hostname":"Mac.home","trace":"Error: Stream Errored (conflict)\n    at WebSocketClient.<anonymous> (file:///Users/salihozgen/Desktop/psikolog-projesi/node_modules/@whiskeysockets/baileys/lib/Socket/socket.js:780:13)\n    at WebSocketClient.emit (node:events:518:28)\n    at file:///Users/salihozgen/Desktop/psikolog-projesi/node_modules/@whiskeysockets/baileys/lib/Socket/socket.js:464:35\n    at Object.decodeFrame (file:///Users/salihozgen/Desktop/psikolog-projesi/node_modules/@whiskeysockets/baileys/lib/Utils/noise-handler.js:141:17)\n    at process.processTicksAndRejections (node:internal/process/task_queues:105:5)\n    at async WebSocketClient.onMessageReceived (file:///Users/salihozgen/Desktop/psikolog-projesi/node_modules/@whiskeysockets/baileys/lib/Socket/socket.js:441:9)","msg":"connection errored"}
[WhatsApp] Bot süreci başlatılıyor...
{"level":30,"time":1774719477636,"pid":70310,"hostname":"Mac.home","browser":["Ubuntu","Chrome","122.0.0"],"helloMsg":{"clientHello":{"ephemeral":"Y2xoI1Q9H5DE0HocPR9n+3Da9ywLsYiFAUxrwc5ExAQ="}},"msg":"connected to WA"}
{"level":30,"time":1774719477834,"pid":70310,"hostname":"Mac.home","node":{"username":"905333559848","passive":true,"userAgent":{"platform":"WEB","appVersion":{"primary":2,"secondary":3000,"tertiary":1035194821},"mcc":"000","mnc":"000","osVersion":"0.1","device":"Desktop","osBuildNumber":"0.1","releaseChannel":"RELEASE","localeLanguageIso6391":"en","localeCountryIso31661Alpha2":"US"},"webInfo":{"webSubPlatform":"WEB_BROWSER"},"connectType":"WIFI_UNKNOWN","connectReason":"USER_ACTIVATED","device":2,"pull":true,"lidDbMigrated":false},"msg":"logging in..."}
{"level":30,"time":1774719478313,"pid":70310,"hostname":"Mac.home","msg":"5 pre-keys found on server"}
{"level":30,"time":1774719478313,"pid":70310,"hostname":"Mac.home","msg":"Current prekey ID: 1027, exists in storage: true"}
{"level":30,"time":1774719478313,"pid":70310,"hostname":"Mac.home","msg":"Uploading PreKeys due to: server count low (5)"}
{"level":30,"time":1774719478313,"pid":70310,"hostname":"Mac.home","count":5,"retryCount":0,"msg":"uploading pre-keys"}
{"level":30,"time":1774719478665,"pid":70310,"hostname":"Mac.home","count":5,"msg":"uploaded pre-keys successfully"}
{"level":30,"time":1774719478902,"pid":70310,"hostname":"Mac.home","msg":"handled 0 offline messages/notifications"}
{"level":30,"time":1774719478903,"pid":70310,"hostname":"Mac.home","msg":"Connection is now AwaitingInitialSync, buffering events"}
{"level":30,"time":1774719478903,"pid":70310,"hostname":"Mac.home","msg":"History sync is disabled by config, not waiting for notification. Transitioning to Online."}
{"level":30,"time":1774719479089,"pid":70310,"hostname":"Mac.home","msg":"opened connection to WA"}
[WhatsApp] ✅ Bağlantı başarılı!
{"level":40,"time":1774719479092,"pid":70310,"hostname":"Mac.home","msg":"no name present, ignoring presence update request..."}
{"level":30,"time":1774719479097,"pid":70310,"hostname":"Mac.home","myPN":"905333559848:2@s.whatsapp.net","myLID":"129879995613400:2@lid","msg":"Own LID session created successfully"}
{"level":50,"time":1774719483857,"pid":70310,"hostname":"Mac.home","reasonNode":{"tag":"conflict","attrs":{"type":"replaced"}},"fullErrorNode":{"tag":"stream:error","attrs":{},"content":[{"tag":"conflict","attrs":{"type":"replaced"}}]},"msg":"stream errored out"}
{"level":30,"time":1774719483857,"pid":70310,"hostname":"Mac.home","trace":"Error: Stream Errored (conflict)\n    at WebSocketClient.<anonymous> (file:///Users/salihozgen/Desktop/psikolog-projesi/node_modules/@whiskeysockets/baileys/lib/Socket/socket.js:780:13)\n    at WebSocketClient.emit (node:events:518:28)\n    at file:///Users/salihozgen/Desktop/psikolog-projesi/node_modules/@whiskeysockets/baileys/lib/Socket/socket.js:464:35\n    at Object.decodeFrame (file:///Users/salihozgen/Desktop/psikolog-projesi/node_modules/@whiskeysockets/baileys/lib/Utils/noise-handler.js:141:17)\n    at process.processTicksAndRejections (node:internal/process/task_queues:105:5)\n    at async WebSocketClient.onMessageReceived (file:///Users/salihozgen/Desktop/psikolog-projesi/node_modules/@whiskeysockets/baileys/lib/Socket/socket.js:441:9)","msg":"connection errored"}
[WhatsApp] Bot süreci başlatılıyor...
{"level":30,"time":1774719489112,"pid":70310,"hostname":"Mac.home","browser":["Ubuntu","Chrome","122.0.0"],"helloMsg":{"clientHello":{"ephemeral":"g7cwn4RdXh7r9M3Gl/xLxiafAFkZv3qF4gLtxKpTgCs="}},"msg":"connected to WA"}
{"level":30,"time":1774719489197,"pid":70310,"hostname":"Mac.home","node":{"username":"905333559848","passive":true,"userAgent":{"platform":"WEB","appVersion":{"primary":2,"secondary":3000,"tertiary":1035194821},"mcc":"000","mnc":"000","osVersion":"0.1","device":"Desktop","osBuildNumber":"0.1","releaseChannel":"RELEASE","localeLanguageIso6391":"en","localeCountryIso31661Alpha2":"US"},"webInfo":{"webSubPlatform":"WEB_BROWSER"},"connectType":"WIFI_UNKNOWN","connectReason":"USER_ACTIVATED","device":2,"pull":true,"lidDbMigrated":false},"msg":"logging in..."}
{"level":30,"time":1774719489732,"pid":70310,"hostname":"Mac.home","msg":"5 pre-keys found on server"}
{"level":30,"time":1774719489732,"pid":70310,"hostname":"Mac.home","msg":"Current prekey ID: 1037, exists in storage: true"}
{"level":30,"time":1774719489732,"pid":70310,"hostname":"Mac.home","msg":"Uploading PreKeys due to: server count low (5)"}
{"level":30,"time":1774719489732,"pid":70310,"hostname":"Mac.home","count":5,"retryCount":0,"msg":"uploading pre-keys"}
{"level":30,"time":1774719490307,"pid":70310,"hostname":"Mac.home","count":5,"msg":"uploaded pre-keys successfully"}
{"level":30,"time":1774719490514,"pid":70310,"hostname":"Mac.home","msg":"handled 0 offline messages/notifications"}
{"level":30,"time":1774719490514,"pid":70310,"hostname":"Mac.home","msg":"Connection is now AwaitingInitialSync, buffering events"}
{"level":30,"time":1774719490514,"pid":70310,"hostname":"Mac.home","msg":"History sync is disabled by config, not waiting for notification. Transitioning to Online."}
{"level":30,"time":1774719490718,"pid":70310,"hostname":"Mac.home","msg":"opened connection to WA"}
[WhatsApp] ✅ Bağlantı başarılı!
{"level":40,"time":1774719490720,"pid":70310,"hostname":"Mac.home","msg":"no name present, ignoring presence update request..."}
{"level":30,"time":1774719490724,"pid":70310,"hostname":"Mac.home","myPN":"905333559848:2@s.whatsapp.net","myLID":"129879995613400:2@lid","msg":"Own LID session created successfully"}
{"level":50,"time":1774719495160,"pid":70310,"hostname":"Mac.home","reasonNode":{"tag":"conflict","attrs":{"type":"replaced"}},"fullErrorNode":{"tag":"stream:error","attrs":{},"content":[{"tag":"conflict","attrs":{"type":"replaced"}}]},"msg":"stream errored out"}
{"level":30,"time":1774719495160,"pid":70310,"hostname":"Mac.home","trace":"Error: Stream Errored (conflict)\n    at WebSocketClient.<anonymous> (file:///Users/salihozgen/Desktop/psikolog-projesi/node_modules/@whiskeysockets/baileys/lib/Socket/socket.js:780:13)\n    at WebSocketClient.emit (node:events:518:28)\n    at file:///Users/salihozgen/Desktop/psikolog-projesi/node_modules/@whiskeysockets/baileys/lib/Socket/socket.js:464:35\n    at Object.decodeFrame (file:///Users/salihozgen/Desktop/psikolog-projesi/node_modules/@whiskeysockets/baileys/lib/Utils/noise-handler.js:141:17)\n    at process.processTicksAndRejections (node:internal/process/task_queues:105:5)\n    at async WebSocketClient.onMessageReceived (file:///Users/salihozgen/Desktop/psikolog-projesi/node_modules/@whiskeysockets/baileys/lib/Socket/socket.js:441:9)","msg":"connection errored"}
[WhatsApp] Bot süreci başlatılıyor...
{"level":30,"time":1774719500546,"pid":70310,"hostname":"Mac.home","browser":["Ubuntu","Chrome","122.0.0"],"helloMsg":{"clientHello":{"ephemeral":"O6OT9JcbFq9T4ALlMAY0bwqm5RRXc/Z9zIcW3KlW2gI="}},"msg":"connected to WA"}
{"level":30,"time":1774719500759,"pid":70310,"hostname":"Mac.home","node":{"username":"905333559848","passive":true,"userAgent":{"platform":"WEB","appVersion":{"primary":2,"secondary":3000,"tertiary":1035194821},"mcc":"000","mnc":"000","osVersion":"0.1","device":"Desktop","osBuildNumber":"0.1","releaseChannel":"RELEASE","localeLanguageIso6391":"en","localeCountryIso31661Alpha2":"US"},"webInfo":{"webSubPlatform":"WEB_BROWSER"},"connectType":"WIFI_UNKNOWN","connectReason":"USER_ACTIVATED","device":2,"pull":true,"lidDbMigrated":false},"msg":"logging in..."}
{"level":30,"time":1774719501295,"pid":70310,"hostname":"Mac.home","msg":"5 pre-keys found on server"}
{"level":30,"time":1774719501296,"pid":70310,"hostname":"Mac.home","msg":"Current prekey ID: 1047, exists in storage: true"}
{"level":30,"time":1774719501296,"pid":70310,"hostname":"Mac.home","msg":"Uploading PreKeys due to: server count low (5)"}
{"level":30,"time":1774719501296,"pid":70310,"hostname":"Mac.home","count":5,"retryCount":0,"msg":"uploading pre-keys"}
{"level":30,"time":1774719501717,"pid":70310,"hostname":"Mac.home","count":5,"msg":"uploaded pre-keys successfully"}
{"level":30,"time":1774719501989,"pid":70310,"hostname":"Mac.home","msg":"handled 0 offline messages/notifications"}
{"level":30,"time":1774719501989,"pid":70310,"hostname":"Mac.home","msg":"Connection is now AwaitingInitialSync, buffering events"}
{"level":30,"time":1774719501989,"pid":70310,"hostname":"Mac.home","msg":"History sync is disabled by config, not waiting for notification. Transitioning to Online."}
{"level":30,"time":1774719502195,"pid":70310,"hostname":"Mac.home","msg":"opened connection to WA"}
[WhatsApp] ✅ Bağlantı başarılı!
{"level":40,"time":1774719502197,"pid":70310,"hostname":"Mac.home","msg":"no name present, ignoring presence update request..."}
{"level":30,"time":1774719502205,"pid":70310,"hostname":"Mac.home","myPN":"905333559848:2@s.whatsapp.net","myLID":"129879995613400:2@lid","msg":"Own LID session created successfully"}
{"level":50,"time":1774719507114,"pid":70310,"hostname":"Mac.home","reasonNode":{"tag":"conflict","attrs":{"type":"replaced"}},"fullErrorNode":{"tag":"stream:error","attrs":{},"content":[{"tag":"conflict","attrs":{"type":"replaced"}}]},"msg":"stream errored out"}
{"level":30,"time":1774719507114,"pid":70310,"hostname":"Mac.home","trace":"Error: Stream Errored (conflict)\n    at WebSocketClient.<anonymous> (file:///Users/salihozgen/Desktop/psikolog-projesi/node_modules/@whiskeysockets/baileys/lib/Socket/socket.js:780:13)\n    at WebSocketClient.emit (node:events:518:28)\n    at file:///Users/salihozgen/Desktop/psikolog-projesi/node_modules/@whiskeysockets/baileys/lib/Socket/socket.js:464:35\n    at Object.decodeFrame (file:///Users/salihozgen/Desktop/psikolog-projesi/node_modules/@whiskeysockets/baileys/lib/Utils/noise-handler.js:141:17)\n    at process.processTicksAndRejections (node:internal/process/task_queues:105:5)\n    at async WebSocketClient.onMessageReceived (file:///Users/salihozgen/Desktop/psikolog-projesi/node_modules/@whiskeysockets/baileys/lib/Socket/socket.js:441:9)","msg":"connection errored"}
[WhatsApp] Bot süreci başlatılıyor...
{"level":30,"time":1774719512385,"pid":70310,"hostname":"Mac.home","browser":["Ubuntu","Chrome","122.0.0"],"helloMsg":{"clientHello":{"ephemeral":"Es6TFe2BMguFw7gaXCpfNSSUcqWJ/3RALqH4U43FGAc="}},"msg":"connected to WA"}
{"level":30,"time":1774719512472,"pid":70310,"hostname":"Mac.home","node":{"username":"905333559848","passive":true,"userAgent":{"platform":"WEB","appVersion":{"primary":2,"secondary":3000,"tertiary":1035194821},"mcc":"000","mnc":"000","osVersion":"0.1","device":"Desktop","osBuildNumber":"0.1","releaseChannel":"RELEASE","localeLanguageIso6391":"en","localeCountryIso31661Alpha2":"US"},"webInfo":{"webSubPlatform":"WEB_BROWSER"},"connectType":"WIFI_UNKNOWN","connectReason":"USER_ACTIVATED","device":2,"pull":true,"lidDbMigrated":false},"msg":"logging in..."}
{"level":30,"time":1774719513148,"pid":70310,"hostname":"Mac.home","msg":"5 pre-keys found on server"}
{"level":30,"time":1774719513148,"pid":70310,"hostname":"Mac.home","msg":"Current prekey ID: 1057, exists in storage: true"}
{"level":30,"time":1774719513148,"pid":70310,"hostname":"Mac.home","msg":"Uploading PreKeys due to: server count low (5)"}
{"level":30,"time":1774719513148,"pid":70310,"hostname":"Mac.home","count":5,"retryCount":0,"msg":"uploading pre-keys"}
{"level":30,"time":1774719513721,"pid":70310,"hostname":"Mac.home","count":5,"msg":"uploaded pre-keys successfully"}
{"level":30,"time":1774719513920,"pid":70310,"hostname":"Mac.home","msg":"handled 0 offline messages/notifications"}
{"level":30,"time":1774719513921,"pid":70310,"hostname":"Mac.home","msg":"Connection is now AwaitingInitialSync, buffering events"}
{"level":30,"time":1774719513921,"pid":70310,"hostname":"Mac.home","msg":"History sync is disabled by config, not waiting for notification. Transitioning to Online."}
{"level":30,"time":1774719513961,"pid":70310,"hostname":"Mac.home","msg":"opened connection to WA"}
[WhatsApp] ✅ Bağlantı başarılı!
{"level":40,"time":1774719513963,"pid":70310,"hostname":"Mac.home","msg":"no name present, ignoring presence update request..."}
{"level":30,"time":1774719513967,"pid":70310,"hostname":"Mac.home","myPN":"905333559848:2@s.whatsapp.net","myLID":"129879995613400:2@lid","msg":"Own LID session created successfully"}
{"level":50,"time":1774719518663,"pid":70310,"hostname":"Mac.home","reasonNode":{"tag":"conflict","attrs":{"type":"replaced"}},"fullErrorNode":{"tag":"stream:error","attrs":{},"content":[{"tag":"conflict","attrs":{"type":"replaced"}}]},"msg":"stream errored out"}
{"level":30,"time":1774719518663,"pid":70310,"hostname":"Mac.home","trace":"Error: Stream Errored (conflict)\n    at WebSocketClient.<anonymous> (file:///Users/salihozgen/Desktop/psikolog-projesi/node_modules/@whiskeysockets/baileys/lib/Socket/socket.js:780:13)\n    at WebSocketClient.emit (node:events:518:28)\n    at file:///Users/salihozgen/Desktop/psikolog-projesi/node_modules/@whiskeysockets/baileys/lib/Socket/socket.js:464:35\n    at Object.decodeFrame (file:///Users/salihozgen/Desktop/psikolog-projesi/node_modules/@whiskeysockets/baileys/lib/Utils/noise-handler.js:141:17)\n    at process.processTicksAndRejections (node:internal/process/task_queues:105:5)\n    at async WebSocketClient.onMessageReceived (file:///Users/salihozgen/Desktop/psikolog-projesi/node_modules/@whiskeysockets/baileys/lib/Socket/socket.js:441:9)","msg":"connection errored"}
[WhatsApp] Bot süreci başlatılıyor...
{"level":30,"time":1774719523999,"pid":70310,"hostname":"Mac.home","browser":["Ubuntu","Chrome","122.0.0"],"helloMsg":{"clientHello":{"ephemeral":"b3Jkv7DUdd9ANVuFH0blqAs50wpwWv0Lx4F8kicc/w4="}},"msg":"connected to WA"}
{"level":30,"time":1774719524158,"pid":70310,"hostname":"Mac.home","node":{"username":"905333559848","passive":true,"userAgent":{"platform":"WEB","appVersion":{"primary":2,"secondary":3000,"tertiary":1035194821},"mcc":"000","mnc":"000","osVersion":"0.1","device":"Desktop","osBuildNumber":"0.1","releaseChannel":"RELEASE","localeLanguageIso6391":"en","localeCountryIso31661Alpha2":"US"},"webInfo":{"webSubPlatform":"WEB_BROWSER"},"connectType":"WIFI_UNKNOWN","connectReason":"USER_ACTIVATED","device":2,"pull":true,"lidDbMigrated":false},"msg":"logging in..."}
{"level":30,"time":1774719524475,"pid":70310,"hostname":"Mac.home","msg":"5 pre-keys found on server"}
{"level":30,"time":1774719524475,"pid":70310,"hostname":"Mac.home","msg":"Current prekey ID: 1067, exists in storage: true"}
{"level":30,"time":1774719524475,"pid":70310,"hostname":"Mac.home","msg":"Uploading PreKeys due to: server count low (5)"}
{"level":30,"time":1774719524476,"pid":70310,"hostname":"Mac.home","count":5,"retryCount":0,"msg":"uploading pre-keys"}
{"level":30,"time":1774719524671,"pid":70310,"hostname":"Mac.home","count":5,"msg":"uploaded pre-keys successfully"}
{"level":30,"time":1774719524879,"pid":70310,"hostname":"Mac.home","msg":"handled 0 offline messages/notifications"}
{"level":30,"time":1774719524879,"pid":70310,"hostname":"Mac.home","msg":"Connection is now AwaitingInitialSync, buffering events"}
{"level":30,"time":1774719524879,"pid":70310,"hostname":"Mac.home","msg":"History sync is disabled by config, not waiting for notification. Transitioning to Online."}
{"level":30,"time":1774719524982,"pid":70310,"hostname":"Mac.home","msg":"opened connection to WA"}
[WhatsApp] ✅ Bağlantı başarılı!
{"level":40,"time":1774719524984,"pid":70310,"hostname":"Mac.home","msg":"no name present, ignoring presence update request..."}
{"level":30,"time":1774719524987,"pid":70310,"hostname":"Mac.home","myPN":"905333559848:2@s.whatsapp.net","myLID":"129879995613400:2@lid","msg":"Own LID session created successfully"}
{"level":50,"time":1774719530073,"pid":70310,"hostname":"Mac.home","reasonNode":{"tag":"conflict","attrs":{"type":"replaced"}},"fullErrorNode":{"tag":"stream:error","attrs":{},"content":[{"tag":"conflict","attrs":{"type":"replaced"}}]},"msg":"stream errored out"}
{"level":30,"time":1774719530074,"pid":70310,"hostname":"Mac.home","trace":"Error: Stream Errored (conflict)\n    at WebSocketClient.<anonymous> (file:///Users/salihozgen/Desktop/psikolog-projesi/node_modules/@whiskeysockets/baileys/lib/Socket/socket.js:780:13)\n    at WebSocketClient.emit (node:events:518:28)\n    at file:///Users/salihozgen/Desktop/psikolog-projesi/node_modules/@whiskeysockets/baileys/lib/Socket/socket.js:464:35\n    at Object.decodeFrame (file:///Users/salihozgen/Desktop/psikolog-projesi/node_modules/@whiskeysockets/baileys/lib/Utils/noise-handler.js:141:17)\n    at process.processTicksAndRejections (node:internal/process/task_queues:105:5)\n    at async WebSocketClient.onMessageReceived (file:///Users/salihozgen/Desktop/psikolog-projesi/node_modules/@whiskeysockets/baileys/lib/Socket/socket.js:441:9)","msg":"connection errored"}
[WhatsApp] Bot süreci başlatılıyor...
{"level":30,"time":1774719535444,"pid":70310,"hostname":"Mac.home","browser":["Ubuntu","Chrome","122.0.0"],"helloMsg":{"clientHello":{"ephemeral":"xiVLhE3mRhAQ2UIcX2Yh10VEcePuP9eIqr1W2d6/6Ds="}},"msg":"connected to WA"}
{"level":30,"time":1774719535533,"pid":70310,"hostname":"Mac.home","node":{"username":"905333559848","passive":true,"userAgent":{"platform":"WEB","appVersion":{"primary":2,"secondary":3000,"tertiary":1035194821},"mcc":"000","mnc":"000","osVersion":"0.1","device":"Desktop","osBuildNumber":"0.1","releaseChannel":"RELEASE","localeLanguageIso6391":"en","localeCountryIso31661Alpha2":"US"},"webInfo":{"webSubPlatform":"WEB_BROWSER"},"connectType":"WIFI_UNKNOWN","connectReason":"USER_ACTIVATED","device":2,"pull":true,"lidDbMigrated":false},"msg":"logging in..."}
{"level":30,"time":1774719536175,"pid":70310,"hostname":"Mac.home","msg":"5 pre-keys found on server"}
{"level":30,"time":1774719536175,"pid":70310,"hostname":"Mac.home","msg":"Current prekey ID: 1077, exists in storage: true"}
{"level":30,"time":1774719536175,"pid":70310,"hostname":"Mac.home","msg":"Uploading PreKeys due to: server count low (5)"}
{"level":30,"time":1774719536175,"pid":70310,"hostname":"Mac.home","count":5,"retryCount":0,"msg":"uploading pre-keys"}
{"level":30,"time":1774719536735,"pid":70310,"hostname":"Mac.home","count":5,"msg":"uploaded pre-keys successfully"}
{"level":30,"time":1774719536937,"pid":70310,"hostname":"Mac.home","msg":"handled 0 offline messages/notifications"}
{"level":30,"time":1774719536937,"pid":70310,"hostname":"Mac.home","msg":"Connection is now AwaitingInitialSync, buffering events"}
{"level":30,"time":1774719536937,"pid":70310,"hostname":"Mac.home","msg":"History sync is disabled by config, not waiting for notification. Transitioning to Online."}
{"level":30,"time":1774719537166,"pid":70310,"hostname":"Mac.home","msg":"opened connection to WA"}
[WhatsApp] ✅ Bağlantı başarılı!
{"level":40,"time":1774719537167,"pid":70310,"hostname":"Mac.home","msg":"no name present, ignoring presence update request..."}
{"level":30,"time":1774719537170,"pid":70310,"hostname":"Mac.home","myPN":"905333559848:2@s.whatsapp.net","myLID":"129879995613400:2@lid","msg":"Own LID session created successfully"}
{"level":50,"time":1774719541417,"pid":70310,"hostname":"Mac.home","reasonNode":{"tag":"conflict","attrs":{"type":"replaced"}},"fullErrorNode":{"tag":"stream:error","attrs":{},"content":[{"tag":"conflict","attrs":{"type":"replaced"}}]},"msg":"stream errored out"}
{"level":30,"time":1774719541417,"pid":70310,"hostname":"Mac.home","trace":"Error: Stream Errored (conflict)\n    at WebSocketClient.<anonymous> (file:///Users/salihozgen/Desktop/psikolog-projesi/node_modules/@whiskeysockets/baileys/lib/Socket/socket.js:780:13)\n    at WebSocketClient.emit (node:events:518:28)\n    at file:///Users/salihozgen/Desktop/psikolog-projesi/node_modules/@whiskeysockets/baileys/lib/Socket/socket.js:464:35\n    at Object.decodeFrame (file:///Users/salihozgen/Desktop/psikolog-projesi/node_modules/@whiskeysockets/baileys/lib/Utils/noise-handler.js:141:17)\n    at process.processTicksAndRejections (node:internal/process/task_queues:105:5)\n    at async WebSocketClient.onMessageReceived (file:///Users/salihozgen/Desktop/psikolog-projesi/node_modules/@whiskeysockets/baileys/lib/Socket/socket.js:441:9)","msg":"connection errored"}
[WhatsApp] Bot süreci başlatılıyor...
{"level":30,"time":1774719546765,"pid":70310,"hostname":"Mac.home","browser":["Ubuntu","Chrome","122.0.0"],"helloMsg":{"clientHello":{"ephemeral":"PoBGo2kFV++E9AD8m/10SuJx4iaZ1pvj8aGhJb6HwVM="}},"msg":"connected to WA"}
{"level":30,"time":1774719546937,"pid":70310,"hostname":"Mac.home","node":{"username":"905333559848","passive":true,"userAgent":{"platform":"WEB","appVersion":{"primary":2,"secondary":3000,"tertiary":1035194821},"mcc":"000","mnc":"000","osVersion":"0.1","device":"Desktop","osBuildNumber":"0.1","releaseChannel":"RELEASE","localeLanguageIso6391":"en","localeCountryIso31661Alpha2":"US"},"webInfo":{"webSubPlatform":"WEB_BROWSER"},"connectType":"WIFI_UNKNOWN","connectReason":"USER_ACTIVATED","device":2,"pull":true,"lidDbMigrated":false},"msg":"logging in..."}
{"level":30,"time":1774719547334,"pid":70310,"hostname":"Mac.home","msg":"5 pre-keys found on server"}
{"level":30,"time":1774719547334,"pid":70310,"hostname":"Mac.home","msg":"Current prekey ID: 1087, exists in storage: true"}
{"level":30,"time":1774719547334,"pid":70310,"hostname":"Mac.home","msg":"Uploading PreKeys due to: server count low (5)"}
{"level":30,"time":1774719547334,"pid":70310,"hostname":"Mac.home","count":5,"retryCount":0,"msg":"uploading pre-keys"}
{"level":30,"time":1774719547631,"pid":70310,"hostname":"Mac.home","count":5,"msg":"uploaded pre-keys successfully"}
{"level":30,"time":1774719547823,"pid":70310,"hostname":"Mac.home","msg":"handled 0 offline messages/notifications"}
{"level":30,"time":1774719547823,"pid":70310,"hostname":"Mac.home","msg":"Connection is now AwaitingInitialSync, buffering events"}
{"level":30,"time":1774719547823,"pid":70310,"hostname":"Mac.home","msg":"History sync is disabled by config, not waiting for notification. Transitioning to Online."}
{"level":30,"time":1774719548020,"pid":70310,"hostname":"Mac.home","msg":"opened connection to WA"}
[WhatsApp] ✅ Bağlantı başarılı!
{"level":40,"time":1774719548021,"pid":70310,"hostname":"Mac.home","msg":"no name present, ignoring presence update request..."}
{"level":30,"time":1774719548025,"pid":70310,"hostname":"Mac.home","myPN":"905333559848:2@s.whatsapp.net","myLID":"129879995613400:2@lid","msg":"Own LID session created successfully"}
{"level":50,"time":1774719552883,"pid":70310,"hostname":"Mac.home","reasonNode":{"tag":"conflict","attrs":{"type":"replaced"}},"fullErrorNode":{"tag":"stream:error","attrs":{},"content":[{"tag":"conflict","attrs":{"type":"replaced"}}]},"msg":"stream errored out"}
{"level":30,"time":1774719552883,"pid":70310,"hostname":"Mac.home","trace":"Error: Stream Errored (conflict)\n    at WebSocketClient.<anonymous> (file:///Users/salihozgen/Desktop/psikolog-projesi/node_modules/@whiskeysockets/baileys/lib/Socket/socket.js:780:13)\n    at WebSocketClient.emit (node:events:518:28)\n    at file:///Users/salihozgen/Desktop/psikolog-projesi/node_modules/@whiskeysockets/baileys/lib/Socket/socket.js:464:35\n    at Object.decodeFrame (file:///Users/salihozgen/Desktop/psikolog-projesi/node_modules/@whiskeysockets/baileys/lib/Utils/noise-handler.js:141:17)\n    at process.processTicksAndRejections (node:internal/process/task_queues:105:5)\n    at async WebSocketClient.onMessageReceived (file:///Users/salihozgen/Desktop/psikolog-projesi/node_modules/@whiskeysockets/baileys/lib/Socket/socket.js:441:9)","msg":"connection errored"}
[WhatsApp] Bot süreci başlatılıyor...
{"level":30,"time":1774719558229,"pid":70310,"hostname":"Mac.home","browser":["Ubuntu","Chrome","122.0.0"],"helloMsg":{"clientHello":{"ephemeral":"O6jmuejdHe2jY82JhoFnZimFc3UBQVgH24oNasJsJzE="}},"msg":"connected to WA"}
{"level":30,"time":1774719558405,"pid":70310,"hostname":"Mac.home","node":{"username":"905333559848","passive":true,"userAgent":{"platform":"WEB","appVersion":{"primary":2,"secondary":3000,"tertiary":1035194821},"mcc":"000","mnc":"000","osVersion":"0.1","device":"Desktop","osBuildNumber":"0.1","releaseChannel":"RELEASE","localeLanguageIso6391":"en","localeCountryIso31661Alpha2":"US"},"webInfo":{"webSubPlatform":"WEB_BROWSER"},"connectType":"WIFI_UNKNOWN","connectReason":"USER_ACTIVATED","device":2,"pull":true,"lidDbMigrated":false},"msg":"logging in..."}
{"level":30,"time":1774719558824,"pid":70310,"hostname":"Mac.home","msg":"5 pre-keys found on server"}
{"level":30,"time":1774719558824,"pid":70310,"hostname":"Mac.home","msg":"Current prekey ID: 1097, exists in storage: true"}
{"level":30,"time":1774719558824,"pid":70310,"hostname":"Mac.home","msg":"Uploading PreKeys due to: server count low (5)"}
{"level":30,"time":1774719558824,"pid":70310,"hostname":"Mac.home","count":5,"retryCount":0,"msg":"uploading pre-keys"}
{"level":30,"time":1774719559123,"pid":70310,"hostname":"Mac.home","count":5,"msg":"uploaded pre-keys successfully"}
{"level":30,"time":1774719559316,"pid":70310,"hostname":"Mac.home","msg":"handled 0 offline messages/notifications"}
{"level":30,"time":1774719559316,"pid":70310,"hostname":"Mac.home","msg":"Connection is now AwaitingInitialSync, buffering events"}
{"level":30,"time":1774719559316,"pid":70310,"hostname":"Mac.home","msg":"History sync is disabled by config, not waiting for notification. Transitioning to Online."}
{"level":30,"time":1774719559494,"pid":70310,"hostname":"Mac.home","msg":"opened connection to WA"}
[WhatsApp] ✅ Bağlantı başarılı!
{"level":40,"time":1774719559496,"pid":70310,"hostname":"Mac.home","msg":"no name present, ignoring presence update request..."}
{"level":30,"time":1774719559500,"pid":70310,"hostname":"Mac.home","myPN":"905333559848:2@s.whatsapp.net","myLID":"129879995613400:2@lid","msg":"Own LID session created successfully"}
{"level":50,"time":1774719564956,"pid":70310,"hostname":"Mac.home","reasonNode":{"tag":"conflict","attrs":{"type":"replaced"}},"fullErrorNode":{"tag":"stream:error","attrs":{},"content":[{"tag":"conflict","attrs":{"type":"replaced"}}]},"msg":"stream errored out"}
{"level":30,"time":1774719564956,"pid":70310,"hostname":"Mac.home","trace":"Error: Stream Errored (conflict)\n    at WebSocketClient.<anonymous> (file:///Users/salihozgen/Desktop/psikolog-projesi/node_modules/@whiskeysockets/baileys/lib/Socket/socket.js:780:13)\n    at WebSocketClient.emit (node:events:518:28)\n    at file:///Users/salihozgen/Desktop/psikolog-projesi/node_modules/@whiskeysockets/baileys/lib/Socket/socket.js:464:35\n    at Object.decodeFrame (file:///Users/salihozgen/Desktop/psikolog-projesi/node_modules/@whiskeysockets/baileys/lib/Utils/noise-handler.js:141:17)\n    at process.processTicksAndRejections (node:internal/process/task_queues:105:5)\n    at async WebSocketClient.onMessageReceived (file:///Users/salihozgen/Desktop/psikolog-projesi/node_modules/@whiskeysockets/baileys/lib/Socket/socket.js:441:9)","msg":"connection errored"}
[WhatsApp] Bot süreci başlatılıyor...
{"level":30,"time":1774719570328,"pid":70310,"hostname":"Mac.home","browser":["Ubuntu","Chrome","122.0.0"],"helloMsg":{"clientHello":{"ephemeral":"t0y/TJ87YrjwOZnmU6Ll62HUqMzoOglCfotbPLy8JjQ="}},"msg":"connected to WA"}
{"level":30,"time":1774719570525,"pid":70310,"hostname":"Mac.home","node":{"username":"905333559848","passive":true,"userAgent":{"platform":"WEB","appVersion":{"primary":2,"secondary":3000,"tertiary":1035194821},"mcc":"000","mnc":"000","osVersion":"0.1","device":"Desktop","osBuildNumber":"0.1","releaseChannel":"RELEASE","localeLanguageIso6391":"en","localeCountryIso31661Alpha2":"US"},"webInfo":{"webSubPlatform":"WEB_BROWSER"},"connectType":"WIFI_UNKNOWN","connectReason":"USER_ACTIVATED","device":2,"pull":true,"lidDbMigrated":false},"msg":"logging in..."}
{"level":30,"time":1774719570997,"pid":70310,"hostname":"Mac.home","msg":"5 pre-keys found on server"}
{"level":30,"time":1774719570997,"pid":70310,"hostname":"Mac.home","msg":"Current prekey ID: 1107, exists in storage: true"}
{"level":30,"time":1774719570997,"pid":70310,"hostname":"Mac.home","msg":"Uploading PreKeys due to: server count low (5)"}
{"level":30,"time":1774719570997,"pid":70310,"hostname":"Mac.home","count":5,"retryCount":0,"msg":"uploading pre-keys"}
{"level":30,"time":1774719571343,"pid":70310,"hostname":"Mac.home","count":5,"msg":"uploaded pre-keys successfully"}
{"level":30,"time":1774719571579,"pid":70310,"hostname":"Mac.home","msg":"handled 0 offline messages/notifications"}
{"level":30,"time":1774719571579,"pid":70310,"hostname":"Mac.home","msg":"Connection is now AwaitingInitialSync, buffering events"}
{"level":30,"time":1774719571579,"pid":70310,"hostname":"Mac.home","msg":"History sync is disabled by config, not waiting for notification. Transitioning to Online."}
{"level":30,"time":1774719571767,"pid":70310,"hostname":"Mac.home","msg":"opened connection to WA"}
[WhatsApp] ✅ Bağlantı başarılı!
{"level":40,"time":1774719571768,"pid":70310,"hostname":"Mac.home","msg":"no name present, ignoring presence update request..."}
{"level":30,"time":1774719571772,"pid":70310,"hostname":"Mac.home","myPN":"905333559848:2@s.whatsapp.net","myLID":"129879995613400:2@lid","msg":"Own LID session created successfully"}
{"level":50,"time":1774719576745,"pid":70310,"hostname":"Mac.home","reasonNode":{"tag":"conflict","attrs":{"type":"replaced"}},"fullErrorNode":{"tag":"stream:error","attrs":{},"content":[{"tag":"conflict","attrs":{"type":"replaced"}}]},"msg":"stream errored out"}
{"level":30,"time":1774719576745,"pid":70310,"hostname":"Mac.home","trace":"Error: Stream Errored (conflict)\n    at WebSocketClient.<anonymous> (file:///Users/salihozgen/Desktop/psikolog-projesi/node_modules/@whiskeysockets/baileys/lib/Socket/socket.js:780:13)\n    at WebSocketClient.emit (node:events:518:28)\n    at file:///Users/salihozgen/Desktop/psikolog-projesi/node_modules/@whiskeysockets/baileys/lib/Socket/socket.js:464:35\n    at Object.decodeFrame (file:///Users/salihozgen/Desktop/psikolog-projesi/node_modules/@whiskeysockets/baileys/lib/Utils/noise-handler.js:141:17)\n    at process.processTicksAndRejections (node:internal/process/task_queues:105:5)\n    at async WebSocketClient.onMessageReceived (file:///Users/salihozgen/Desktop/psikolog-projesi/node_modules/@whiskeysockets/baileys/lib/Socket/socket.js:441:9)","msg":"connection errored"}
[WhatsApp] Bot süreci başlatılıyor...
{"level":30,"time":1774719582096,"pid":70310,"hostname":"Mac.home","browser":["Ubuntu","Chrome","122.0.0"],"helloMsg":{"clientHello":{"ephemeral":"gfTbfR6L06AOExL9CYOQo51F3N/rbSxsHdJ9N74MiGs="}},"msg":"connected to WA"}
{"level":30,"time":1774719582268,"pid":70310,"hostname":"Mac.home","node":{"username":"905333559848","passive":true,"userAgent":{"platform":"WEB","appVersion":{"primary":2,"secondary":3000,"tertiary":1035194821},"mcc":"000","mnc":"000","osVersion":"0.1","device":"Desktop","osBuildNumber":"0.1","releaseChannel":"RELEASE","localeLanguageIso6391":"en","localeCountryIso31661Alpha2":"US"},"webInfo":{"webSubPlatform":"WEB_BROWSER"},"connectType":"WIFI_UNKNOWN","connectReason":"USER_ACTIVATED","device":2,"pull":true,"lidDbMigrated":false},"msg":"logging in..."}
{"level":30,"time":1774719582703,"pid":70310,"hostname":"Mac.home","msg":"5 pre-keys found on server"}
{"level":30,"time":1774719582703,"pid":70310,"hostname":"Mac.home","msg":"Current prekey ID: 1117, exists in storage: true"}
{"level":30,"time":1774719582703,"pid":70310,"hostname":"Mac.home","msg":"Uploading PreKeys due to: server count low (5)"}
{"level":30,"time":1774719582703,"pid":70310,"hostname":"Mac.home","count":5,"retryCount":0,"msg":"uploading pre-keys"}
{"level":30,"time":1774719582996,"pid":70310,"hostname":"Mac.home","count":5,"msg":"uploaded pre-keys successfully"}
{"level":30,"time":1774719583185,"pid":70310,"hostname":"Mac.home","msg":"handled 0 offline messages/notifications"}
{"level":30,"time":1774719583185,"pid":70310,"hostname":"Mac.home","msg":"Connection is now AwaitingInitialSync, buffering events"}
{"level":30,"time":1774719583186,"pid":70310,"hostname":"Mac.home","msg":"History sync is disabled by config, not waiting for notification. Transitioning to Online."}
{"level":30,"time":1774719583353,"pid":70310,"hostname":"Mac.home","msg":"opened connection to WA"}
[WhatsApp] ✅ Bağlantı başarılı!
{"level":40,"time":1774719583354,"pid":70310,"hostname":"Mac.home","msg":"no name present, ignoring presence update request..."}
{"level":30,"time":1774719583358,"pid":70310,"hostname":"Mac.home","myPN":"905333559848:2@s.whatsapp.net","myLID":"129879995613400:2@lid","msg":"Own LID session created successfully"}
{"level":50,"time":1774719588545,"pid":70310,"hostname":"Mac.home","reasonNode":{"tag":"conflict","attrs":{"type":"replaced"}},"fullErrorNode":{"tag":"stream:error","attrs":{},"content":[{"tag":"conflict","attrs":{"type":"replaced"}}]},"msg":"stream errored out"}
{"level":30,"time":1774719588545,"pid":70310,"hostname":"Mac.home","trace":"Error: Stream Errored (conflict)\n    at WebSocketClient.<anonymous> (file:///Users/salihozgen/Desktop/psikolog-projesi/node_modules/@whiskeysockets/baileys/lib/Socket/socket.js:780:13)\n    at WebSocketClient.emit (node:events:518:28)\n    at file:///Users/salihozgen/Desktop/psikolog-projesi/node_modules/@whiskeysockets/baileys/lib/Socket/socket.js:464:35\n    at Object.decodeFrame (file:///Users/salihozgen/Desktop/psikolog-projesi/node_modules/@whiskeysockets/baileys/lib/Utils/noise-handler.js:141:17)\n    at process.processTicksAndRejections (node:internal/process/task_queues:105:5)\n    at async WebSocketClient.onMessageReceived (file:///Users/salihozgen/Desktop/psikolog-projesi/node_modules/@whiskeysockets/baileys/lib/Socket/socket.js:441:9)","msg":"connection errored"}
[WhatsApp] Bot süreci başlatılıyor...
{"level":30,"time":1774719593889,"pid":70310,"hostname":"Mac.home","browser":["Ubuntu","Chrome","122.0.0"],"helloMsg":{"clientHello":{"ephemeral":"J+kGiUd/TEXIJuGLEAICIRfLmX+k1encaKm/aSL/wmE="}},"msg":"connected to WA"}
{"level":30,"time":1774719594060,"pid":70310,"hostname":"Mac.home","node":{"username":"905333559848","passive":true,"userAgent":{"platform":"WEB","appVersion":{"primary":2,"secondary":3000,"tertiary":1035194821},"mcc":"000","mnc":"000","osVersion":"0.1","device":"Desktop","osBuildNumber":"0.1","releaseChannel":"RELEASE","localeLanguageIso6391":"en","localeCountryIso31661Alpha2":"US"},"webInfo":{"webSubPlatform":"WEB_BROWSER"},"connectType":"WIFI_UNKNOWN","connectReason":"USER_ACTIVATED","device":2,"pull":true,"lidDbMigrated":false},"msg":"logging in..."}
{"level":30,"time":1774719594457,"pid":70310,"hostname":"Mac.home","msg":"5 pre-keys found on server"}
{"level":30,"time":1774719594457,"pid":70310,"hostname":"Mac.home","msg":"Current prekey ID: 1127, exists in storage: true"}
{"level":30,"time":1774719594457,"pid":70310,"hostname":"Mac.home","msg":"Uploading PreKeys due to: server count low (5)"}
{"level":30,"time":1774719594457,"pid":70310,"hostname":"Mac.home","count":5,"retryCount":0,"msg":"uploading pre-keys"}
{"level":30,"time":1774719594746,"pid":70310,"hostname":"Mac.home","count":5,"msg":"uploaded pre-keys successfully"}
{"level":30,"time":1774719594937,"pid":70310,"hostname":"Mac.home","msg":"handled 0 offline messages/notifications"}
{"level":30,"time":1774719594937,"pid":70310,"hostname":"Mac.home","msg":"Connection is now AwaitingInitialSync, buffering events"}
{"level":30,"time":1774719594937,"pid":70310,"hostname":"Mac.home","msg":"History sync is disabled by config, not waiting for notification. Transitioning to Online."}
{"level":30,"time":1774719595108,"pid":70310,"hostname":"Mac.home","msg":"opened connection to WA"}
[WhatsApp] ✅ Bağlantı başarılı!
{"level":40,"time":1774719595110,"pid":70310,"hostname":"Mac.home","msg":"no name present, ignoring presence update request..."}
{"level":30,"time":1774719595116,"pid":70310,"hostname":"Mac.home","myPN":"905333559848:2@s.whatsapp.net","myLID":"129879995613400:2@lid","msg":"Own LID session created successfully"}
{"level":50,"time":1774719600363,"pid":70310,"hostname":"Mac.home","reasonNode":{"tag":"conflict","attrs":{"type":"replaced"}},"fullErrorNode":{"tag":"stream:error","attrs":{},"content":[{"tag":"conflict","attrs":{"type":"replaced"}}]},"msg":"stream errored out"}
{"level":30,"time":1774719600363,"pid":70310,"hostname":"Mac.home","trace":"Error: Stream Errored (conflict)\n    at WebSocketClient.<anonymous> (file:///Users/salihozgen/Desktop/psikolog-projesi/node_modules/@whiskeysockets/baileys/lib/Socket/socket.js:780:13)\n    at WebSocketClient.emit (node:events:518:28)\n    at file:///Users/salihozgen/Desktop/psikolog-projesi/node_modules/@whiskeysockets/baileys/lib/Socket/socket.js:464:35\n    at Object.decodeFrame (file:///Users/salihozgen/Desktop/psikolog-projesi/node_modules/@whiskeysockets/baileys/lib/Utils/noise-handler.js:141:17)\n    at process.processTicksAndRejections (node:internal/process/task_queues:105:5)\n    at async WebSocketClient.onMessageReceived (file:///Users/salihozgen/Desktop/psikolog-projesi/node_modules/@whiskeysockets/baileys/lib/Socket/socket.js:441:9)","msg":"connection errored"}
[WhatsApp] Bot süreci başlatılıyor...
{"level":30,"time":1774719605757,"pid":70310,"hostname":"Mac.home","browser":["Ubuntu","Chrome","122.0.0"],"helloMsg":{"clientHello":{"ephemeral":"00H1lbEodcGuii+KA6fYSp+5sxCHu4bqmmTP145uA2o="}},"msg":"connected to WA"}
{"level":30,"time":1774719605974,"pid":70310,"hostname":"Mac.home","node":{"username":"905333559848","passive":true,"userAgent":{"platform":"WEB","appVersion":{"primary":2,"secondary":3000,"tertiary":1035194821},"mcc":"000","mnc":"000","osVersion":"0.1","device":"Desktop","osBuildNumber":"0.1","releaseChannel":"RELEASE","localeLanguageIso6391":"en","localeCountryIso31661Alpha2":"US"},"webInfo":{"webSubPlatform":"WEB_BROWSER"},"connectType":"WIFI_UNKNOWN","connectReason":"USER_ACTIVATED","device":2,"pull":true,"lidDbMigrated":false},"msg":"logging in..."}
{"level":30,"time":1774719606534,"pid":70310,"hostname":"Mac.home","msg":"5 pre-keys found on server"}
{"level":30,"time":1774719606534,"pid":70310,"hostname":"Mac.home","msg":"Current prekey ID: 1137, exists in storage: true"}
{"level":30,"time":1774719606534,"pid":70310,"hostname":"Mac.home","msg":"Uploading PreKeys due to: server count low (5)"}
{"level":30,"time":1774719606534,"pid":70310,"hostname":"Mac.home","count":5,"retryCount":0,"msg":"uploading pre-keys"}
{"level":30,"time":1774719606960,"pid":70310,"hostname":"Mac.home","count":5,"msg":"uploaded pre-keys successfully"}
{"level":30,"time":1774719607230,"pid":70310,"hostname":"Mac.home","msg":"handled 0 offline messages/notifications"}
{"level":30,"time":1774719607230,"pid":70310,"hostname":"Mac.home","msg":"Connection is now AwaitingInitialSync, buffering events"}
{"level":30,"time":1774719607230,"pid":70310,"hostname":"Mac.home","msg":"History sync is disabled by config, not waiting for notification. Transitioning to Online."}
{"level":30,"time":1774719607436,"pid":70310,"hostname":"Mac.home","msg":"opened connection to WA"}
[WhatsApp] ✅ Bağlantı başarılı!
{"level":40,"time":1774719607436,"pid":70310,"hostname":"Mac.home","msg":"no name present, ignoring presence update request..."}
{"level":30,"time":1774719607438,"pid":70310,"hostname":"Mac.home","myPN":"905333559848:2@s.whatsapp.net","myLID":"129879995613400:2@lid","msg":"Own LID session created successfully"}
{"level":50,"time":1774719612180,"pid":70310,"hostname":"Mac.home","reasonNode":{"tag":"conflict","attrs":{"type":"replaced"}},"fullErrorNode":{"tag":"stream:error","attrs":{},"content":[{"tag":"conflict","attrs":{"type":"replaced"}}]},"msg":"stream errored out"}
{"level":30,"time":1774719612180,"pid":70310,"hostname":"Mac.home","trace":"Error: Stream Errored (conflict)\n    at WebSocketClient.<anonymous> (file:///Users/salihozgen/Desktop/psikolog-projesi/node_modules/@whiskeysockets/baileys/lib/Socket/socket.js:780:13)\n    at WebSocketClient.emit (node:events:518:28)\n    at file:///Users/salihozgen/Desktop/psikolog-projesi/node_modules/@whiskeysockets/baileys/lib/Socket/socket.js:464:35\n    at Object.decodeFrame (file:///Users/salihozgen/Desktop/psikolog-projesi/node_modules/@whiskeysockets/baileys/lib/Utils/noise-handler.js:141:17)\n    at process.processTicksAndRejections (node:internal/process/task_queues:105:5)\n    at async WebSocketClient.onMessageReceived (file:///Users/salihozgen/Desktop/psikolog-projesi/node_modules/@whiskeysockets/baileys/lib/Socket/socket.js:441:9)","msg":"connection errored"}
[WhatsApp] Bot süreci başlatılıyor...
{"level":30,"time":1774719617446,"pid":70310,"hostname":"Mac.home","browser":["Ubuntu","Chrome","122.0.0"],"helloMsg":{"clientHello":{"ephemeral":"PO4QufYZMvvWfvNgcT5YtZ9sXGpLwtjX0u0ekXgrZQM="}},"msg":"connected to WA"}
{"level":30,"time":1774719617545,"pid":70310,"hostname":"Mac.home","node":{"username":"905333559848","passive":true,"userAgent":{"platform":"WEB","appVersion":{"primary":2,"secondary":3000,"tertiary":1035194821},"mcc":"000","mnc":"000","osVersion":"0.1","device":"Desktop","osBuildNumber":"0.1","releaseChannel":"RELEASE","localeLanguageIso6391":"en","localeCountryIso31661Alpha2":"US"},"webInfo":{"webSubPlatform":"WEB_BROWSER"},"connectType":"WIFI_UNKNOWN","connectReason":"USER_ACTIVATED","device":2,"pull":true,"lidDbMigrated":false},"msg":"logging in..."}
{"level":30,"time":1774719618158,"pid":70310,"hostname":"Mac.home","msg":"5 pre-keys found on server"}
{"level":30,"time":1774719618158,"pid":70310,"hostname":"Mac.home","msg":"Current prekey ID: 1147, exists in storage: true"}
{"level":30,"time":1774719618158,"pid":70310,"hostname":"Mac.home","msg":"Uploading PreKeys due to: server count low (5)"}
{"level":30,"time":1774719618158,"pid":70310,"hostname":"Mac.home","count":5,"retryCount":0,"msg":"uploading pre-keys"}
{"level":30,"time":1774719618647,"pid":70310,"hostname":"Mac.home","count":5,"msg":"uploaded pre-keys successfully"}
{"level":30,"time":1774719618888,"pid":70310,"hostname":"Mac.home","msg":"handled 0 offline messages/notifications"}
{"level":30,"time":1774719618888,"pid":70310,"hostname":"Mac.home","msg":"Connection is now AwaitingInitialSync, buffering events"}
{"level":30,"time":1774719618888,"pid":70310,"hostname":"Mac.home","msg":"History sync is disabled by config, not waiting for notification. Transitioning to Online."}
{"level":30,"time":1774719618956,"pid":70310,"hostname":"Mac.home","msg":"opened connection to WA"}
[WhatsApp] ✅ Bağlantı başarılı!
{"level":40,"time":1774719618958,"pid":70310,"hostname":"Mac.home","msg":"no name present, ignoring presence update request..."}
{"level":30,"time":1774719618962,"pid":70310,"hostname":"Mac.home","myPN":"905333559848:2@s.whatsapp.net","myLID":"129879995613400:2@lid","msg":"Own LID session created successfully"}
{"level":50,"time":1774719623452,"pid":70310,"hostname":"Mac.home","reasonNode":{"tag":"conflict","attrs":{"type":"replaced"}},"fullErrorNode":{"tag":"stream:error","attrs":{},"content":[{"tag":"conflict","attrs":{"type":"replaced"}}]},"msg":"stream errored out"}
{"level":30,"time":1774719623452,"pid":70310,"hostname":"Mac.home","trace":"Error: Stream Errored (conflict)\n    at WebSocketClient.<anonymous> (file:///Users/salihozgen/Desktop/psikolog-projesi/node_modules/@whiskeysockets/baileys/lib/Socket/socket.js:780:13)\n    at WebSocketClient.emit (node:events:518:28)\n    at file:///Users/salihozgen/Desktop/psikolog-projesi/node_modules/@whiskeysockets/baileys/lib/Socket/socket.js:464:35\n    at Object.decodeFrame (file:///Users/salihozgen/Desktop/psikolog-projesi/node_modules/@whiskeysockets/baileys/lib/Utils/noise-handler.js:141:17)\n    at process.processTicksAndRejections (node:internal/process/task_queues:105:5)\n    at async WebSocketClient.onMessageReceived (file:///Users/salihozgen/Desktop/psikolog-projesi/node_modules/@whiskeysockets/baileys/lib/Socket/socket.js:441:9)","msg":"connection errored"}
[WhatsApp] Bot süreci başlatılıyor...
{"level":30,"time":1774719628823,"pid":70310,"hostname":"Mac.home","browser":["Ubuntu","Chrome","122.0.0"],"helloMsg":{"clientHello":{"ephemeral":"CAy2upPpO6tsVwhwiTePQUFEHD6HRhCPb8i7Kgzyywg="}},"msg":"connected to WA"}
{"level":30,"time":1774719628908,"pid":70310,"hostname":"Mac.home","node":{"username":"905333559848","passive":true,"userAgent":{"platform":"WEB","appVersion":{"primary":2,"secondary":3000,"tertiary":1035194821},"mcc":"000","mnc":"000","osVersion":"0.1","device":"Desktop","osBuildNumber":"0.1","releaseChannel":"RELEASE","localeLanguageIso6391":"en","localeCountryIso31661Alpha2":"US"},"webInfo":{"webSubPlatform":"WEB_BROWSER"},"connectType":"WIFI_UNKNOWN","connectReason":"USER_ACTIVATED","device":2,"pull":true,"lidDbMigrated":false},"msg":"logging in..."}
{"level":30,"time":1774719629594,"pid":70310,"hostname":"Mac.home","msg":"5 pre-keys found on server"}
{"level":30,"time":1774719629594,"pid":70310,"hostname":"Mac.home","msg":"Current prekey ID: 1157, exists in storage: true"}
{"level":30,"time":1774719629594,"pid":70310,"hostname":"Mac.home","msg":"Uploading PreKeys due to: server count low (5)"}
{"level":30,"time":1774719629594,"pid":70310,"hostname":"Mac.home","count":5,"retryCount":0,"msg":"uploading pre-keys"}
{"level":30,"time":1774719630000,"pid":70310,"hostname":"Mac.home","count":5,"msg":"uploaded pre-keys successfully"}
{"level":30,"time":1774719630195,"pid":70310,"hostname":"Mac.home","msg":"handled 0 offline messages/notifications"}
{"level":30,"time":1774719630195,"pid":70310,"hostname":"Mac.home","msg":"Connection is now AwaitingInitialSync, buffering events"}
{"level":30,"time":1774719630195,"pid":70310,"hostname":"Mac.home","msg":"History sync is disabled by config, not waiting for notification. Transitioning to Online."}
{"level":30,"time":1774719630248,"pid":70310,"hostname":"Mac.home","msg":"opened connection to WA"}
[WhatsApp] ✅ Bağlantı başarılı!
{"level":40,"time":1774719630250,"pid":70310,"hostname":"Mac.home","msg":"no name present, ignoring presence update request..."}
{"level":30,"time":1774719630256,"pid":70310,"hostname":"Mac.home","myPN":"905333559848:2@s.whatsapp.net","myLID":"129879995613400:2@lid","msg":"Own LID session created successfully"}
{"level":50,"time":1774719634747,"pid":70310,"hostname":"Mac.home","reasonNode":{"tag":"conflict","attrs":{"type":"replaced"}},"fullErrorNode":{"tag":"stream:error","attrs":{},"content":[{"tag":"conflict","attrs":{"type":"replaced"}}]},"msg":"stream errored out"}
{"level":30,"time":1774719634748,"pid":70310,"hostname":"Mac.home","trace":"Error: Stream Errored (conflict)\n    at WebSocketClient.<anonymous> (file:///Users/salihozgen/Desktop/psikolog-projesi/node_modules/@whiskeysockets/baileys/lib/Socket/socket.js:780:13)\n    at WebSocketClient.emit (node:events:518:28)\n    at file:///Users/salihozgen/Desktop/psikolog-projesi/node_modules/@whiskeysockets/baileys/lib/Socket/socket.js:464:35\n    at Object.decodeFrame (file:///Users/salihozgen/Desktop/psikolog-projesi/node_modules/@whiskeysockets/baileys/lib/Utils/noise-handler.js:141:17)\n    at process.processTicksAndRejections (node:internal/process/task_queues:105:5)\n    at async WebSocketClient.onMessageReceived (file:///Users/salihozgen/Desktop/psikolog-projesi/node_modules/@whiskeysockets/baileys/lib/Socket/socket.js:441:9)","msg":"connection errored"}
[WhatsApp] Bot süreci başlatılıyor...
{"level":30,"time":1774719640008,"pid":70310,"hostname":"Mac.home","browser":["Ubuntu","Chrome","122.0.0"],"helloMsg":{"clientHello":{"ephemeral":"bJBoWM5mHqsIdbqOncU5sBL9aurmcGPaDSD6VUBdnmk="}},"msg":"connected to WA"}
{"level":30,"time":1774719640101,"pid":70310,"hostname":"Mac.home","node":{"username":"905333559848","passive":true,"userAgent":{"platform":"WEB","appVersion":{"primary":2,"secondary":3000,"tertiary":1035194821},"mcc":"000","mnc":"000","osVersion":"0.1","device":"Desktop","osBuildNumber":"0.1","releaseChannel":"RELEASE","localeLanguageIso6391":"en","localeCountryIso31661Alpha2":"US"},"webInfo":{"webSubPlatform":"WEB_BROWSER"},"connectType":"WIFI_UNKNOWN","connectReason":"USER_ACTIVATED","device":2,"pull":true,"lidDbMigrated":false},"msg":"logging in..."}
{"level":30,"time":1774719640744,"pid":70310,"hostname":"Mac.home","msg":"5 pre-keys found on server"}
{"level":30,"time":1774719640744,"pid":70310,"hostname":"Mac.home","msg":"Current prekey ID: 1167, exists in storage: true"}
{"level":30,"time":1774719640744,"pid":70310,"hostname":"Mac.home","msg":"Uploading PreKeys due to: server count low (5)"}
{"level":30,"time":1774719640744,"pid":70310,"hostname":"Mac.home","count":5,"retryCount":0,"msg":"uploading pre-keys"}
{"level":30,"time":1774719641459,"pid":70310,"hostname":"Mac.home","count":5,"msg":"uploaded pre-keys successfully"}
{"level":30,"time":1774719641706,"pid":70310,"hostname":"Mac.home","msg":"handled 0 offline messages/notifications"}
{"level":30,"time":1774719641707,"pid":70310,"hostname":"Mac.home","msg":"Connection is now AwaitingInitialSync, buffering events"}
{"level":30,"time":1774719641707,"pid":70310,"hostname":"Mac.home","msg":"History sync is disabled by config, not waiting for notification. Transitioning to Online."}
{"level":30,"time":1774719641996,"pid":70310,"hostname":"Mac.home","msg":"opened connection to WA"}
[WhatsApp] ✅ Bağlantı başarılı!
{"level":40,"time":1774719642000,"pid":70310,"hostname":"Mac.home","msg":"no name present, ignoring presence update request..."}
{"level":30,"time":1774719642005,"pid":70310,"hostname":"Mac.home","myPN":"905333559848:2@s.whatsapp.net","myLID":"129879995613400:2@lid","msg":"Own LID session created successfully"}
{"level":50,"time":1774719646343,"pid":70310,"hostname":"Mac.home","reasonNode":{"tag":"conflict","attrs":{"type":"replaced"}},"fullErrorNode":{"tag":"stream:error","attrs":{},"content":[{"tag":"conflict","attrs":{"type":"replaced"}}]},"msg":"stream errored out"}
{"level":30,"time":1774719646344,"pid":70310,"hostname":"Mac.home","trace":"Error: Stream Errored (conflict)\n    at WebSocketClient.<anonymous> (file:///Users/salihozgen/Desktop/psikolog-projesi/node_modules/@whiskeysockets/baileys/lib/Socket/socket.js:780:13)\n    at WebSocketClient.emit (node:events:518:28)\n    at file:///Users/salihozgen/Desktop/psikolog-projesi/node_modules/@whiskeysockets/baileys/lib/Socket/socket.js:464:35\n    at Object.decodeFrame (file:///Users/salihozgen/Desktop/psikolog-projesi/node_modules/@whiskeysockets/baileys/lib/Utils/noise-handler.js:141:17)\n    at process.processTicksAndRejections (node:internal/process/task_queues:105:5)\n    at async WebSocketClient.onMessageReceived (file:///Users/salihozgen/Desktop/psikolog-projesi/node_modules/@whiskeysockets/baileys/lib/Socket/socket.js:441:9)","msg":"connection errored"}
[WhatsApp] Bot süreci başlatılıyor...
{"level":30,"time":1774719651609,"pid":70310,"hostname":"Mac.home","browser":["Ubuntu","Chrome","122.0.0"],"helloMsg":{"clientHello":{"ephemeral":"nv5ZSbPwW8re3dDB9MsMR2GxccQPedreIhAtxLx47Vs="}},"msg":"connected to WA"}
{"level":30,"time":1774719651699,"pid":70310,"hostname":"Mac.home","node":{"username":"905333559848","passive":true,"userAgent":{"platform":"WEB","appVersion":{"primary":2,"secondary":3000,"tertiary":1035194821},"mcc":"000","mnc":"000","osVersion":"0.1","device":"Desktop","osBuildNumber":"0.1","releaseChannel":"RELEASE","localeLanguageIso6391":"en","localeCountryIso31661Alpha2":"US"},"webInfo":{"webSubPlatform":"WEB_BROWSER"},"connectType":"WIFI_UNKNOWN","connectReason":"USER_ACTIVATED","device":2,"pull":true,"lidDbMigrated":false},"msg":"logging in..."}
{"level":30,"time":1774719652414,"pid":70310,"hostname":"Mac.home","msg":"5 pre-keys found on server"}
{"level":30,"time":1774719652414,"pid":70310,"hostname":"Mac.home","msg":"Current prekey ID: 1177, exists in storage: true"}
{"level":30,"time":1774719652414,"pid":70310,"hostname":"Mac.home","msg":"Uploading PreKeys due to: server count low (5)"}
{"level":30,"time":1774719652414,"pid":70310,"hostname":"Mac.home","count":5,"retryCount":0,"msg":"uploading pre-keys"}
{"level":30,"time":1774719652966,"pid":70310,"hostname":"Mac.home","count":5,"msg":"uploaded pre-keys successfully"}
{"level":30,"time":1774719653161,"pid":70310,"hostname":"Mac.home","msg":"handled 0 offline messages/notifications"}
{"level":30,"time":1774719653161,"pid":70310,"hostname":"Mac.home","msg":"Connection is now AwaitingInitialSync, buffering events"}
{"level":30,"time":1774719653161,"pid":70310,"hostname":"Mac.home","msg":"History sync is disabled by config, not waiting for notification. Transitioning to Online."}
{"level":30,"time":1774719653222,"pid":70310,"hostname":"Mac.home","msg":"opened connection to WA"}
[WhatsApp] ✅ Bağlantı başarılı!
{"level":40,"time":1774719653224,"pid":70310,"hostname":"Mac.home","msg":"no name present, ignoring presence update request..."}
{"level":30,"time":1774719653229,"pid":70310,"hostname":"Mac.home","myPN":"905333559848:2@s.whatsapp.net","myLID":"129879995613400:2@lid","msg":"Own LID session created successfully"}
{"level":50,"time":1774719657590,"pid":70310,"hostname":"Mac.home","reasonNode":{"tag":"conflict","attrs":{"type":"replaced"}},"fullErrorNode":{"tag":"stream:error","attrs":{},"content":[{"tag":"conflict","attrs":{"type":"replaced"}}]},"msg":"stream errored out"}
{"level":30,"time":1774719657590,"pid":70310,"hostname":"Mac.home","trace":"Error: Stream Errored (conflict)\n    at WebSocketClient.<anonymous> (file:///Users/salihozgen/Desktop/psikolog-projesi/node_modules/@whiskeysockets/baileys/lib/Socket/socket.js:780:13)\n    at WebSocketClient.emit (node:events:518:28)\n    at file:///Users/salihozgen/Desktop/psikolog-projesi/node_modules/@whiskeysockets/baileys/lib/Socket/socket.js:464:35\n    at Object.decodeFrame (file:///Users/salihozgen/Desktop/psikolog-projesi/node_modules/@whiskeysockets/baileys/lib/Utils/noise-handler.js:141:17)\n    at process.processTicksAndRejections (node:internal/process/task_queues:105:5)\n    at async WebSocketClient.onMessageReceived (file:///Users/salihozgen/Desktop/psikolog-projesi/node_modules/@whiskeysockets/baileys/lib/Socket/socket.js:441:9)","msg":"connection errored"}
[WhatsApp] Bot süreci başlatılıyor...
{"level":30,"time":1774719662972,"pid":70310,"hostname":"Mac.home","browser":["Ubuntu","Chrome","122.0.0"],"helloMsg":{"clientHello":{"ephemeral":"8AnrDSyF2kzr4g2BSMhMofnEeuYSmHKD1xdSH5Kb0hs="}},"msg":"connected to WA"}
{"level":30,"time":1774719663186,"pid":70310,"hostname":"Mac.home","node":{"username":"905333559848","passive":true,"userAgent":{"platform":"WEB","appVersion":{"primary":2,"secondary":3000,"tertiary":1035194821},"mcc":"000","mnc":"000","osVersion":"0.1","device":"Desktop","osBuildNumber":"0.1","releaseChannel":"RELEASE","localeLanguageIso6391":"en","localeCountryIso31661Alpha2":"US"},"webInfo":{"webSubPlatform":"WEB_BROWSER"},"connectType":"WIFI_UNKNOWN","connectReason":"USER_ACTIVATED","device":2,"pull":true,"lidDbMigrated":false},"msg":"logging in..."}
{"level":30,"time":1774719663734,"pid":70310,"hostname":"Mac.home","msg":"5 pre-keys found on server"}
{"level":30,"time":1774719663734,"pid":70310,"hostname":"Mac.home","msg":"Current prekey ID: 1187, exists in storage: true"}
{"level":30,"time":1774719663734,"pid":70310,"hostname":"Mac.home","msg":"Uploading PreKeys due to: server count low (5)"}
{"level":30,"time":1774719663734,"pid":70310,"hostname":"Mac.home","count":5,"retryCount":0,"msg":"uploading pre-keys"}
{"level":30,"time":1774719664164,"pid":70310,"hostname":"Mac.home","count":5,"msg":"uploaded pre-keys successfully"}
{"level":30,"time":1774719664435,"pid":70310,"hostname":"Mac.home","msg":"handled 0 offline messages/notifications"}
{"level":30,"time":1774719664436,"pid":70310,"hostname":"Mac.home","msg":"Connection is now AwaitingInitialSync, buffering events"}
{"level":30,"time":1774719664436,"pid":70310,"hostname":"Mac.home","msg":"History sync is disabled by config, not waiting for notification. Transitioning to Online."}
{"level":30,"time":1774719664644,"pid":70310,"hostname":"Mac.home","msg":"opened connection to WA"}
[WhatsApp] ✅ Bağlantı başarılı!
{"level":40,"time":1774719664646,"pid":70310,"hostname":"Mac.home","msg":"no name present, ignoring presence update request..."}
{"level":30,"time":1774719664650,"pid":70310,"hostname":"Mac.home","myPN":"905333559848:2@s.whatsapp.net","myLID":"129879995613400:2@lid","msg":"Own LID session created successfully"}
{"level":50,"time":1774719669628,"pid":70310,"hostname":"Mac.home","reasonNode":{"tag":"conflict","attrs":{"type":"replaced"}},"fullErrorNode":{"tag":"stream:error","attrs":{},"content":[{"tag":"conflict","attrs":{"type":"replaced"}}]},"msg":"stream errored out"}
{"level":30,"time":1774719669628,"pid":70310,"hostname":"Mac.home","trace":"Error: Stream Errored (conflict)\n    at WebSocketClient.<anonymous> (file:///Users/salihozgen/Desktop/psikolog-projesi/node_modules/@whiskeysockets/baileys/lib/Socket/socket.js:780:13)\n    at WebSocketClient.emit (node:events:518:28)\n    at file:///Users/salihozgen/Desktop/psikolog-projesi/node_modules/@whiskeysockets/baileys/lib/Socket/socket.js:464:35\n    at Object.decodeFrame (file:///Users/salihozgen/Desktop/psikolog-projesi/node_modules/@whiskeysockets/baileys/lib/Utils/noise-handler.js:141:17)\n    at process.processTicksAndRejections (node:internal/process/task_queues:105:5)\n    at async WebSocketClient.onMessageReceived (file:///Users/salihozgen/Desktop/psikolog-projesi/node_modules/@whiskeysockets/baileys/lib/Socket/socket.js:441:9)","msg":"connection errored"}
[WhatsApp] Bot süreci başlatılıyor...
{"level":30,"time":1774719674890,"pid":70310,"hostname":"Mac.home","browser":["Ubuntu","Chrome","122.0.0"],"helloMsg":{"clientHello":{"ephemeral":"pMGjVxw+JERVOmwMqlQ5RsGVTFa0maqsxJujma9hu0M="}},"msg":"connected to WA"}
{"level":30,"time":1774719674978,"pid":70310,"hostname":"Mac.home","node":{"username":"905333559848","passive":true,"userAgent":{"platform":"WEB","appVersion":{"primary":2,"secondary":3000,"tertiary":1035194821},"mcc":"000","mnc":"000","osVersion":"0.1","device":"Desktop","osBuildNumber":"0.1","releaseChannel":"RELEASE","localeLanguageIso6391":"en","localeCountryIso31661Alpha2":"US"},"webInfo":{"webSubPlatform":"WEB_BROWSER"},"connectType":"WIFI_UNKNOWN","connectReason":"USER_ACTIVATED","device":2,"pull":true,"lidDbMigrated":false},"msg":"logging in..."}
{"level":30,"time":1774719675621,"pid":70310,"hostname":"Mac.home","msg":"5 pre-keys found on server"}
{"level":30,"time":1774719675621,"pid":70310,"hostname":"Mac.home","msg":"Current prekey ID: 1197, exists in storage: true"}
{"level":30,"time":1774719675621,"pid":70310,"hostname":"Mac.home","msg":"Uploading PreKeys due to: server count low (5)"}
{"level":30,"time":1774719675621,"pid":70310,"hostname":"Mac.home","count":5,"retryCount":0,"msg":"uploading pre-keys"}
{"level":30,"time":1774719676179,"pid":70310,"hostname":"Mac.home","count":5,"msg":"uploaded pre-keys successfully"}
{"level":30,"time":1774719676377,"pid":70310,"hostname":"Mac.home","msg":"handled 0 offline messages/notifications"}
{"level":30,"time":1774719676377,"pid":70310,"hostname":"Mac.home","msg":"Connection is now AwaitingInitialSync, buffering events"}
{"level":30,"time":1774719676377,"pid":70310,"hostname":"Mac.home","msg":"History sync is disabled by config, not waiting for notification. Transitioning to Online."}
{"level":30,"time":1774719676598,"pid":70310,"hostname":"Mac.home","msg":"opened connection to WA"}
[WhatsApp] ✅ Bağlantı başarılı!
{"level":40,"time":1774719676600,"pid":70310,"hostname":"Mac.home","msg":"no name present, ignoring presence update request..."}
{"level":30,"time":1774719676605,"pid":70310,"hostname":"Mac.home","myPN":"905333559848:2@s.whatsapp.net","myLID":"129879995613400:2@lid","msg":"Own LID session created successfully"}
{"level":50,"time":1774719680825,"pid":70310,"hostname":"Mac.home","reasonNode":{"tag":"conflict","attrs":{"type":"replaced"}},"fullErrorNode":{"tag":"stream:error","attrs":{},"content":[{"tag":"conflict","attrs":{"type":"replaced"}}]},"msg":"stream errored out"}
{"level":30,"time":1774719680825,"pid":70310,"hostname":"Mac.home","trace":"Error: Stream Errored (conflict)\n    at WebSocketClient.<anonymous> (file:///Users/salihozgen/Desktop/psikolog-projesi/node_modules/@whiskeysockets/baileys/lib/Socket/socket.js:780:13)\n    at WebSocketClient.emit (node:events:518:28)\n    at file:///Users/salihozgen/Desktop/psikolog-projesi/node_modules/@whiskeysockets/baileys/lib/Socket/socket.js:464:35\n    at Object.decodeFrame (file:///Users/salihozgen/Desktop/psikolog-projesi/node_modules/@whiskeysockets/baileys/lib/Utils/noise-handler.js:141:17)\n    at process.processTicksAndRejections (node:internal/process/task_queues:105:5)\n    at async WebSocketClient.onMessageReceived (file:///Users/salihozgen/Desktop/psikolog-projesi/node_modules/@whiskeysockets/baileys/lib/Socket/socket.js:441:9)","msg":"connection errored"}
[WhatsApp] Bot süreci başlatılıyor...
{"level":30,"time":1774719686170,"pid":70310,"hostname":"Mac.home","browser":["Ubuntu","Chrome","122.0.0"],"helloMsg":{"clientHello":{"ephemeral":"fMcuW+9NXNB+Du6P6Zg7d19GiTRZxqR/8Uu5uL1v3nc="}},"msg":"connected to WA"}
{"level":30,"time":1774719686334,"pid":70310,"hostname":"Mac.home","node":{"username":"905333559848","passive":true,"userAgent":{"platform":"WEB","appVersion":{"primary":2,"secondary":3000,"tertiary":1035194821},"mcc":"000","mnc":"000","osVersion":"0.1","device":"Desktop","osBuildNumber":"0.1","releaseChannel":"RELEASE","localeLanguageIso6391":"en","localeCountryIso31661Alpha2":"US"},"webInfo":{"webSubPlatform":"WEB_BROWSER"},"connectType":"WIFI_UNKNOWN","connectReason":"USER_ACTIVATED","device":2,"pull":true,"lidDbMigrated":false},"msg":"logging in..."}
{"level":30,"time":1774719686651,"pid":70310,"hostname":"Mac.home","msg":"5 pre-keys found on server"}
{"level":30,"time":1774719686651,"pid":70310,"hostname":"Mac.home","msg":"Current prekey ID: 1207, exists in storage: true"}
{"level":30,"time":1774719686651,"pid":70310,"hostname":"Mac.home","msg":"Uploading PreKeys due to: server count low (5)"}
{"level":30,"time":1774719686652,"pid":70310,"hostname":"Mac.home","count":5,"retryCount":0,"msg":"uploading pre-keys"}
{"level":30,"time":1774719686850,"pid":70310,"hostname":"Mac.home","count":5,"msg":"uploaded pre-keys successfully"}
{"level":30,"time":1774719687059,"pid":70310,"hostname":"Mac.home","msg":"handled 0 offline messages/notifications"}
{"level":30,"time":1774719687059,"pid":70310,"hostname":"Mac.home","msg":"Connection is now AwaitingInitialSync, buffering events"}
{"level":30,"time":1774719687059,"pid":70310,"hostname":"Mac.home","msg":"History sync is disabled by config, not waiting for notification. Transitioning to Online."}
{"level":30,"time":1774719687162,"pid":70310,"hostname":"Mac.home","msg":"opened connection to WA"}
[WhatsApp] ✅ Bağlantı başarılı!
{"level":40,"time":1774719687163,"pid":70310,"hostname":"Mac.home","msg":"no name present, ignoring presence update request..."}
{"level":30,"time":1774719687165,"pid":70310,"hostname":"Mac.home","myPN":"905333559848:2@s.whatsapp.net","myLID":"129879995613400:2@lid","msg":"Own LID session created successfully"}
{"level":50,"time":1774719692382,"pid":70310,"hostname":"Mac.home","reasonNode":{"tag":"conflict","attrs":{"type":"replaced"}},"fullErrorNode":{"tag":"stream:error","attrs":{},"content":[{"tag":"conflict","attrs":{"type":"replaced"}}]},"msg":"stream errored out"}
{"level":30,"time":1774719692382,"pid":70310,"hostname":"Mac.home","trace":"Error: Stream Errored (conflict)\n    at WebSocketClient.<anonymous> (file:///Users/salihozgen/Desktop/psikolog-projesi/node_modules/@whiskeysockets/baileys/lib/Socket/socket.js:780:13)\n    at WebSocketClient.emit (node:events:518:28)\n    at file:///Users/salihozgen/Desktop/psikolog-projesi/node_modules/@whiskeysockets/baileys/lib/Socket/socket.js:464:35\n    at Object.decodeFrame (file:///Users/salihozgen/Desktop/psikolog-projesi/node_modules/@whiskeysockets/baileys/lib/Utils/noise-handler.js:141:17)\n    at process.processTicksAndRejections (node:internal/process/task_queues:105:5)\n    at async WebSocketClient.onMessageReceived (file:///Users/salihozgen/Desktop/psikolog-projesi/node_modules/@whiskeysockets/baileys/lib/Socket/socket.js:441:9)","msg":"connection errored"}
[WhatsApp] Bot süreci başlatılıyor...
{"level":30,"time":1774719697770,"pid":70310,"hostname":"Mac.home","browser":["Ubuntu","Chrome","122.0.0"],"helloMsg":{"clientHello":{"ephemeral":"Dkzr1qb479LtMe0z4sUe68IPED31tkwEnfoxRdZ0iCA="}},"msg":"connected to WA"}
{"level":30,"time":1774719697970,"pid":70310,"hostname":"Mac.home","node":{"username":"905333559848","passive":true,"userAgent":{"platform":"WEB","appVersion":{"primary":2,"secondary":3000,"tertiary":1035194821},"mcc":"000","mnc":"000","osVersion":"0.1","device":"Desktop","osBuildNumber":"0.1","releaseChannel":"RELEASE","localeLanguageIso6391":"en","localeCountryIso31661Alpha2":"US"},"webInfo":{"webSubPlatform":"WEB_BROWSER"},"connectType":"WIFI_UNKNOWN","connectReason":"USER_ACTIVATED","device":2,"pull":true,"lidDbMigrated":false},"msg":"logging in..."}
{"level":30,"time":1774719698436,"pid":70310,"hostname":"Mac.home","msg":"5 pre-keys found on server"}
{"level":30,"time":1774719698436,"pid":70310,"hostname":"Mac.home","msg":"Current prekey ID: 1217, exists in storage: true"}
{"level":30,"time":1774719698436,"pid":70310,"hostname":"Mac.home","msg":"Uploading PreKeys due to: server count low (5)"}
{"level":30,"time":1774719698436,"pid":70310,"hostname":"Mac.home","count":5,"retryCount":0,"msg":"uploading pre-keys"}
{"level":30,"time":1774719698779,"pid":70310,"hostname":"Mac.home","count":5,"msg":"uploaded pre-keys successfully"}
{"level":30,"time":1774719699015,"pid":70310,"hostname":"Mac.home","msg":"handled 0 offline messages/notifications"}
{"level":30,"time":1774719699015,"pid":70310,"hostname":"Mac.home","msg":"Connection is now AwaitingInitialSync, buffering events"}
{"level":30,"time":1774719699015,"pid":70310,"hostname":"Mac.home","msg":"History sync is disabled by config, not waiting for notification. Transitioning to Online."}
{"level":30,"time":1774719699204,"pid":70310,"hostname":"Mac.home","msg":"opened connection to WA"}
[WhatsApp] ✅ Bağlantı başarılı!
{"level":40,"time":1774719699210,"pid":70310,"hostname":"Mac.home","msg":"no name present, ignoring presence update request..."}
{"level":30,"time":1774719699215,"pid":70310,"hostname":"Mac.home","myPN":"905333559848:2@s.whatsapp.net","myLID":"129879995613400:2@lid","msg":"Own LID session created successfully"}
{"level":50,"time":1774719704247,"pid":70310,"hostname":"Mac.home","reasonNode":{"tag":"conflict","attrs":{"type":"replaced"}},"fullErrorNode":{"tag":"stream:error","attrs":{},"content":[{"tag":"conflict","attrs":{"type":"replaced"}}]},"msg":"stream errored out"}
{"level":30,"time":1774719704248,"pid":70310,"hostname":"Mac.home","trace":"Error: Stream Errored (conflict)\n    at WebSocketClient.<anonymous> (file:///Users/salihozgen/Desktop/psikolog-projesi/node_modules/@whiskeysockets/baileys/lib/Socket/socket.js:780:13)\n    at WebSocketClient.emit (node:events:518:28)\n    at file:///Users/salihozgen/Desktop/psikolog-projesi/node_modules/@whiskeysockets/baileys/lib/Socket/socket.js:464:35\n    at Object.decodeFrame (file:///Users/salihozgen/Desktop/psikolog-projesi/node_modules/@whiskeysockets/baileys/lib/Utils/noise-handler.js:141:17)\n    at process.processTicksAndRejections (node:internal/process/task_queues:105:5)\n    at async WebSocketClient.onMessageReceived (file:///Users/salihozgen/Desktop/psikolog-projesi/node_modules/@whiskeysockets/baileys/lib/Socket/socket.js:441:9)","msg":"connection errored"}
[WhatsApp] Bot süreci başlatılıyor...
{"level":30,"time":1774719709578,"pid":70310,"hostname":"Mac.home","browser":["Ubuntu","Chrome","122.0.0"],"helloMsg":{"clientHello":{"ephemeral":"+mIvHJ4JYXkJw9Z6pTNynJazCN2EsclIc6Zp15+su1s="}},"msg":"connected to WA"}
{"level":30,"time":1774719709741,"pid":70310,"hostname":"Mac.home","node":{"username":"905333559848","passive":true,"userAgent":{"platform":"WEB","appVersion":{"primary":2,"secondary":3000,"tertiary":1035194821},"mcc":"000","mnc":"000","osVersion":"0.1","device":"Desktop","osBuildNumber":"0.1","releaseChannel":"RELEASE","localeLanguageIso6391":"en","localeCountryIso31661Alpha2":"US"},"webInfo":{"webSubPlatform":"WEB_BROWSER"},"connectType":"WIFI_UNKNOWN","connectReason":"USER_ACTIVATED","device":2,"pull":true,"lidDbMigrated":false},"msg":"logging in..."}
{"level":30,"time":1774719710060,"pid":70310,"hostname":"Mac.home","msg":"5 pre-keys found on server"}
{"level":30,"time":1774719710060,"pid":70310,"hostname":"Mac.home","msg":"Current prekey ID: 1227, exists in storage: true"}
{"level":30,"time":1774719710060,"pid":70310,"hostname":"Mac.home","msg":"Uploading PreKeys due to: server count low (5)"}
{"level":30,"time":1774719710060,"pid":70310,"hostname":"Mac.home","count":5,"retryCount":0,"msg":"uploading pre-keys"}
{"level":30,"time":1774719710258,"pid":70310,"hostname":"Mac.home","count":5,"msg":"uploaded pre-keys successfully"}
{"level":30,"time":1774719710468,"pid":70310,"hostname":"Mac.home","msg":"handled 0 offline messages/notifications"}
{"level":30,"time":1774719710468,"pid":70310,"hostname":"Mac.home","msg":"Connection is now AwaitingInitialSync, buffering events"}
{"level":30,"time":1774719710468,"pid":70310,"hostname":"Mac.home","msg":"History sync is disabled by config, not waiting for notification. Transitioning to Online."}
{"level":30,"time":1774719710571,"pid":70310,"hostname":"Mac.home","msg":"opened connection to WA"}
[WhatsApp] ✅ Bağlantı başarılı!
{"level":40,"time":1774719710574,"pid":70310,"hostname":"Mac.home","msg":"no name present, ignoring presence update request..."}
{"level":30,"time":1774719710578,"pid":70310,"hostname":"Mac.home","myPN":"905333559848:2@s.whatsapp.net","myLID":"129879995613400:2@lid","msg":"Own LID session created successfully"}
{"level":50,"time":1774719715810,"pid":70310,"hostname":"Mac.home","reasonNode":{"tag":"conflict","attrs":{"type":"replaced"}},"fullErrorNode":{"tag":"stream:error","attrs":{},"content":[{"tag":"conflict","attrs":{"type":"replaced"}}]},"msg":"stream errored out"}
{"level":30,"time":1774719715810,"pid":70310,"hostname":"Mac.home","trace":"Error: Stream Errored (conflict)\n    at WebSocketClient.<anonymous> (file:///Users/salihozgen/Desktop/psikolog-projesi/node_modules/@whiskeysockets/baileys/lib/Socket/socket.js:780:13)\n    at WebSocketClient.emit (node:events:518:28)\n    at file:///Users/salihozgen/Desktop/psikolog-projesi/node_modules/@whiskeysockets/baileys/lib/Socket/socket.js:464:35\n    at Object.decodeFrame (file:///Users/salihozgen/Desktop/psikolog-projesi/node_modules/@whiskeysockets/baileys/lib/Utils/noise-handler.js:141:17)\n    at process.processTicksAndRejections (node:internal/process/task_queues:105:5)\n    at async WebSocketClient.onMessageReceived (file:///Users/salihozgen/Desktop/psikolog-projesi/node_modules/@whiskeysockets/baileys/lib/Socket/socket.js:441:9)","msg":"connection errored"}
[WhatsApp] Bot süreci başlatılıyor...
{"level":30,"time":1774719721161,"pid":70310,"hostname":"Mac.home","browser":["Ubuntu","Chrome","122.0.0"],"helloMsg":{"clientHello":{"ephemeral":"0GFFq73nQoHihQIpx3lJLcw6gjP8GZBZZLL0QXapEw0="}},"msg":"connected to WA"}
{"level":30,"time":1774719721338,"pid":70310,"hostname":"Mac.home","node":{"username":"905333559848","passive":true,"userAgent":{"platform":"WEB","appVersion":{"primary":2,"secondary":3000,"tertiary":1035194821},"mcc":"000","mnc":"000","osVersion":"0.1","device":"Desktop","osBuildNumber":"0.1","releaseChannel":"RELEASE","localeLanguageIso6391":"en","localeCountryIso31661Alpha2":"US"},"webInfo":{"webSubPlatform":"WEB_BROWSER"},"connectType":"WIFI_UNKNOWN","connectReason":"USER_ACTIVATED","device":2,"pull":true,"lidDbMigrated":false},"msg":"logging in..."}
{"level":30,"time":1774719721738,"pid":70310,"hostname":"Mac.home","msg":"5 pre-keys found on server"}
{"level":30,"time":1774719721738,"pid":70310,"hostname":"Mac.home","msg":"Current prekey ID: 1237, exists in storage: true"}
{"level":30,"time":1774719721738,"pid":70310,"hostname":"Mac.home","msg":"Uploading PreKeys due to: server count low (5)"}
{"level":30,"time":1774719721738,"pid":70310,"hostname":"Mac.home","count":5,"retryCount":0,"msg":"uploading pre-keys"}
{"level":30,"time":1774719722041,"pid":70310,"hostname":"Mac.home","count":5,"msg":"uploaded pre-keys successfully"}
{"level":30,"time":1774719722235,"pid":70310,"hostname":"Mac.home","msg":"handled 0 offline messages/notifications"}
{"level":30,"time":1774719722235,"pid":70310,"hostname":"Mac.home","msg":"Connection is now AwaitingInitialSync, buffering events"}
{"level":30,"time":1774719722236,"pid":70310,"hostname":"Mac.home","msg":"History sync is disabled by config, not waiting for notification. Transitioning to Online."}
{"level":30,"time":1774719722410,"pid":70310,"hostname":"Mac.home","msg":"opened connection to WA"}
[WhatsApp] ✅ Bağlantı başarılı!
{"level":40,"time":1774719722413,"pid":70310,"hostname":"Mac.home","msg":"no name present, ignoring presence update request..."}
{"level":30,"time":1774719722418,"pid":70310,"hostname":"Mac.home","myPN":"905333559848:2@s.whatsapp.net","myLID":"129879995613400:2@lid","msg":"Own LID session created successfully"}
{"level":50,"time":1774719727295,"pid":70310,"hostname":"Mac.home","reasonNode":{"tag":"conflict","attrs":{"type":"replaced"}},"fullErrorNode":{"tag":"stream:error","attrs":{},"content":[{"tag":"conflict","attrs":{"type":"replaced"}}]},"msg":"stream errored out"}
{"level":30,"time":1774719727295,"pid":70310,"hostname":"Mac.home","trace":"Error: Stream Errored (conflict)\n    at WebSocketClient.<anonymous> (file:///Users/salihozgen/Desktop/psikolog-projesi/node_modules/@whiskeysockets/baileys/lib/Socket/socket.js:780:13)\n    at WebSocketClient.emit (node:events:518:28)\n    at file:///Users/salihozgen/Desktop/psikolog-projesi/node_modules/@whiskeysockets/baileys/lib/Socket/socket.js:464:35\n    at Object.decodeFrame (file:///Users/salihozgen/Desktop/psikolog-projesi/node_modules/@whiskeysockets/baileys/lib/Utils/noise-handler.js:141:17)\n    at process.processTicksAndRejections (node:internal/process/task_queues:105:5)\n    at async WebSocketClient.onMessageReceived (file:///Users/salihozgen/Desktop/psikolog-projesi/node_modules/@whiskeysockets/baileys/lib/Socket/socket.js:441:9)","msg":"connection errored"}
[WhatsApp] Bot süreci başlatılıyor...
{"level":30,"time":1774719732553,"pid":70310,"hostname":"Mac.home","browser":["Ubuntu","Chrome","122.0.0"],"helloMsg":{"clientHello":{"ephemeral":"lUVKAohFgNtSfubSUThqwDHmG4cktZUv+DhnrRoUvm0="}},"msg":"connected to WA"}
{"level":30,"time":1774719732641,"pid":70310,"hostname":"Mac.home","node":{"username":"905333559848","passive":true,"userAgent":{"platform":"WEB","appVersion":{"primary":2,"secondary":3000,"tertiary":1035194821},"mcc":"000","mnc":"000","osVersion":"0.1","device":"Desktop","osBuildNumber":"0.1","releaseChannel":"RELEASE","localeLanguageIso6391":"en","localeCountryIso31661Alpha2":"US"},"webInfo":{"webSubPlatform":"WEB_BROWSER"},"connectType":"WIFI_UNKNOWN","connectReason":"USER_ACTIVATED","device":2,"pull":true,"lidDbMigrated":false},"msg":"logging in..."}
{"level":30,"time":1774719733293,"pid":70310,"hostname":"Mac.home","msg":"5 pre-keys found on server"}
{"level":30,"time":1774719733293,"pid":70310,"hostname":"Mac.home","msg":"Current prekey ID: 1247, exists in storage: true"}
{"level":30,"time":1774719733293,"pid":70310,"hostname":"Mac.home","msg":"Uploading PreKeys due to: server count low (5)"}
{"level":30,"time":1774719733293,"pid":70310,"hostname":"Mac.home","count":5,"retryCount":0,"msg":"uploading pre-keys"}
{"level":30,"time":1774719733729,"pid":70310,"hostname":"Mac.home","count":5,"msg":"uploaded pre-keys successfully"}
{"level":30,"time":1774719733941,"pid":70310,"hostname":"Mac.home","msg":"handled 0 offline messages/notifications"}
{"level":30,"time":1774719733942,"pid":70310,"hostname":"Mac.home","msg":"Connection is now AwaitingInitialSync, buffering events"}
{"level":30,"time":1774719733942,"pid":70310,"hostname":"Mac.home","msg":"History sync is disabled by config, not waiting for notification. Transitioning to Online."}
{"level":30,"time":1774719734207,"pid":70310,"hostname":"Mac.home","msg":"opened connection to WA"}
[WhatsApp] ✅ Bağlantı başarılı!
{"level":40,"time":1774719734208,"pid":70310,"hostname":"Mac.home","msg":"no name present, ignoring presence update request..."}
{"level":30,"time":1774719734211,"pid":70310,"hostname":"Mac.home","myPN":"905333559848:2@s.whatsapp.net","myLID":"129879995613400:2@lid","msg":"Own LID session created successfully"}
{"level":50,"time":1774719738625,"pid":70310,"hostname":"Mac.home","reasonNode":{"tag":"conflict","attrs":{"type":"replaced"}},"fullErrorNode":{"tag":"stream:error","attrs":{},"content":[{"tag":"conflict","attrs":{"type":"replaced"}}]},"msg":"stream errored out"}
{"level":30,"time":1774719738626,"pid":70310,"hostname":"Mac.home","trace":"Error: Stream Errored (conflict)\n    at WebSocketClient.<anonymous> (file:///Users/salihozgen/Desktop/psikolog-projesi/node_modules/@whiskeysockets/baileys/lib/Socket/socket.js:780:13)\n    at WebSocketClient.emit (node:events:518:28)\n    at file:///Users/salihozgen/Desktop/psikolog-projesi/node_modules/@whiskeysockets/baileys/lib/Socket/socket.js:464:35\n    at Object.decodeFrame (file:///Users/salihozgen/Desktop/psikolog-projesi/node_modules/@whiskeysockets/baileys/lib/Utils/noise-handler.js:141:17)\n    at process.processTicksAndRejections (node:internal/process/task_queues:105:5)\n    at async WebSocketClient.onMessageReceived (file:///Users/salihozgen/Desktop/psikolog-projesi/node_modules/@whiskeysockets/baileys/lib/Socket/socket.js:441:9)","msg":"connection errored"}
[WhatsApp] Bot süreci başlatılıyor...
{"level":30,"time":1774719743958,"pid":70310,"hostname":"Mac.home","browser":["Ubuntu","Chrome","122.0.0"],"helloMsg":{"clientHello":{"ephemeral":"zxPI7+ls9JkHY5tQsqBVyuyB9YBf9fNbFLt16OzGRQA="}},"msg":"connected to WA"}
{"level":30,"time":1774719744120,"pid":70310,"hostname":"Mac.home","node":{"username":"905333559848","passive":true,"userAgent":{"platform":"WEB","appVersion":{"primary":2,"secondary":3000,"tertiary":1035194821},"mcc":"000","mnc":"000","osVersion":"0.1","device":"Desktop","osBuildNumber":"0.1","releaseChannel":"RELEASE","localeLanguageIso6391":"en","localeCountryIso31661Alpha2":"US"},"webInfo":{"webSubPlatform":"WEB_BROWSER"},"connectType":"WIFI_UNKNOWN","connectReason":"USER_ACTIVATED","device":2,"pull":true,"lidDbMigrated":false},"msg":"logging in..."}
{"level":30,"time":1774719744444,"pid":70310,"hostname":"Mac.home","msg":"5 pre-keys found on server"}
{"level":30,"time":1774719744444,"pid":70310,"hostname":"Mac.home","msg":"Current prekey ID: 1257, exists in storage: true"}
{"level":30,"time":1774719744444,"pid":70310,"hostname":"Mac.home","msg":"Uploading PreKeys due to: server count low (5)"}
{"level":30,"time":1774719744444,"pid":70310,"hostname":"Mac.home","count":5,"retryCount":0,"msg":"uploading pre-keys"}
{"level":30,"time":1774719744644,"pid":70310,"hostname":"Mac.home","count":5,"msg":"uploaded pre-keys successfully"}
{"level":30,"time":1774719744854,"pid":70310,"hostname":"Mac.home","msg":"handled 0 offline messages/notifications"}
{"level":30,"time":1774719744854,"pid":70310,"hostname":"Mac.home","msg":"Connection is now AwaitingInitialSync, buffering events"}
{"level":30,"time":1774719744854,"pid":70310,"hostname":"Mac.home","msg":"History sync is disabled by config, not waiting for notification. Transitioning to Online."}
{"level":30,"time":1774719744959,"pid":70310,"hostname":"Mac.home","msg":"opened connection to WA"}
[WhatsApp] ✅ Bağlantı başarılı!
{"level":40,"time":1774719744961,"pid":70310,"hostname":"Mac.home","msg":"no name present, ignoring presence update request..."}
{"level":30,"time":1774719744965,"pid":70310,"hostname":"Mac.home","myPN":"905333559848:2@s.whatsapp.net","myLID":"129879995613400:2@lid","msg":"Own LID session created successfully"}
{"level":50,"time":1774719750007,"pid":70310,"hostname":"Mac.home","reasonNode":{"tag":"conflict","attrs":{"type":"replaced"}},"fullErrorNode":{"tag":"stream:error","attrs":{},"content":[{"tag":"conflict","attrs":{"type":"replaced"}}]},"msg":"stream errored out"}
{"level":30,"time":1774719750007,"pid":70310,"hostname":"Mac.home","trace":"Error: Stream Errored (conflict)\n    at WebSocketClient.<anonymous> (file:///Users/salihozgen/Desktop/psikolog-projesi/node_modules/@whiskeysockets/baileys/lib/Socket/socket.js:780:13)\n    at WebSocketClient.emit (node:events:518:28)\n    at file:///Users/salihozgen/Desktop/psikolog-projesi/node_modules/@whiskeysockets/baileys/lib/Socket/socket.js:464:35\n    at Object.decodeFrame (file:///Users/salihozgen/Desktop/psikolog-projesi/node_modules/@whiskeysockets/baileys/lib/Utils/noise-handler.js:141:17)\n    at process.processTicksAndRejections (node:internal/process/task_queues:105:5)\n    at async WebSocketClient.onMessageReceived (file:///Users/salihozgen/Desktop/psikolog-projesi/node_modules/@whiskeysockets/baileys/lib/Socket/socket.js:441:9)","msg":"connection errored"}
[WhatsApp] Bot süreci başlatılıyor...
{"level":30,"time":1774719755252,"pid":70310,"hostname":"Mac.home","browser":["Ubuntu","Chrome","122.0.0"],"helloMsg":{"clientHello":{"ephemeral":"OBI/NKH+kGooIhGmfySslGYcpHDskz6/0p1Phi1bA0U="}},"msg":"connected to WA"}
{"level":30,"time":1774719755332,"pid":70310,"hostname":"Mac.home","node":{"username":"905333559848","passive":true,"userAgent":{"platform":"WEB","appVersion":{"primary":2,"secondary":3000,"tertiary":1035194821},"mcc":"000","mnc":"000","osVersion":"0.1","device":"Desktop","osBuildNumber":"0.1","releaseChannel":"RELEASE","localeLanguageIso6391":"en","localeCountryIso31661Alpha2":"US"},"webInfo":{"webSubPlatform":"WEB_BROWSER"},"connectType":"WIFI_UNKNOWN","connectReason":"USER_ACTIVATED","device":2,"pull":true,"lidDbMigrated":false},"msg":"logging in..."}
{"level":30,"time":1774719755861,"pid":70310,"hostname":"Mac.home","msg":"5 pre-keys found on server"}
{"level":30,"time":1774719755861,"pid":70310,"hostname":"Mac.home","msg":"Current prekey ID: 1267, exists in storage: true"}
{"level":30,"time":1774719755861,"pid":70310,"hostname":"Mac.home","msg":"Uploading PreKeys due to: server count low (5)"}
{"level":30,"time":1774719755861,"pid":70310,"hostname":"Mac.home","count":5,"retryCount":0,"msg":"uploading pre-keys"}
{"level":30,"time":1774719756442,"pid":70310,"hostname":"Mac.home","count":5,"msg":"uploaded pre-keys successfully"}
{"level":30,"time":1774719756641,"pid":70310,"hostname":"Mac.home","msg":"handled 0 offline messages/notifications"}
{"level":30,"time":1774719756641,"pid":70310,"hostname":"Mac.home","msg":"Connection is now AwaitingInitialSync, buffering events"}
{"level":30,"time":1774719756642,"pid":70310,"hostname":"Mac.home","msg":"History sync is disabled by config, not waiting for notification. Transitioning to Online."}
{"level":30,"time":1774719756687,"pid":70310,"hostname":"Mac.home","msg":"opened connection to WA"}
[WhatsApp] ✅ Bağlantı başarılı!
{"level":40,"time":1774719756689,"pid":70310,"hostname":"Mac.home","msg":"no name present, ignoring presence update request..."}
{"level":30,"time":1774719756694,"pid":70310,"hostname":"Mac.home","myPN":"905333559848:2@s.whatsapp.net","myLID":"129879995613400:2@lid","msg":"Own LID session created successfully"}
{"level":50,"time":1774719761403,"pid":70310,"hostname":"Mac.home","reasonNode":{"tag":"conflict","attrs":{"type":"replaced"}},"fullErrorNode":{"tag":"stream:error","attrs":{},"content":[{"tag":"conflict","attrs":{"type":"replaced"}}]},"msg":"stream errored out"}
{"level":30,"time":1774719761403,"pid":70310,"hostname":"Mac.home","trace":"Error: Stream Errored (conflict)\n    at WebSocketClient.<anonymous> (file:///Users/salihozgen/Desktop/psikolog-projesi/node_modules/@whiskeysockets/baileys/lib/Socket/socket.js:780:13)\n    at WebSocketClient.emit (node:events:518:28)\n    at file:///Users/salihozgen/Desktop/psikolog-projesi/node_modules/@whiskeysockets/baileys/lib/Socket/socket.js:464:35\n    at Object.decodeFrame (file:///Users/salihozgen/Desktop/psikolog-projesi/node_modules/@whiskeysockets/baileys/lib/Utils/noise-handler.js:141:17)\n    at process.processTicksAndRejections (node:internal/process/task_queues:105:5)\n    at async WebSocketClient.onMessageReceived (file:///Users/salihozgen/Desktop/psikolog-projesi/node_modules/@whiskeysockets/baileys/lib/Socket/socket.js:441:9)","msg":"connection errored"}
[WhatsApp] Bot süreci başlatılıyor...
{"level":30,"time":1774719766679,"pid":70310,"hostname":"Mac.home","browser":["Ubuntu","Chrome","122.0.0"],"helloMsg":{"clientHello":{"ephemeral":"SpOzSe96wwR+A4p4auY3kNFqIM4CgEfPjDpyllmZS3I="}},"msg":"connected to WA"}
{"level":30,"time":1774719766779,"pid":70310,"hostname":"Mac.home","node":{"username":"905333559848","passive":true,"userAgent":{"platform":"WEB","appVersion":{"primary":2,"secondary":3000,"tertiary":1035194821},"mcc":"000","mnc":"000","osVersion":"0.1","device":"Desktop","osBuildNumber":"0.1","releaseChannel":"RELEASE","localeLanguageIso6391":"en","localeCountryIso31661Alpha2":"US"},"webInfo":{"webSubPlatform":"WEB_BROWSER"},"connectType":"WIFI_UNKNOWN","connectReason":"USER_ACTIVATED","device":2,"pull":true,"lidDbMigrated":false},"msg":"logging in..."}
{"level":30,"time":1774719767602,"pid":70310,"hostname":"Mac.home","msg":"5 pre-keys found on server"}
{"level":30,"time":1774719767603,"pid":70310,"hostname":"Mac.home","msg":"Current prekey ID: 1277, exists in storage: true"}
{"level":30,"time":1774719767603,"pid":70310,"hostname":"Mac.home","msg":"Uploading PreKeys due to: server count low (5)"}
{"level":30,"time":1774719767603,"pid":70310,"hostname":"Mac.home","count":5,"retryCount":0,"msg":"uploading pre-keys"}
{"level":30,"time":1774719768095,"pid":70310,"hostname":"Mac.home","count":5,"msg":"uploaded pre-keys successfully"}
{"level":30,"time":1774719768337,"pid":70310,"hostname":"Mac.home","msg":"handled 0 offline messages/notifications"}
{"level":30,"time":1774719768337,"pid":70310,"hostname":"Mac.home","msg":"Connection is now AwaitingInitialSync, buffering events"}
{"level":30,"time":1774719768337,"pid":70310,"hostname":"Mac.home","msg":"History sync is disabled by config, not waiting for notification. Transitioning to Online."}
{"level":30,"time":1774719768765,"pid":70310,"hostname":"Mac.home","msg":"opened connection to WA"}
[WhatsApp] ✅ Bağlantı başarılı!
{"level":40,"time":1774719768768,"pid":70310,"hostname":"Mac.home","msg":"no name present, ignoring presence update request..."}
{"level":30,"time":1774719768775,"pid":70310,"hostname":"Mac.home","myPN":"905333559848:2@s.whatsapp.net","myLID":"129879995613400:2@lid","msg":"Own LID session created successfully"}
{"level":50,"time":1774719772788,"pid":70310,"hostname":"Mac.home","reasonNode":{"tag":"conflict","attrs":{"type":"replaced"}},"fullErrorNode":{"tag":"stream:error","attrs":{},"content":[{"tag":"conflict","attrs":{"type":"replaced"}}]},"msg":"stream errored out"}
{"level":30,"time":1774719772788,"pid":70310,"hostname":"Mac.home","trace":"Error: Stream Errored (conflict)\n    at WebSocketClient.<anonymous> (file:///Users/salihozgen/Desktop/psikolog-projesi/node_modules/@whiskeysockets/baileys/lib/Socket/socket.js:780:13)\n    at WebSocketClient.emit (node:events:518:28)\n    at file:///Users/salihozgen/Desktop/psikolog-projesi/node_modules/@whiskeysockets/baileys/lib/Socket/socket.js:464:35\n    at Object.decodeFrame (file:///Users/salihozgen/Desktop/psikolog-projesi/node_modules/@whiskeysockets/baileys/lib/Utils/noise-handler.js:141:17)\n    at process.processTicksAndRejections (node:internal/process/task_queues:105:5)\n    at async WebSocketClient.onMessageReceived (file:///Users/salihozgen/Desktop/psikolog-projesi/node_modules/@whiskeysockets/baileys/lib/Socket/socket.js:441:9)","msg":"connection errored"}
[WhatsApp] Bot süreci başlatılıyor...
{"level":30,"time":1774719778135,"pid":70310,"hostname":"Mac.home","browser":["Ubuntu","Chrome","122.0.0"],"helloMsg":{"clientHello":{"ephemeral":"IqnGWyFbHnpWtQy2Y8JwSpQFcHKMGhAxCxDY0GYJuUw="}},"msg":"connected to WA"}
{"level":30,"time":1774719778300,"pid":70310,"hostname":"Mac.home","node":{"username":"905333559848","passive":true,"userAgent":{"platform":"WEB","appVersion":{"primary":2,"secondary":3000,"tertiary":1035194821},"mcc":"000","mnc":"000","osVersion":"0.1","device":"Desktop","osBuildNumber":"0.1","releaseChannel":"RELEASE","localeLanguageIso6391":"en","localeCountryIso31661Alpha2":"US"},"webInfo":{"webSubPlatform":"WEB_BROWSER"},"connectType":"WIFI_UNKNOWN","connectReason":"USER_ACTIVATED","device":2,"pull":true,"lidDbMigrated":false},"msg":"logging in..."}
{"level":30,"time":1774719778617,"pid":70310,"hostname":"Mac.home","msg":"5 pre-keys found on server"}
{"level":30,"time":1774719778617,"pid":70310,"hostname":"Mac.home","msg":"Current prekey ID: 1287, exists in storage: true"}
{"level":30,"time":1774719778617,"pid":70310,"hostname":"Mac.home","msg":"Uploading PreKeys due to: server count low (5)"}
{"level":30,"time":1774719778617,"pid":70310,"hostname":"Mac.home","count":5,"retryCount":0,"msg":"uploading pre-keys"}
{"level":30,"time":1774719778817,"pid":70310,"hostname":"Mac.home","count":5,"msg":"uploaded pre-keys successfully"}
{"level":30,"time":1774719779025,"pid":70310,"hostname":"Mac.home","msg":"handled 0 offline messages/notifications"}
{"level":30,"time":1774719779025,"pid":70310,"hostname":"Mac.home","msg":"Connection is now AwaitingInitialSync, buffering events"}
{"level":30,"time":1774719779025,"pid":70310,"hostname":"Mac.home","msg":"History sync is disabled by config, not waiting for notification. Transitioning to Online."}
{"level":30,"time":1774719779130,"pid":70310,"hostname":"Mac.home","msg":"opened connection to WA"}
[WhatsApp] ✅ Bağlantı başarılı!
{"level":40,"time":1774719779133,"pid":70310,"hostname":"Mac.home","msg":"no name present, ignoring presence update request..."}
{"level":30,"time":1774719779138,"pid":70310,"hostname":"Mac.home","myPN":"905333559848:2@s.whatsapp.net","myLID":"129879995613400:2@lid","msg":"Own LID session created successfully"}
{"level":50,"time":1774719784393,"pid":70310,"hostname":"Mac.home","reasonNode":{"tag":"conflict","attrs":{"type":"replaced"}},"fullErrorNode":{"tag":"stream:error","attrs":{},"content":[{"tag":"conflict","attrs":{"type":"replaced"}}]},"msg":"stream errored out"}
{"level":30,"time":1774719784393,"pid":70310,"hostname":"Mac.home","trace":"Error: Stream Errored (conflict)\n    at WebSocketClient.<anonymous> (file:///Users/salihozgen/Desktop/psikolog-projesi/node_modules/@whiskeysockets/baileys/lib/Socket/socket.js:780:13)\n    at WebSocketClient.emit (node:events:518:28)\n    at file:///Users/salihozgen/Desktop/psikolog-projesi/node_modules/@whiskeysockets/baileys/lib/Socket/socket.js:464:35\n    at Object.decodeFrame (file:///Users/salihozgen/Desktop/psikolog-projesi/node_modules/@whiskeysockets/baileys/lib/Utils/noise-handler.js:141:17)\n    at process.processTicksAndRejections (node:internal/process/task_queues:105:5)\n    at async WebSocketClient.onMessageReceived (file:///Users/salihozgen/Desktop/psikolog-projesi/node_modules/@whiskeysockets/baileys/lib/Socket/socket.js:441:9)","msg":"connection errored"}
[WhatsApp] Bot süreci başlatılıyor...
{"level":30,"time":1774719789668,"pid":70310,"hostname":"Mac.home","browser":["Ubuntu","Chrome","122.0.0"],"helloMsg":{"clientHello":{"ephemeral":"xVAD6q8CQuHiLZT7D5CfkaHJUGtZUXEnRhy73YbOxDc="}},"msg":"connected to WA"}
{"level":30,"time":1774719789767,"pid":70310,"hostname":"Mac.home","node":{"username":"905333559848","passive":true,"userAgent":{"platform":"WEB","appVersion":{"primary":2,"secondary":3000,"tertiary":1035194821},"mcc":"000","mnc":"000","osVersion":"0.1","device":"Desktop","osBuildNumber":"0.1","releaseChannel":"RELEASE","localeLanguageIso6391":"en","localeCountryIso31661Alpha2":"US"},"webInfo":{"webSubPlatform":"WEB_BROWSER"},"connectType":"WIFI_UNKNOWN","connectReason":"USER_ACTIVATED","device":2,"pull":true,"lidDbMigrated":false},"msg":"logging in..."}
{"level":30,"time":1774719790407,"pid":70310,"hostname":"Mac.home","msg":"5 pre-keys found on server"}
{"level":30,"time":1774719790407,"pid":70310,"hostname":"Mac.home","msg":"Current prekey ID: 1297, exists in storage: true"}
{"level":30,"time":1774719790407,"pid":70310,"hostname":"Mac.home","msg":"Uploading PreKeys due to: server count low (5)"}
{"level":30,"time":1774719790407,"pid":70310,"hostname":"Mac.home","count":5,"retryCount":0,"msg":"uploading pre-keys"}
{"level":30,"time":1774719791096,"pid":70310,"hostname":"Mac.home","count":5,"msg":"uploaded pre-keys successfully"}
{"level":30,"time":1774719791339,"pid":70310,"hostname":"Mac.home","msg":"handled 0 offline messages/notifications"}
{"level":30,"time":1774719791339,"pid":70310,"hostname":"Mac.home","msg":"Connection is now AwaitingInitialSync, buffering events"}
{"level":30,"time":1774719791339,"pid":70310,"hostname":"Mac.home","msg":"History sync is disabled by config, not waiting for notification. Transitioning to Online."}
{"level":30,"time":1774719791598,"pid":70310,"hostname":"Mac.home","msg":"opened connection to WA"}
[WhatsApp] ✅ Bağlantı başarılı!
{"level":40,"time":1774719791601,"pid":70310,"hostname":"Mac.home","msg":"no name present, ignoring presence update request..."}
{"level":30,"time":1774719791608,"pid":70310,"hostname":"Mac.home","myPN":"905333559848:2@s.whatsapp.net","myLID":"129879995613400:2@lid","msg":"Own LID session created successfully"}
{"level":50,"time":1774719795960,"pid":70310,"hostname":"Mac.home","reasonNode":{"tag":"conflict","attrs":{"type":"replaced"}},"fullErrorNode":{"tag":"stream:error","attrs":{},"content":[{"tag":"conflict","attrs":{"type":"replaced"}}]},"msg":"stream errored out"}
{"level":30,"time":1774719795960,"pid":70310,"hostname":"Mac.home","trace":"Error: Stream Errored (conflict)\n    at WebSocketClient.<anonymous> (file:///Users/salihozgen/Desktop/psikolog-projesi/node_modules/@whiskeysockets/baileys/lib/Socket/socket.js:780:13)\n    at WebSocketClient.emit (node:events:518:28)\n    at file:///Users/salihozgen/Desktop/psikolog-projesi/node_modules/@whiskeysockets/baileys/lib/Socket/socket.js:464:35\n    at Object.decodeFrame (file:///Users/salihozgen/Desktop/psikolog-projesi/node_modules/@whiskeysockets/baileys/lib/Utils/noise-handler.js:141:17)\n    at process.processTicksAndRejections (node:internal/process/task_queues:105:5)\n    at async WebSocketClient.onMessageReceived (file:///Users/salihozgen/Desktop/psikolog-projesi/node_modules/@whiskeysockets/baileys/lib/Socket/socket.js:441:9)","msg":"connection errored"}
[WhatsApp] Bot süreci başlatılıyor...
{"level":30,"time":1774719801330,"pid":70310,"hostname":"Mac.home","browser":["Ubuntu","Chrome","122.0.0"],"helloMsg":{"clientHello":{"ephemeral":"+80oQvYafXeCM1pL+HsELELwKc7CFr5OlCt5VeBWUQg="}},"msg":"connected to WA"}
{"level":30,"time":1774719801521,"pid":70310,"hostname":"Mac.home","node":{"username":"905333559848","passive":true,"userAgent":{"platform":"WEB","appVersion":{"primary":2,"secondary":3000,"tertiary":1035194821},"mcc":"000","mnc":"000","osVersion":"0.1","device":"Desktop","osBuildNumber":"0.1","releaseChannel":"RELEASE","localeLanguageIso6391":"en","localeCountryIso31661Alpha2":"US"},"webInfo":{"webSubPlatform":"WEB_BROWSER"},"connectType":"WIFI_UNKNOWN","connectReason":"USER_ACTIVATED","device":2,"pull":true,"lidDbMigrated":false},"msg":"logging in..."}
{"level":30,"time":1774719801981,"pid":70310,"hostname":"Mac.home","msg":"5 pre-keys found on server"}
{"level":30,"time":1774719801981,"pid":70310,"hostname":"Mac.home","msg":"Current prekey ID: 1307, exists in storage: true"}
{"level":30,"time":1774719801981,"pid":70310,"hostname":"Mac.home","msg":"Uploading PreKeys due to: server count low (5)"}
{"level":30,"time":1774719801981,"pid":70310,"hostname":"Mac.home","count":5,"retryCount":0,"msg":"uploading pre-keys"}
{"level":30,"time":1774719802333,"pid":70310,"hostname":"Mac.home","count":5,"msg":"uploaded pre-keys successfully"}
{"level":30,"time":1774719802571,"pid":70310,"hostname":"Mac.home","msg":"handled 0 offline messages/notifications"}
{"level":30,"time":1774719802571,"pid":70310,"hostname":"Mac.home","msg":"Connection is now AwaitingInitialSync, buffering events"}
{"level":30,"time":1774719802572,"pid":70310,"hostname":"Mac.home","msg":"History sync is disabled by config, not waiting for notification. Transitioning to Online."}
{"level":30,"time":1774719802752,"pid":70310,"hostname":"Mac.home","msg":"opened connection to WA"}
[WhatsApp] ✅ Bağlantı başarılı!
{"level":40,"time":1774719802754,"pid":70310,"hostname":"Mac.home","msg":"no name present, ignoring presence update request..."}
{"level":30,"time":1774719802759,"pid":70310,"hostname":"Mac.home","myPN":"905333559848:2@s.whatsapp.net","myLID":"129879995613400:2@lid","msg":"Own LID session created successfully"}
{"level":50,"time":1774719807833,"pid":70310,"hostname":"Mac.home","reasonNode":{"tag":"conflict","attrs":{"type":"replaced"}},"fullErrorNode":{"tag":"stream:error","attrs":{},"content":[{"tag":"conflict","attrs":{"type":"replaced"}}]},"msg":"stream errored out"}
{"level":30,"time":1774719807834,"pid":70310,"hostname":"Mac.home","trace":"Error: Stream Errored (conflict)\n    at WebSocketClient.<anonymous> (file:///Users/salihozgen/Desktop/psikolog-projesi/node_modules/@whiskeysockets/baileys/lib/Socket/socket.js:780:13)\n    at WebSocketClient.emit (node:events:518:28)\n    at file:///Users/salihozgen/Desktop/psikolog-projesi/node_modules/@whiskeysockets/baileys/lib/Socket/socket.js:464:35\n    at Object.decodeFrame (file:///Users/salihozgen/Desktop/psikolog-projesi/node_modules/@whiskeysockets/baileys/lib/Utils/noise-handler.js:141:17)\n    at process.processTicksAndRejections (node:internal/process/task_queues:105:5)\n    at async WebSocketClient.onMessageReceived (file:///Users/salihozgen/Desktop/psikolog-projesi/node_modules/@whiskeysockets/baileys/lib/Socket/socket.js:441:9)","msg":"connection errored"}
[WhatsApp] Bot süreci başlatılıyor...
{"level":30,"time":1774719813080,"pid":70310,"hostname":"Mac.home","browser":["Ubuntu","Chrome","122.0.0"],"helloMsg":{"clientHello":{"ephemeral":"jWvn4F4gIii7yVrjImjss4NoPslchMccqEWrHw2ttXc="}},"msg":"connected to WA"}
{"level":30,"time":1774719813163,"pid":70310,"hostname":"Mac.home","node":{"username":"905333559848","passive":true,"userAgent":{"platform":"WEB","appVersion":{"primary":2,"secondary":3000,"tertiary":1035194821},"mcc":"000","mnc":"000","osVersion":"0.1","device":"Desktop","osBuildNumber":"0.1","releaseChannel":"RELEASE","localeLanguageIso6391":"en","localeCountryIso31661Alpha2":"US"},"webInfo":{"webSubPlatform":"WEB_BROWSER"},"connectType":"WIFI_UNKNOWN","connectReason":"USER_ACTIVATED","device":2,"pull":true,"lidDbMigrated":false},"msg":"logging in..."}
{"level":30,"time":1774719813885,"pid":70310,"hostname":"Mac.home","msg":"5 pre-keys found on server"}
{"level":30,"time":1774719813885,"pid":70310,"hostname":"Mac.home","msg":"Current prekey ID: 1317, exists in storage: true"}
{"level":30,"time":1774719813885,"pid":70310,"hostname":"Mac.home","msg":"Uploading PreKeys due to: server count low (5)"}
{"level":30,"time":1774719813885,"pid":70310,"hostname":"Mac.home","count":5,"retryCount":0,"msg":"uploading pre-keys"}
{"level":30,"time":1774719814270,"pid":70310,"hostname":"Mac.home","count":5,"msg":"uploaded pre-keys successfully"}
{"level":30,"time":1774719814466,"pid":70310,"hostname":"Mac.home","msg":"handled 0 offline messages/notifications"}
{"level":30,"time":1774719814467,"pid":70310,"hostname":"Mac.home","msg":"Connection is now AwaitingInitialSync, buffering events"}
{"level":30,"time":1774719814467,"pid":70310,"hostname":"Mac.home","msg":"History sync is disabled by config, not waiting for notification. Transitioning to Online."}
{"level":30,"time":1774719814651,"pid":70310,"hostname":"Mac.home","msg":"opened connection to WA"}
[WhatsApp] ✅ Bağlantı başarılı!
{"level":40,"time":1774719814654,"pid":70310,"hostname":"Mac.home","msg":"no name present, ignoring presence update request..."}
{"level":30,"time":1774719814660,"pid":70310,"hostname":"Mac.home","myPN":"905333559848:2@s.whatsapp.net","myLID":"129879995613400:2@lid","msg":"Own LID session created successfully"}
{"level":50,"time":1774719819288,"pid":70310,"hostname":"Mac.home","reasonNode":{"tag":"conflict","attrs":{"type":"replaced"}},"fullErrorNode":{"tag":"stream:error","attrs":{},"content":[{"tag":"conflict","attrs":{"type":"replaced"}}]},"msg":"stream errored out"}
{"level":30,"time":1774719819289,"pid":70310,"hostname":"Mac.home","trace":"Error: Stream Errored (conflict)\n    at WebSocketClient.<anonymous> (file:///Users/salihozgen/Desktop/psikolog-projesi/node_modules/@whiskeysockets/baileys/lib/Socket/socket.js:780:13)\n    at WebSocketClient.emit (node:events:518:28)\n    at file:///Users/salihozgen/Desktop/psikolog-projesi/node_modules/@whiskeysockets/baileys/lib/Socket/socket.js:464:35\n    at Object.decodeFrame (file:///Users/salihozgen/Desktop/psikolog-projesi/node_modules/@whiskeysockets/baileys/lib/Utils/noise-handler.js:141:17)\n    at process.processTicksAndRejections (node:internal/process/task_queues:105:5)\n    at async WebSocketClient.onMessageReceived (file:///Users/salihozgen/Desktop/psikolog-projesi/node_modules/@whiskeysockets/baileys/lib/Socket/socket.js:441:9)","msg":"connection errored"}
[WhatsApp] Bot süreci başlatılıyor...
{"level":30,"time":1774719824548,"pid":70310,"hostname":"Mac.home","browser":["Ubuntu","Chrome","122.0.0"],"helloMsg":{"clientHello":{"ephemeral":"O2e2q4hiOQx5tnRLW4m7xZU3sZrRe1phIoCu9jibVyE="}},"msg":"connected to WA"}
{"level":30,"time":1774719824627,"pid":70310,"hostname":"Mac.home","node":{"username":"905333559848","passive":true,"userAgent":{"platform":"WEB","appVersion":{"primary":2,"secondary":3000,"tertiary":1035194821},"mcc":"000","mnc":"000","osVersion":"0.1","device":"Desktop","osBuildNumber":"0.1","releaseChannel":"RELEASE","localeLanguageIso6391":"en","localeCountryIso31661Alpha2":"US"},"webInfo":{"webSubPlatform":"WEB_BROWSER"},"connectType":"WIFI_UNKNOWN","connectReason":"USER_ACTIVATED","device":2,"pull":true,"lidDbMigrated":false},"msg":"logging in..."}
{"level":30,"time":1774719825148,"pid":70310,"hostname":"Mac.home","msg":"5 pre-keys found on server"}
{"level":30,"time":1774719825148,"pid":70310,"hostname":"Mac.home","msg":"Current prekey ID: 1327, exists in storage: true"}
{"level":30,"time":1774719825148,"pid":70310,"hostname":"Mac.home","msg":"Uploading PreKeys due to: server count low (5)"}
{"level":30,"time":1774719825148,"pid":70310,"hostname":"Mac.home","count":5,"retryCount":0,"msg":"uploading pre-keys"}
{"level":30,"time":1774719825551,"pid":70310,"hostname":"Mac.home","count":5,"msg":"uploaded pre-keys successfully"}
{"level":30,"time":1774719825760,"pid":70310,"hostname":"Mac.home","msg":"handled 0 offline messages/notifications"}
{"level":30,"time":1774719825761,"pid":70310,"hostname":"Mac.home","msg":"Connection is now AwaitingInitialSync, buffering events"}
{"level":30,"time":1774719825761,"pid":70310,"hostname":"Mac.home","msg":"History sync is disabled by config, not waiting for notification. Transitioning to Online."}
{"level":30,"time":1774719825792,"pid":70310,"hostname":"Mac.home","msg":"opened connection to WA"}
[WhatsApp] ✅ Bağlantı başarılı!
{"level":40,"time":1774719825794,"pid":70310,"hostname":"Mac.home","msg":"no name present, ignoring presence update request..."}
{"level":30,"time":1774719825799,"pid":70310,"hostname":"Mac.home","myPN":"905333559848:2@s.whatsapp.net","myLID":"129879995613400:2@lid","msg":"Own LID session created successfully"}
{"level":50,"time":1774719830692,"pid":70310,"hostname":"Mac.home","reasonNode":{"tag":"conflict","attrs":{"type":"replaced"}},"fullErrorNode":{"tag":"stream:error","attrs":{},"content":[{"tag":"conflict","attrs":{"type":"replaced"}}]},"msg":"stream errored out"}
{"level":30,"time":1774719830693,"pid":70310,"hostname":"Mac.home","trace":"Error: Stream Errored (conflict)\n    at WebSocketClient.<anonymous> (file:///Users/salihozgen/Desktop/psikolog-projesi/node_modules/@whiskeysockets/baileys/lib/Socket/socket.js:780:13)\n    at WebSocketClient.emit (node:events:518:28)\n    at file:///Users/salihozgen/Desktop/psikolog-projesi/node_modules/@whiskeysockets/baileys/lib/Socket/socket.js:464:35\n    at Object.decodeFrame (file:///Users/salihozgen/Desktop/psikolog-projesi/node_modules/@whiskeysockets/baileys/lib/Utils/noise-handler.js:141:17)\n    at process.processTicksAndRejections (node:internal/process/task_queues:105:5)\n    at async WebSocketClient.onMessageReceived (file:///Users/salihozgen/Desktop/psikolog-projesi/node_modules/@whiskeysockets/baileys/lib/Socket/socket.js:441:9)","msg":"connection errored"}
[WhatsApp] Bot süreci başlatılıyor...
{"level":30,"time":1774719835965,"pid":70310,"hostname":"Mac.home","browser":["Ubuntu","Chrome","122.0.0"],"helloMsg":{"clientHello":{"ephemeral":"N1orPlLtmYpw5nvomXXVSwAJlDcagUNmSiZVr8QHLDY="}},"msg":"connected to WA"}
{"level":30,"time":1774719836062,"pid":70310,"hostname":"Mac.home","node":{"username":"905333559848","passive":true,"userAgent":{"platform":"WEB","appVersion":{"primary":2,"secondary":3000,"tertiary":1035194821},"mcc":"000","mnc":"000","osVersion":"0.1","device":"Desktop","osBuildNumber":"0.1","releaseChannel":"RELEASE","localeLanguageIso6391":"en","localeCountryIso31661Alpha2":"US"},"webInfo":{"webSubPlatform":"WEB_BROWSER"},"connectType":"WIFI_UNKNOWN","connectReason":"USER_ACTIVATED","device":2,"pull":true,"lidDbMigrated":false},"msg":"logging in..."}
{"level":30,"time":1774719836960,"pid":70310,"hostname":"Mac.home","msg":"5 pre-keys found on server"}
{"level":30,"time":1774719836960,"pid":70310,"hostname":"Mac.home","msg":"Current prekey ID: 1337, exists in storage: true"}
{"level":30,"time":1774719836960,"pid":70310,"hostname":"Mac.home","msg":"Uploading PreKeys due to: server count low (5)"}
{"level":30,"time":1774719836960,"pid":70310,"hostname":"Mac.home","count":5,"retryCount":0,"msg":"uploading pre-keys"}
{"level":30,"time":1774719837683,"pid":70310,"hostname":"Mac.home","count":5,"msg":"uploaded pre-keys successfully"}
{"level":30,"time":1774719837924,"pid":70310,"hostname":"Mac.home","msg":"handled 0 offline messages/notifications"}
{"level":30,"time":1774719837925,"pid":70310,"hostname":"Mac.home","msg":"Connection is now AwaitingInitialSync, buffering events"}
{"level":30,"time":1774719837925,"pid":70310,"hostname":"Mac.home","msg":"History sync is disabled by config, not waiting for notification. Transitioning to Online."}
{"level":30,"time":1774719838220,"pid":70310,"hostname":"Mac.home","msg":"opened connection to WA"}
[WhatsApp] ✅ Bağlantı başarılı!
{"level":40,"time":1774719838223,"pid":70310,"hostname":"Mac.home","msg":"no name present, ignoring presence update request..."}
{"level":30,"time":1774719838231,"pid":70310,"hostname":"Mac.home","myPN":"905333559848:2@s.whatsapp.net","myLID":"129879995613400:2@lid","msg":"Own LID session created successfully"}
{"level":50,"time":1774719842124,"pid":70310,"hostname":"Mac.home","reasonNode":{"tag":"conflict","attrs":{"type":"replaced"}},"fullErrorNode":{"tag":"stream:error","attrs":{},"content":[{"tag":"conflict","attrs":{"type":"replaced"}}]},"msg":"stream errored out"}
{"level":30,"time":1774719842125,"pid":70310,"hostname":"Mac.home","trace":"Error: Stream Errored (conflict)\n    at WebSocketClient.<anonymous> (file:///Users/salihozgen/Desktop/psikolog-projesi/node_modules/@whiskeysockets/baileys/lib/Socket/socket.js:780:13)\n    at WebSocketClient.emit (node:events:518:28)\n    at file:///Users/salihozgen/Desktop/psikolog-projesi/node_modules/@whiskeysockets/baileys/lib/Socket/socket.js:464:35\n    at Object.decodeFrame (file:///Users/salihozgen/Desktop/psikolog-projesi/node_modules/@whiskeysockets/baileys/lib/Utils/noise-handler.js:141:17)\n    at process.processTicksAndRejections (node:internal/process/task_queues:105:5)\n    at async WebSocketClient.onMessageReceived (file:///Users/salihozgen/Desktop/psikolog-projesi/node_modules/@whiskeysockets/baileys/lib/Socket/socket.js:441:9)","msg":"connection errored"}
[WhatsApp] Bot süreci başlatılıyor...
{"level":30,"time":1774719847384,"pid":70310,"hostname":"Mac.home","browser":["Ubuntu","Chrome","122.0.0"],"helloMsg":{"clientHello":{"ephemeral":"taWSPmJ721GFuwcBQ7iM8n+8hXN2+WqgsbrYlrCdVFk="}},"msg":"connected to WA"}
{"level":30,"time":1774719847465,"pid":70310,"hostname":"Mac.home","node":{"username":"905333559848","passive":true,"userAgent":{"platform":"WEB","appVersion":{"primary":2,"secondary":3000,"tertiary":1035194821},"mcc":"000","mnc":"000","osVersion":"0.1","device":"Desktop","osBuildNumber":"0.1","releaseChannel":"RELEASE","localeLanguageIso6391":"en","localeCountryIso31661Alpha2":"US"},"webInfo":{"webSubPlatform":"WEB_BROWSER"},"connectType":"WIFI_UNKNOWN","connectReason":"USER_ACTIVATED","device":2,"pull":true,"lidDbMigrated":false},"msg":"logging in..."}
{"level":30,"time":1774719847976,"pid":70310,"hostname":"Mac.home","msg":"5 pre-keys found on server"}
{"level":30,"time":1774719847976,"pid":70310,"hostname":"Mac.home","msg":"Current prekey ID: 1347, exists in storage: true"}
{"level":30,"time":1774719847976,"pid":70310,"hostname":"Mac.home","msg":"Uploading PreKeys due to: server count low (5)"}
{"level":30,"time":1774719847976,"pid":70310,"hostname":"Mac.home","count":5,"retryCount":0,"msg":"uploading pre-keys"}
{"level":30,"time":1774719848377,"pid":70310,"hostname":"Mac.home","count":5,"msg":"uploaded pre-keys successfully"}
{"level":30,"time":1774719848580,"pid":70310,"hostname":"Mac.home","msg":"handled 0 offline messages/notifications"}
{"level":30,"time":1774719848580,"pid":70310,"hostname":"Mac.home","msg":"Connection is now AwaitingInitialSync, buffering events"}
{"level":30,"time":1774719848580,"pid":70310,"hostname":"Mac.home","msg":"History sync is disabled by config, not waiting for notification. Transitioning to Online."}
{"level":30,"time":1774719848626,"pid":70310,"hostname":"Mac.home","msg":"opened connection to WA"}
[WhatsApp] ✅ Bağlantı başarılı!
{"level":40,"time":1774719848631,"pid":70310,"hostname":"Mac.home","msg":"no name present, ignoring presence update request..."}
{"level":30,"time":1774719848638,"pid":70310,"hostname":"Mac.home","myPN":"905333559848:2@s.whatsapp.net","myLID":"129879995613400:2@lid","msg":"Own LID session created successfully"}
{"level":50,"time":1774719853530,"pid":70310,"hostname":"Mac.home","reasonNode":{"tag":"conflict","attrs":{"type":"replaced"}},"fullErrorNode":{"tag":"stream:error","attrs":{},"content":[{"tag":"conflict","attrs":{"type":"replaced"}}]},"msg":"stream errored out"}
{"level":30,"time":1774719853531,"pid":70310,"hostname":"Mac.home","trace":"Error: Stream Errored (conflict)\n    at WebSocketClient.<anonymous> (file:///Users/salihozgen/Desktop/psikolog-projesi/node_modules/@whiskeysockets/baileys/lib/Socket/socket.js:780:13)\n    at WebSocketClient.emit (node:events:518:28)\n    at file:///Users/salihozgen/Desktop/psikolog-projesi/node_modules/@whiskeysockets/baileys/lib/Socket/socket.js:464:35\n    at Object.decodeFrame (file:///Users/salihozgen/Desktop/psikolog-projesi/node_modules/@whiskeysockets/baileys/lib/Utils/noise-handler.js:141:17)\n    at process.processTicksAndRejections (node:internal/process/task_queues:105:5)\n    at async WebSocketClient.onMessageReceived (file:///Users/salihozgen/Desktop/psikolog-projesi/node_modules/@whiskeysockets/baileys/lib/Socket/socket.js:441:9)","msg":"connection errored"}
[WhatsApp] Bot süreci başlatılıyor...
{"level":30,"time":1774719858872,"pid":70310,"hostname":"Mac.home","browser":["Ubuntu","Chrome","122.0.0"],"helloMsg":{"clientHello":{"ephemeral":"sKTla73RY1ESQ28I4jMykTZaSeNe0DyCtNSu0pU5yg8="}},"msg":"connected to WA"}
{"level":30,"time":1774719859044,"pid":70310,"hostname":"Mac.home","node":{"username":"905333559848","passive":true,"userAgent":{"platform":"WEB","appVersion":{"primary":2,"secondary":3000,"tertiary":1035194821},"mcc":"000","mnc":"000","osVersion":"0.1","device":"Desktop","osBuildNumber":"0.1","releaseChannel":"RELEASE","localeLanguageIso6391":"en","localeCountryIso31661Alpha2":"US"},"webInfo":{"webSubPlatform":"WEB_BROWSER"},"connectType":"WIFI_UNKNOWN","connectReason":"USER_ACTIVATED","device":2,"pull":true,"lidDbMigrated":false},"msg":"logging in..."}
{"level":30,"time":1774719859462,"pid":70310,"hostname":"Mac.home","msg":"5 pre-keys found on server"}
{"level":30,"time":1774719859462,"pid":70310,"hostname":"Mac.home","msg":"Current prekey ID: 1357, exists in storage: true"}
{"level":30,"time":1774719859462,"pid":70310,"hostname":"Mac.home","msg":"Uploading PreKeys due to: server count low (5)"}
{"level":30,"time":1774719859462,"pid":70310,"hostname":"Mac.home","count":5,"retryCount":0,"msg":"uploading pre-keys"}
{"level":30,"time":1774719859765,"pid":70310,"hostname":"Mac.home","count":5,"msg":"uploaded pre-keys successfully"}
{"level":30,"time":1774719859962,"pid":70310,"hostname":"Mac.home","msg":"handled 0 offline messages/notifications"}
{"level":30,"time":1774719859963,"pid":70310,"hostname":"Mac.home","msg":"Connection is now AwaitingInitialSync, buffering events"}
{"level":30,"time":1774719859963,"pid":70310,"hostname":"Mac.home","msg":"History sync is disabled by config, not waiting for notification. Transitioning to Online."}
{"level":30,"time":1774719860139,"pid":70310,"hostname":"Mac.home","msg":"opened connection to WA"}
[WhatsApp] ✅ Bağlantı başarılı!
{"level":40,"time":1774719860141,"pid":70310,"hostname":"Mac.home","msg":"no name present, ignoring presence update request..."}
{"level":30,"time":1774719860157,"pid":70310,"hostname":"Mac.home","myPN":"905333559848:2@s.whatsapp.net","myLID":"129879995613400:2@lid","msg":"Own LID session created successfully"}
{"level":50,"time":1774719864985,"pid":70310,"hostname":"Mac.home","reasonNode":{"tag":"conflict","attrs":{"type":"replaced"}},"fullErrorNode":{"tag":"stream:error","attrs":{},"content":[{"tag":"conflict","attrs":{"type":"replaced"}}]},"msg":"stream errored out"}
{"level":30,"time":1774719864986,"pid":70310,"hostname":"Mac.home","trace":"Error: Stream Errored (conflict)\n    at WebSocketClient.<anonymous> (file:///Users/salihozgen/Desktop/psikolog-projesi/node_modules/@whiskeysockets/baileys/lib/Socket/socket.js:780:13)\n    at WebSocketClient.emit (node:events:518:28)\n    at file:///Users/salihozgen/Desktop/psikolog-projesi/node_modules/@whiskeysockets/baileys/lib/Socket/socket.js:464:35\n    at Object.decodeFrame (file:///Users/salihozgen/Desktop/psikolog-projesi/node_modules/@whiskeysockets/baileys/lib/Utils/noise-handler.js:141:17)\n    at process.processTicksAndRejections (node:internal/process/task_queues:105:5)\n    at async WebSocketClient.onMessageReceived (file:///Users/salihozgen/Desktop/psikolog-projesi/node_modules/@whiskeysockets/baileys/lib/Socket/socket.js:441:9)","msg":"connection errored"}
[WhatsApp] Bot süreci başlatılıyor...
{"level":30,"time":1774719870345,"pid":70310,"hostname":"Mac.home","browser":["Ubuntu","Chrome","122.0.0"],"helloMsg":{"clientHello":{"ephemeral":"tR/cDiZDd6ursq0mLZo7R1+ejOOTAmdtrZgf4Yi5UzA="}},"msg":"connected to WA"}
{"level":30,"time":1774719870522,"pid":70310,"hostname":"Mac.home","node":{"username":"905333559848","passive":true,"userAgent":{"platform":"WEB","appVersion":{"primary":2,"secondary":3000,"tertiary":1035194821},"mcc":"000","mnc":"000","osVersion":"0.1","device":"Desktop","osBuildNumber":"0.1","releaseChannel":"RELEASE","localeLanguageIso6391":"en","localeCountryIso31661Alpha2":"US"},"webInfo":{"webSubPlatform":"WEB_BROWSER"},"connectType":"WIFI_UNKNOWN","connectReason":"USER_ACTIVATED","device":2,"pull":true,"lidDbMigrated":false},"msg":"logging in..."}
{"level":30,"time":1774719870927,"pid":70310,"hostname":"Mac.home","msg":"5 pre-keys found on server"}
{"level":30,"time":1774719870927,"pid":70310,"hostname":"Mac.home","msg":"Current prekey ID: 1367, exists in storage: true"}
{"level":30,"time":1774719870927,"pid":70310,"hostname":"Mac.home","msg":"Uploading PreKeys due to: server count low (5)"}
{"level":30,"time":1774719870927,"pid":70310,"hostname":"Mac.home","count":5,"retryCount":0,"msg":"uploading pre-keys"}
{"level":30,"time":1774719871227,"pid":70310,"hostname":"Mac.home","count":5,"msg":"uploaded pre-keys successfully"}
{"level":30,"time":1774719871420,"pid":70310,"hostname":"Mac.home","msg":"handled 0 offline messages/notifications"}
{"level":30,"time":1774719871420,"pid":70310,"hostname":"Mac.home","msg":"Connection is now AwaitingInitialSync, buffering events"}
{"level":30,"time":1774719871420,"pid":70310,"hostname":"Mac.home","msg":"History sync is disabled by config, not waiting for notification. Transitioning to Online."}
{"level":30,"time":1774719871595,"pid":70310,"hostname":"Mac.home","msg":"opened connection to WA"}
[WhatsApp] ✅ Bağlantı başarılı!
{"level":40,"time":1774719871597,"pid":70310,"hostname":"Mac.home","msg":"no name present, ignoring presence update request..."}
{"level":30,"time":1774719871601,"pid":70310,"hostname":"Mac.home","myPN":"905333559848:2@s.whatsapp.net","myLID":"129879995613400:2@lid","msg":"Own LID session created successfully"}
{"level":50,"time":1774719876791,"pid":70310,"hostname":"Mac.home","reasonNode":{"tag":"conflict","attrs":{"type":"replaced"}},"fullErrorNode":{"tag":"stream:error","attrs":{},"content":[{"tag":"conflict","attrs":{"type":"replaced"}}]},"msg":"stream errored out"}
{"level":30,"time":1774719876792,"pid":70310,"hostname":"Mac.home","trace":"Error: Stream Errored (conflict)\n    at WebSocketClient.<anonymous> (file:///Users/salihozgen/Desktop/psikolog-projesi/node_modules/@whiskeysockets/baileys/lib/Socket/socket.js:780:13)\n    at WebSocketClient.emit (node:events:518:28)\n    at file:///Users/salihozgen/Desktop/psikolog-projesi/node_modules/@whiskeysockets/baileys/lib/Socket/socket.js:464:35\n    at Object.decodeFrame (file:///Users/salihozgen/Desktop/psikolog-projesi/node_modules/@whiskeysockets/baileys/lib/Utils/noise-handler.js:141:17)\n    at process.processTicksAndRejections (node:internal/process/task_queues:105:5)\n    at async WebSocketClient.onMessageReceived (file:///Users/salihozgen/Desktop/psikolog-projesi/node_modules/@whiskeysockets/baileys/lib/Socket/socket.js:441:9)","msg":"connection errored"}
[WhatsApp] Bot süreci başlatılıyor...
{"level":30,"time":1774719882111,"pid":70310,"hostname":"Mac.home","browser":["Ubuntu","Chrome","122.0.0"],"helloMsg":{"clientHello":{"ephemeral":"6I2s2YAa+SBwZHh3kzO5x67KvkEG7uFivdWR6pPVCmk="}},"msg":"connected to WA"}
{"level":30,"time":1774719882275,"pid":70310,"hostname":"Mac.home","node":{"username":"905333559848","passive":true,"userAgent":{"platform":"WEB","appVersion":{"primary":2,"secondary":3000,"tertiary":1035194821},"mcc":"000","mnc":"000","osVersion":"0.1","device":"Desktop","osBuildNumber":"0.1","releaseChannel":"RELEASE","localeLanguageIso6391":"en","localeCountryIso31661Alpha2":"US"},"webInfo":{"webSubPlatform":"WEB_BROWSER"},"connectType":"WIFI_UNKNOWN","connectReason":"USER_ACTIVATED","device":2,"pull":true,"lidDbMigrated":false},"msg":"logging in..."}
{"level":30,"time":1774719882593,"pid":70310,"hostname":"Mac.home","msg":"5 pre-keys found on server"}
{"level":30,"time":1774719882593,"pid":70310,"hostname":"Mac.home","msg":"Current prekey ID: 1377, exists in storage: true"}
{"level":30,"time":1774719882593,"pid":70310,"hostname":"Mac.home","msg":"Uploading PreKeys due to: server count low (5)"}
{"level":30,"time":1774719882593,"pid":70310,"hostname":"Mac.home","count":5,"retryCount":0,"msg":"uploading pre-keys"}
{"level":30,"time":1774719882794,"pid":70310,"hostname":"Mac.home","count":5,"msg":"uploaded pre-keys successfully"}
{"level":30,"time":1774719883001,"pid":70310,"hostname":"Mac.home","msg":"handled 0 offline messages/notifications"}
{"level":30,"time":1774719883001,"pid":70310,"hostname":"Mac.home","msg":"Connection is now AwaitingInitialSync, buffering events"}
{"level":30,"time":1774719883001,"pid":70310,"hostname":"Mac.home","msg":"History sync is disabled by config, not waiting for notification. Transitioning to Online."}
{"level":30,"time":1774719883106,"pid":70310,"hostname":"Mac.home","msg":"opened connection to WA"}
[WhatsApp] ✅ Bağlantı başarılı!
{"level":40,"time":1774719883108,"pid":70310,"hostname":"Mac.home","msg":"no name present, ignoring presence update request..."}
{"level":30,"time":1774719883114,"pid":70310,"hostname":"Mac.home","myPN":"905333559848:2@s.whatsapp.net","myLID":"129879995613400:2@lid","msg":"Own LID session created successfully"}
{"level":50,"time":1774719888328,"pid":70310,"hostname":"Mac.home","reasonNode":{"tag":"conflict","attrs":{"type":"replaced"}},"fullErrorNode":{"tag":"stream:error","attrs":{},"content":[{"tag":"conflict","attrs":{"type":"replaced"}}]},"msg":"stream errored out"}
{"level":30,"time":1774719888328,"pid":70310,"hostname":"Mac.home","trace":"Error: Stream Errored (conflict)\n    at WebSocketClient.<anonymous> (file:///Users/salihozgen/Desktop/psikolog-projesi/node_modules/@whiskeysockets/baileys/lib/Socket/socket.js:780:13)\n    at WebSocketClient.emit (node:events:518:28)\n    at file:///Users/salihozgen/Desktop/psikolog-projesi/node_modules/@whiskeysockets/baileys/lib/Socket/socket.js:464:35\n    at Object.decodeFrame (file:///Users/salihozgen/Desktop/psikolog-projesi/node_modules/@whiskeysockets/baileys/lib/Utils/noise-handler.js:141:17)\n    at process.processTicksAndRejections (node:internal/process/task_queues:105:5)\n    at async WebSocketClient.onMessageReceived (file:///Users/salihozgen/Desktop/psikolog-projesi/node_modules/@whiskeysockets/baileys/lib/Socket/socket.js:441:9)","msg":"connection errored"}
[WhatsApp] Bot süreci başlatılıyor...
{"level":30,"time":1774719893668,"pid":70310,"hostname":"Mac.home","browser":["Ubuntu","Chrome","122.0.0"],"helloMsg":{"clientHello":{"ephemeral":"S23/FxM9mY80yx7D/FBv/g5Q7ENdyjDbhtTVysbeG14="}},"msg":"connected to WA"}
{"level":30,"time":1774719893841,"pid":70310,"hostname":"Mac.home","node":{"username":"905333559848","passive":true,"userAgent":{"platform":"WEB","appVersion":{"primary":2,"secondary":3000,"tertiary":1035194821},"mcc":"000","mnc":"000","osVersion":"0.1","device":"Desktop","osBuildNumber":"0.1","releaseChannel":"RELEASE","localeLanguageIso6391":"en","localeCountryIso31661Alpha2":"US"},"webInfo":{"webSubPlatform":"WEB_BROWSER"},"connectType":"WIFI_UNKNOWN","connectReason":"USER_ACTIVATED","device":2,"pull":true,"lidDbMigrated":false},"msg":"logging in..."}
{"level":30,"time":1774719894258,"pid":70310,"hostname":"Mac.home","msg":"5 pre-keys found on server"}
{"level":30,"time":1774719894258,"pid":70310,"hostname":"Mac.home","msg":"Current prekey ID: 1387, exists in storage: true"}
{"level":30,"time":1774719894258,"pid":70310,"hostname":"Mac.home","msg":"Uploading PreKeys due to: server count low (5)"}
{"level":30,"time":1774719894258,"pid":70310,"hostname":"Mac.home","count":5,"retryCount":0,"msg":"uploading pre-keys"}
{"level":30,"time":1774719894562,"pid":70310,"hostname":"Mac.home","count":5,"msg":"uploaded pre-keys successfully"}
{"level":30,"time":1774719894754,"pid":70310,"hostname":"Mac.home","msg":"handled 0 offline messages/notifications"}
{"level":30,"time":1774719894754,"pid":70310,"hostname":"Mac.home","msg":"Connection is now AwaitingInitialSync, buffering events"}
{"level":30,"time":1774719894754,"pid":70310,"hostname":"Mac.home","msg":"History sync is disabled by config, not waiting for notification. Transitioning to Online."}
{"level":30,"time":1774719894926,"pid":70310,"hostname":"Mac.home","msg":"opened connection to WA"}
[WhatsApp] ✅ Bağlantı başarılı!
{"level":40,"time":1774719894928,"pid":70310,"hostname":"Mac.home","msg":"no name present, ignoring presence update request..."}
{"level":30,"time":1774719894933,"pid":70310,"hostname":"Mac.home","myPN":"905333559848:2@s.whatsapp.net","myLID":"129879995613400:2@lid","msg":"Own LID session created successfully"}
{"level":50,"time":1774719899911,"pid":70310,"hostname":"Mac.home","reasonNode":{"tag":"conflict","attrs":{"type":"replaced"}},"fullErrorNode":{"tag":"stream:error","attrs":{},"content":[{"tag":"conflict","attrs":{"type":"replaced"}}]},"msg":"stream errored out"}
{"level":30,"time":1774719899911,"pid":70310,"hostname":"Mac.home","trace":"Error: Stream Errored (conflict)\n    at WebSocketClient.<anonymous> (file:///Users/salihozgen/Desktop/psikolog-projesi/node_modules/@whiskeysockets/baileys/lib/Socket/socket.js:780:13)\n    at WebSocketClient.emit (node:events:518:28)\n    at file:///Users/salihozgen/Desktop/psikolog-projesi/node_modules/@whiskeysockets/baileys/lib/Socket/socket.js:464:35\n    at Object.decodeFrame (file:///Users/salihozgen/Desktop/psikolog-projesi/node_modules/@whiskeysockets/baileys/lib/Utils/noise-handler.js:141:17)\n    at process.processTicksAndRejections (node:internal/process/task_queues:105:5)\n    at async WebSocketClient.onMessageReceived (file:///Users/salihozgen/Desktop/psikolog-projesi/node_modules/@whiskeysockets/baileys/lib/Socket/socket.js:441:9)","msg":"connection errored"}
[WhatsApp] Bot süreci başlatılıyor...
{"level":30,"time":1774719905160,"pid":70310,"hostname":"Mac.home","browser":["Ubuntu","Chrome","122.0.0"],"helloMsg":{"clientHello":{"ephemeral":"ZR7WkLHv3kw/8NxpEipSoESM6G/BdC0BAkIOoqR95Fs="}},"msg":"connected to WA"}
{"level":30,"time":1774719905236,"pid":70310,"hostname":"Mac.home","node":{"username":"905333559848","passive":true,"userAgent":{"platform":"WEB","appVersion":{"primary":2,"secondary":3000,"tertiary":1035194821},"mcc":"000","mnc":"000","osVersion":"0.1","device":"Desktop","osBuildNumber":"0.1","releaseChannel":"RELEASE","localeLanguageIso6391":"en","localeCountryIso31661Alpha2":"US"},"webInfo":{"webSubPlatform":"WEB_BROWSER"},"connectType":"WIFI_UNKNOWN","connectReason":"USER_ACTIVATED","device":2,"pull":true,"lidDbMigrated":false},"msg":"logging in..."}
{"level":30,"time":1774719905759,"pid":70310,"hostname":"Mac.home","msg":"5 pre-keys found on server"}
{"level":30,"time":1774719905759,"pid":70310,"hostname":"Mac.home","msg":"Current prekey ID: 1397, exists in storage: true"}
{"level":30,"time":1774719905759,"pid":70310,"hostname":"Mac.home","msg":"Uploading PreKeys due to: server count low (5)"}
{"level":30,"time":1774719905759,"pid":70310,"hostname":"Mac.home","count":5,"retryCount":0,"msg":"uploading pre-keys"}
{"level":30,"time":1774719906162,"pid":70310,"hostname":"Mac.home","count":5,"msg":"uploaded pre-keys successfully"}
{"level":30,"time":1774719906373,"pid":70310,"hostname":"Mac.home","msg":"handled 0 offline messages/notifications"}
{"level":30,"time":1774719906374,"pid":70310,"hostname":"Mac.home","msg":"Connection is now AwaitingInitialSync, buffering events"}
{"level":30,"time":1774719906374,"pid":70310,"hostname":"Mac.home","msg":"History sync is disabled by config, not waiting for notification. Transitioning to Online."}
{"level":30,"time":1774719906570,"pid":70310,"hostname":"Mac.home","msg":"opened connection to WA"}
[WhatsApp] ✅ Bağlantı başarılı!
{"level":40,"time":1774719906572,"pid":70310,"hostname":"Mac.home","msg":"no name present, ignoring presence update request..."}
{"level":30,"time":1774719906577,"pid":70310,"hostname":"Mac.home","myPN":"905333559848:2@s.whatsapp.net","myLID":"129879995613400:2@lid","msg":"Own LID session created successfully"}
{"level":50,"time":1774719911433,"pid":70310,"hostname":"Mac.home","reasonNode":{"tag":"conflict","attrs":{"type":"replaced"}},"fullErrorNode":{"tag":"stream:error","attrs":{},"content":[{"tag":"conflict","attrs":{"type":"replaced"}}]},"msg":"stream errored out"}
{"level":30,"time":1774719911433,"pid":70310,"hostname":"Mac.home","trace":"Error: Stream Errored (conflict)\n    at WebSocketClient.<anonymous> (file:///Users/salihozgen/Desktop/psikolog-projesi/node_modules/@whiskeysockets/baileys/lib/Socket/socket.js:780:13)\n    at WebSocketClient.emit (node:events:518:28)\n    at file:///Users/salihozgen/Desktop/psikolog-projesi/node_modules/@whiskeysockets/baileys/lib/Socket/socket.js:464:35\n    at Object.decodeFrame (file:///Users/salihozgen/Desktop/psikolog-projesi/node_modules/@whiskeysockets/baileys/lib/Utils/noise-handler.js:141:17)\n    at process.processTicksAndRejections (node:internal/process/task_queues:105:5)\n    at async WebSocketClient.onMessageReceived (file:///Users/salihozgen/Desktop/psikolog-projesi/node_modules/@whiskeysockets/baileys/lib/Socket/socket.js:441:9)","msg":"connection errored"}
[WhatsApp] Bot süreci başlatılıyor...
{"level":30,"time":1774719916788,"pid":70310,"hostname":"Mac.home","browser":["Ubuntu","Chrome","122.0.0"],"helloMsg":{"clientHello":{"ephemeral":"WwbaDeQERvJMj94H0EY0+YepLH6AE0/7uOf1LGe8EB4="}},"msg":"connected to WA"}
{"level":30,"time":1774719916869,"pid":70310,"hostname":"Mac.home","node":{"username":"905333559848","passive":true,"userAgent":{"platform":"WEB","appVersion":{"primary":2,"secondary":3000,"tertiary":1035194821},"mcc":"000","mnc":"000","osVersion":"0.1","device":"Desktop","osBuildNumber":"0.1","releaseChannel":"RELEASE","localeLanguageIso6391":"en","localeCountryIso31661Alpha2":"US"},"webInfo":{"webSubPlatform":"WEB_BROWSER"},"connectType":"WIFI_UNKNOWN","connectReason":"USER_ACTIVATED","device":2,"pull":true,"lidDbMigrated":false},"msg":"logging in..."}
{"level":30,"time":1774719917392,"pid":70310,"hostname":"Mac.home","msg":"5 pre-keys found on server"}
{"level":30,"time":1774719917392,"pid":70310,"hostname":"Mac.home","msg":"Current prekey ID: 1407, exists in storage: true"}
{"level":30,"time":1774719917392,"pid":70310,"hostname":"Mac.home","msg":"Uploading PreKeys due to: server count low (5)"}
{"level":30,"time":1774719917392,"pid":70310,"hostname":"Mac.home","count":5,"retryCount":0,"msg":"uploading pre-keys"}
{"level":30,"time":1774719917962,"pid":70310,"hostname":"Mac.home","count":5,"msg":"uploaded pre-keys successfully"}
{"level":30,"time":1774719918162,"pid":70310,"hostname":"Mac.home","msg":"handled 0 offline messages/notifications"}
{"level":30,"time":1774719918162,"pid":70310,"hostname":"Mac.home","msg":"Connection is now AwaitingInitialSync, buffering events"}
{"level":30,"time":1774719918162,"pid":70310,"hostname":"Mac.home","msg":"History sync is disabled by config, not waiting for notification. Transitioning to Online."}
{"level":30,"time":1774719918201,"pid":70310,"hostname":"Mac.home","msg":"opened connection to WA"}
[WhatsApp] ✅ Bağlantı başarılı!
{"level":40,"time":1774719918202,"pid":70310,"hostname":"Mac.home","msg":"no name present, ignoring presence update request..."}
{"level":30,"time":1774719918204,"pid":70310,"hostname":"Mac.home","myPN":"905333559848:2@s.whatsapp.net","myLID":"129879995613400:2@lid","msg":"Own LID session created successfully"}
{"level":50,"time":1774719923333,"pid":70310,"hostname":"Mac.home","reasonNode":{"tag":"conflict","attrs":{"type":"replaced"}},"fullErrorNode":{"tag":"stream:error","attrs":{},"content":[{"tag":"conflict","attrs":{"type":"replaced"}}]},"msg":"stream errored out"}
{"level":30,"time":1774719923334,"pid":70310,"hostname":"Mac.home","trace":"Error: Stream Errored (conflict)\n    at WebSocketClient.<anonymous> (file:///Users/salihozgen/Desktop/psikolog-projesi/node_modules/@whiskeysockets/baileys/lib/Socket/socket.js:780:13)\n    at WebSocketClient.emit (node:events:518:28)\n    at file:///Users/salihozgen/Desktop/psikolog-projesi/node_modules/@whiskeysockets/baileys/lib/Socket/socket.js:464:35\n    at Object.decodeFrame (file:///Users/salihozgen/Desktop/psikolog-projesi/node_modules/@whiskeysockets/baileys/lib/Utils/noise-handler.js:141:17)\n    at process.processTicksAndRejections (node:internal/process/task_queues:105:5)\n    at async WebSocketClient.onMessageReceived (file:///Users/salihozgen/Desktop/psikolog-projesi/node_modules/@whiskeysockets/baileys/lib/Socket/socket.js:441:9)","msg":"connection errored"}
[WhatsApp] Bot süreci başlatılıyor...
{"level":30,"time":1774719928689,"pid":70310,"hostname":"Mac.home","browser":["Ubuntu","Chrome","122.0.0"],"helloMsg":{"clientHello":{"ephemeral":"tn0HXuMqngBoxa1ZadXw5Yig+IgLQPPMW9Ip9SHUVlo="}},"msg":"connected to WA"}
{"level":30,"time":1774719928865,"pid":70310,"hostname":"Mac.home","node":{"username":"905333559848","passive":true,"userAgent":{"platform":"WEB","appVersion":{"primary":2,"secondary":3000,"tertiary":1035194821},"mcc":"000","mnc":"000","osVersion":"0.1","device":"Desktop","osBuildNumber":"0.1","releaseChannel":"RELEASE","localeLanguageIso6391":"en","localeCountryIso31661Alpha2":"US"},"webInfo":{"webSubPlatform":"WEB_BROWSER"},"connectType":"WIFI_UNKNOWN","connectReason":"USER_ACTIVATED","device":2,"pull":true,"lidDbMigrated":false},"msg":"logging in..."}
{"level":30,"time":1774719929273,"pid":70310,"hostname":"Mac.home","msg":"5 pre-keys found on server"}
{"level":30,"time":1774719929273,"pid":70310,"hostname":"Mac.home","msg":"Current prekey ID: 1417, exists in storage: true"}
{"level":30,"time":1774719929273,"pid":70310,"hostname":"Mac.home","msg":"Uploading PreKeys due to: server count low (5)"}
{"level":30,"time":1774719929273,"pid":70310,"hostname":"Mac.home","count":5,"retryCount":0,"msg":"uploading pre-keys"}
{"level":30,"time":1774719929576,"pid":70310,"hostname":"Mac.home","count":5,"msg":"uploaded pre-keys successfully"}
{"level":30,"time":1774719929772,"pid":70310,"hostname":"Mac.home","msg":"handled 0 offline messages/notifications"}
{"level":30,"time":1774719929772,"pid":70310,"hostname":"Mac.home","msg":"Connection is now AwaitingInitialSync, buffering events"}
{"level":30,"time":1774719929772,"pid":70310,"hostname":"Mac.home","msg":"History sync is disabled by config, not waiting for notification. Transitioning to Online."}
{"level":30,"time":1774719929951,"pid":70310,"hostname":"Mac.home","msg":"opened connection to WA"}
[WhatsApp] ✅ Bağlantı başarılı!
{"level":40,"time":1774719929955,"pid":70310,"hostname":"Mac.home","msg":"no name present, ignoring presence update request..."}
{"level":30,"time":1774719929964,"pid":70310,"hostname":"Mac.home","myPN":"905333559848:2@s.whatsapp.net","myLID":"129879995613400:2@lid","msg":"Own LID session created successfully"}
{"level":50,"time":1774719934952,"pid":70310,"hostname":"Mac.home","reasonNode":{"tag":"conflict","attrs":{"type":"replaced"}},"fullErrorNode":{"tag":"stream:error","attrs":{},"content":[{"tag":"conflict","attrs":{"type":"replaced"}}]},"msg":"stream errored out"}
{"level":30,"time":1774719934953,"pid":70310,"hostname":"Mac.home","trace":"Error: Stream Errored (conflict)\n    at WebSocketClient.<anonymous> (file:///Users/salihozgen/Desktop/psikolog-projesi/node_modules/@whiskeysockets/baileys/lib/Socket/socket.js:780:13)\n    at WebSocketClient.emit (node:events:518:28)\n    at file:///Users/salihozgen/Desktop/psikolog-projesi/node_modules/@whiskeysockets/baileys/lib/Socket/socket.js:464:35\n    at Object.decodeFrame (file:///Users/salihozgen/Desktop/psikolog-projesi/node_modules/@whiskeysockets/baileys/lib/Utils/noise-handler.js:141:17)\n    at process.processTicksAndRejections (node:internal/process/task_queues:105:5)\n    at async WebSocketClient.onMessageReceived (file:///Users/salihozgen/Desktop/psikolog-projesi/node_modules/@whiskeysockets/baileys/lib/Socket/socket.js:441:9)","msg":"connection errored"}
[WhatsApp] Bot süreci başlatılıyor...
{"level":30,"time":1774719940281,"pid":70310,"hostname":"Mac.home","browser":["Ubuntu","Chrome","122.0.0"],"helloMsg":{"clientHello":{"ephemeral":"ycXhb5YHFnJ/g+n3Sm6Cs8kxjIhoCyziOIeVBfW6xwY="}},"msg":"connected to WA"}
{"level":30,"time":1774719940438,"pid":70310,"hostname":"Mac.home","node":{"username":"905333559848","passive":true,"userAgent":{"platform":"WEB","appVersion":{"primary":2,"secondary":3000,"tertiary":1035194821},"mcc":"000","mnc":"000","osVersion":"0.1","device":"Desktop","osBuildNumber":"0.1","releaseChannel":"RELEASE","localeLanguageIso6391":"en","localeCountryIso31661Alpha2":"US"},"webInfo":{"webSubPlatform":"WEB_BROWSER"},"connectType":"WIFI_UNKNOWN","connectReason":"USER_ACTIVATED","device":2,"pull":true,"lidDbMigrated":false},"msg":"logging in..."}
{"level":30,"time":1774719940770,"pid":70310,"hostname":"Mac.home","msg":"5 pre-keys found on server"}
{"level":30,"time":1774719940770,"pid":70310,"hostname":"Mac.home","msg":"Current prekey ID: 1427, exists in storage: true"}
{"level":30,"time":1774719940770,"pid":70310,"hostname":"Mac.home","msg":"Uploading PreKeys due to: server count low (5)"}
{"level":30,"time":1774719940770,"pid":70310,"hostname":"Mac.home","count":5,"retryCount":0,"msg":"uploading pre-keys"}
{"level":30,"time":1774719940993,"pid":70310,"hostname":"Mac.home","count":5,"msg":"uploaded pre-keys successfully"}
{"level":30,"time":1774719941145,"pid":70310,"hostname":"Mac.home","msg":"handled 0 offline messages/notifications"}
{"level":30,"time":1774719941145,"pid":70310,"hostname":"Mac.home","msg":"Connection is now AwaitingInitialSync, buffering events"}
{"level":30,"time":1774719941145,"pid":70310,"hostname":"Mac.home","msg":"History sync is disabled by config, not waiting for notification. Transitioning to Online."}
{"level":30,"time":1774719941306,"pid":70310,"hostname":"Mac.home","msg":"opened connection to WA"}
[WhatsApp] ✅ Bağlantı başarılı!
{"level":40,"time":1774719941309,"pid":70310,"hostname":"Mac.home","msg":"no name present, ignoring presence update request..."}
{"level":30,"time":1774719941316,"pid":70310,"hostname":"Mac.home","myPN":"905333559848:2@s.whatsapp.net","myLID":"129879995613400:2@lid","msg":"Own LID session created successfully"}
{"level":50,"time":1774719946405,"pid":70310,"hostname":"Mac.home","reasonNode":{"tag":"conflict","attrs":{"type":"replaced"}},"fullErrorNode":{"tag":"stream:error","attrs":{},"content":[{"tag":"conflict","attrs":{"type":"replaced"}}]},"msg":"stream errored out"}
{"level":30,"time":1774719946405,"pid":70310,"hostname":"Mac.home","trace":"Error: Stream Errored (conflict)\n    at WebSocketClient.<anonymous> (file:///Users/salihozgen/Desktop/psikolog-projesi/node_modules/@whiskeysockets/baileys/lib/Socket/socket.js:780:13)\n    at WebSocketClient.emit (node:events:518:28)\n    at file:///Users/salihozgen/Desktop/psikolog-projesi/node_modules/@whiskeysockets/baileys/lib/Socket/socket.js:464:35\n    at Object.decodeFrame (file:///Users/salihozgen/Desktop/psikolog-projesi/node_modules/@whiskeysockets/baileys/lib/Utils/noise-handler.js:141:17)\n    at process.processTicksAndRejections (node:internal/process/task_queues:105:5)\n    at async WebSocketClient.onMessageReceived (file:///Users/salihozgen/Desktop/psikolog-projesi/node_modules/@whiskeysockets/baileys/lib/Socket/socket.js:441:9)","msg":"connection errored"}
[WhatsApp] Bot süreci başlatılıyor...
{"level":30,"time":1774719951787,"pid":70310,"hostname":"Mac.home","browser":["Ubuntu","Chrome","122.0.0"],"helloMsg":{"clientHello":{"ephemeral":"QP9K8ixGpZ071s9nGrOrzDSgFJYIxr6Fe/O9gKHVbD4="}},"msg":"connected to WA"}
{"level":30,"time":1774719951997,"pid":70310,"hostname":"Mac.home","node":{"username":"905333559848","passive":true,"userAgent":{"platform":"WEB","appVersion":{"primary":2,"secondary":3000,"tertiary":1035194821},"mcc":"000","mnc":"000","osVersion":"0.1","device":"Desktop","osBuildNumber":"0.1","releaseChannel":"RELEASE","localeLanguageIso6391":"en","localeCountryIso31661Alpha2":"US"},"webInfo":{"webSubPlatform":"WEB_BROWSER"},"connectType":"WIFI_UNKNOWN","connectReason":"USER_ACTIVATED","device":2,"pull":true,"lidDbMigrated":false},"msg":"logging in..."}
{"level":30,"time":1774719952550,"pid":70310,"hostname":"Mac.home","msg":"5 pre-keys found on server"}
{"level":30,"time":1774719952550,"pid":70310,"hostname":"Mac.home","msg":"Current prekey ID: 1437, exists in storage: true"}
{"level":30,"time":1774719952550,"pid":70310,"hostname":"Mac.home","msg":"Uploading PreKeys due to: server count low (5)"}
{"level":30,"time":1774719952550,"pid":70310,"hostname":"Mac.home","count":5,"retryCount":0,"msg":"uploading pre-keys"}
{"level":30,"time":1774719952994,"pid":70310,"hostname":"Mac.home","count":5,"msg":"uploaded pre-keys successfully"}
{"level":30,"time":1774719953269,"pid":70310,"hostname":"Mac.home","msg":"handled 0 offline messages/notifications"}
{"level":30,"time":1774719953270,"pid":70310,"hostname":"Mac.home","msg":"Connection is now AwaitingInitialSync, buffering events"}
{"level":30,"time":1774719953270,"pid":70310,"hostname":"Mac.home","msg":"History sync is disabled by config, not waiting for notification. Transitioning to Online."}
{"level":30,"time":1774719953482,"pid":70310,"hostname":"Mac.home","msg":"opened connection to WA"}
[WhatsApp] ✅ Bağlantı başarılı!
{"level":40,"time":1774719953486,"pid":70310,"hostname":"Mac.home","msg":"no name present, ignoring presence update request..."}
{"level":30,"time":1774719953493,"pid":70310,"hostname":"Mac.home","myPN":"905333559848:2@s.whatsapp.net","myLID":"129879995613400:2@lid","msg":"Own LID session created successfully"}
{"level":50,"time":1774719958307,"pid":70310,"hostname":"Mac.home","reasonNode":{"tag":"conflict","attrs":{"type":"replaced"}},"fullErrorNode":{"tag":"stream:error","attrs":{},"content":[{"tag":"conflict","attrs":{"type":"replaced"}}]},"msg":"stream errored out"}
{"level":30,"time":1774719958307,"pid":70310,"hostname":"Mac.home","trace":"Error: Stream Errored (conflict)\n    at WebSocketClient.<anonymous> (file:///Users/salihozgen/Desktop/psikolog-projesi/node_modules/@whiskeysockets/baileys/lib/Socket/socket.js:780:13)\n    at WebSocketClient.emit (node:events:518:28)\n    at file:///Users/salihozgen/Desktop/psikolog-projesi/node_modules/@whiskeysockets/baileys/lib/Socket/socket.js:464:35\n    at Object.decodeFrame (file:///Users/salihozgen/Desktop/psikolog-projesi/node_modules/@whiskeysockets/baileys/lib/Utils/noise-handler.js:141:17)\n    at process.processTicksAndRejections (node:internal/process/task_queues:105:5)\n    at async WebSocketClient.onMessageReceived (file:///Users/salihozgen/Desktop/psikolog-projesi/node_modules/@whiskeysockets/baileys/lib/Socket/socket.js:441:9)","msg":"connection errored"}
[WhatsApp] Bot süreci başlatılıyor...
{"level":30,"time":1774719963696,"pid":70310,"hostname":"Mac.home","browser":["Ubuntu","Chrome","122.0.0"],"helloMsg":{"clientHello":{"ephemeral":"+vOhXEyTd6VWCcnNaC3n9KWli6YszXZ+cYQjVBXWPRU="}},"msg":"connected to WA"}
{"level":30,"time":1774719963906,"pid":70310,"hostname":"Mac.home","node":{"username":"905333559848","passive":true,"userAgent":{"platform":"WEB","appVersion":{"primary":2,"secondary":3000,"tertiary":1035194821},"mcc":"000","mnc":"000","osVersion":"0.1","device":"Desktop","osBuildNumber":"0.1","releaseChannel":"RELEASE","localeLanguageIso6391":"en","localeCountryIso31661Alpha2":"US"},"webInfo":{"webSubPlatform":"WEB_BROWSER"},"connectType":"WIFI_UNKNOWN","connectReason":"USER_ACTIVATED","device":2,"pull":true,"lidDbMigrated":false},"msg":"logging in..."}
{"level":30,"time":1774719964440,"pid":70310,"hostname":"Mac.home","msg":"5 pre-keys found on server"}
{"level":30,"time":1774719964440,"pid":70310,"hostname":"Mac.home","msg":"Current prekey ID: 1447, exists in storage: true"}
{"level":30,"time":1774719964440,"pid":70310,"hostname":"Mac.home","msg":"Uploading PreKeys due to: server count low (5)"}
{"level":30,"time":1774719964440,"pid":70310,"hostname":"Mac.home","count":5,"retryCount":0,"msg":"uploading pre-keys"}
{"level":30,"time":1774719964861,"pid":70310,"hostname":"Mac.home","count":5,"msg":"uploaded pre-keys successfully"}
{"level":30,"time":1774719965130,"pid":70310,"hostname":"Mac.home","msg":"handled 0 offline messages/notifications"}
{"level":30,"time":1774719965130,"pid":70310,"hostname":"Mac.home","msg":"Connection is now AwaitingInitialSync, buffering events"}
{"level":30,"time":1774719965131,"pid":70310,"hostname":"Mac.home","msg":"History sync is disabled by config, not waiting for notification. Transitioning to Online."}
{"level":30,"time":1774719965342,"pid":70310,"hostname":"Mac.home","msg":"opened connection to WA"}
[WhatsApp] ✅ Bağlantı başarılı!
{"level":40,"time":1774719965345,"pid":70310,"hostname":"Mac.home","msg":"no name present, ignoring presence update request..."}
{"level":30,"time":1774719965358,"pid":70310,"hostname":"Mac.home","myPN":"905333559848:2@s.whatsapp.net","myLID":"129879995613400:2@lid","msg":"Own LID session created successfully"}
{"level":50,"time":1774719970105,"pid":70310,"hostname":"Mac.home","reasonNode":{"tag":"conflict","attrs":{"type":"replaced"}},"fullErrorNode":{"tag":"stream:error","attrs":{},"content":[{"tag":"conflict","attrs":{"type":"replaced"}}]},"msg":"stream errored out"}
{"level":30,"time":1774719970106,"pid":70310,"hostname":"Mac.home","trace":"Error: Stream Errored (conflict)\n    at WebSocketClient.<anonymous> (file:///Users/salihozgen/Desktop/psikolog-projesi/node_modules/@whiskeysockets/baileys/lib/Socket/socket.js:780:13)\n    at WebSocketClient.emit (node:events:518:28)\n    at file:///Users/salihozgen/Desktop/psikolog-projesi/node_modules/@whiskeysockets/baileys/lib/Socket/socket.js:464:35\n    at Object.decodeFrame (file:///Users/salihozgen/Desktop/psikolog-projesi/node_modules/@whiskeysockets/baileys/lib/Utils/noise-handler.js:141:17)\n    at process.processTicksAndRejections (node:internal/process/task_queues:105:5)\n    at async WebSocketClient.onMessageReceived (file:///Users/salihozgen/Desktop/psikolog-projesi/node_modules/@whiskeysockets/baileys/lib/Socket/socket.js:441:9)","msg":"connection errored"}
[WhatsApp] Bot süreci başlatılıyor...
{"level":30,"time":1774719975399,"pid":70310,"hostname":"Mac.home","browser":["Ubuntu","Chrome","122.0.0"],"helloMsg":{"clientHello":{"ephemeral":"b5yffv6DV66rTkKsWP/Suwag1nz5Lu5nul+C80luJSg="}},"msg":"connected to WA"}
{"level":30,"time":1774719975493,"pid":70310,"hostname":"Mac.home","node":{"username":"905333559848","passive":true,"userAgent":{"platform":"WEB","appVersion":{"primary":2,"secondary":3000,"tertiary":1035194821},"mcc":"000","mnc":"000","osVersion":"0.1","device":"Desktop","osBuildNumber":"0.1","releaseChannel":"RELEASE","localeLanguageIso6391":"en","localeCountryIso31661Alpha2":"US"},"webInfo":{"webSubPlatform":"WEB_BROWSER"},"connectType":"WIFI_UNKNOWN","connectReason":"USER_ACTIVATED","device":2,"pull":true,"lidDbMigrated":false},"msg":"logging in..."}
{"level":30,"time":1774719976108,"pid":70310,"hostname":"Mac.home","msg":"5 pre-keys found on server"}
{"level":30,"time":1774719976108,"pid":70310,"hostname":"Mac.home","msg":"Current prekey ID: 1457, exists in storage: true"}
{"level":30,"time":1774719976108,"pid":70310,"hostname":"Mac.home","msg":"Uploading PreKeys due to: server count low (5)"}
{"level":30,"time":1774719976108,"pid":70310,"hostname":"Mac.home","count":5,"retryCount":0,"msg":"uploading pre-keys"}
{"level":30,"time":1774719976594,"pid":70310,"hostname":"Mac.home","count":5,"msg":"uploaded pre-keys successfully"}
{"level":30,"time":1774719976837,"pid":70310,"hostname":"Mac.home","msg":"handled 0 offline messages/notifications"}
{"level":30,"time":1774719976837,"pid":70310,"hostname":"Mac.home","msg":"Connection is now AwaitingInitialSync, buffering events"}
{"level":30,"time":1774719976837,"pid":70310,"hostname":"Mac.home","msg":"History sync is disabled by config, not waiting for notification. Transitioning to Online."}
{"level":30,"time":1774719977099,"pid":70310,"hostname":"Mac.home","msg":"opened connection to WA"}
[WhatsApp] ✅ Bağlantı başarılı!
{"level":40,"time":1774719977102,"pid":70310,"hostname":"Mac.home","msg":"no name present, ignoring presence update request..."}
{"level":30,"time":1774719977110,"pid":70310,"hostname":"Mac.home","myPN":"905333559848:2@s.whatsapp.net","myLID":"129879995613400:2@lid","msg":"Own LID session created successfully"}
{"level":50,"time":1774719981688,"pid":70310,"hostname":"Mac.home","reasonNode":{"tag":"conflict","attrs":{"type":"replaced"}},"fullErrorNode":{"tag":"stream:error","attrs":{},"content":[{"tag":"conflict","attrs":{"type":"replaced"}}]},"msg":"stream errored out"}
{"level":30,"time":1774719981689,"pid":70310,"hostname":"Mac.home","trace":"Error: Stream Errored (conflict)\n    at WebSocketClient.<anonymous> (file:///Users/salihozgen/Desktop/psikolog-projesi/node_modules/@whiskeysockets/baileys/lib/Socket/socket.js:780:13)\n    at WebSocketClient.emit (node:events:518:28)\n    at file:///Users/salihozgen/Desktop/psikolog-projesi/node_modules/@whiskeysockets/baileys/lib/Socket/socket.js:464:35\n    at Object.decodeFrame (file:///Users/salihozgen/Desktop/psikolog-projesi/node_modules/@whiskeysockets/baileys/lib/Utils/noise-handler.js:141:17)\n    at process.processTicksAndRejections (node:internal/process/task_queues:105:5)\n    at async WebSocketClient.onMessageReceived (file:///Users/salihozgen/Desktop/psikolog-projesi/node_modules/@whiskeysockets/baileys/lib/Socket/socket.js:441:9)","msg":"connection errored"}
[WhatsApp] Bot süreci başlatılıyor...
{"level":30,"time":1774719987087,"pid":70310,"hostname":"Mac.home","browser":["Ubuntu","Chrome","122.0.0"],"helloMsg":{"clientHello":{"ephemeral":"ohkDdSp3RNj4K5ULLop1uNr1JG1VJa0205nyVlKT6Cs="}},"msg":"connected to WA"}
{"level":30,"time":1774719987187,"pid":70310,"hostname":"Mac.home","node":{"username":"905333559848","passive":true,"userAgent":{"platform":"WEB","appVersion":{"primary":2,"secondary":3000,"tertiary":1035194821},"mcc":"000","mnc":"000","osVersion":"0.1","device":"Desktop","osBuildNumber":"0.1","releaseChannel":"RELEASE","localeLanguageIso6391":"en","localeCountryIso31661Alpha2":"US"},"webInfo":{"webSubPlatform":"WEB_BROWSER"},"connectType":"WIFI_UNKNOWN","connectReason":"USER_ACTIVATED","device":2,"pull":true,"lidDbMigrated":false},"msg":"logging in..."}
{"level":30,"time":1774719988013,"pid":70310,"hostname":"Mac.home","msg":"5 pre-keys found on server"}
{"level":30,"time":1774719988014,"pid":70310,"hostname":"Mac.home","msg":"Current prekey ID: 1467, exists in storage: true"}
{"level":30,"time":1774719988014,"pid":70310,"hostname":"Mac.home","msg":"Uploading PreKeys due to: server count low (5)"}
{"level":30,"time":1774719988014,"pid":70310,"hostname":"Mac.home","count":5,"retryCount":0,"msg":"uploading pre-keys"}
{"level":30,"time":1774719988711,"pid":70310,"hostname":"Mac.home","count":5,"msg":"uploaded pre-keys successfully"}
{"level":30,"time":1774719988953,"pid":70310,"hostname":"Mac.home","msg":"handled 0 offline messages/notifications"}
{"level":30,"time":1774719988954,"pid":70310,"hostname":"Mac.home","msg":"Connection is now AwaitingInitialSync, buffering events"}
{"level":30,"time":1774719988954,"pid":70310,"hostname":"Mac.home","msg":"History sync is disabled by config, not waiting for notification. Transitioning to Online."}
{"level":30,"time":1774719989228,"pid":70310,"hostname":"Mac.home","msg":"opened connection to WA"}
[WhatsApp] ✅ Bağlantı başarılı!
{"level":40,"time":1774719989232,"pid":70310,"hostname":"Mac.home","msg":"no name present, ignoring presence update request..."}
{"level":30,"time":1774719989238,"pid":70310,"hostname":"Mac.home","myPN":"905333559848:2@s.whatsapp.net","myLID":"129879995613400:2@lid","msg":"Own LID session created successfully"}
{"level":50,"time":1774719993318,"pid":70310,"hostname":"Mac.home","reasonNode":{"tag":"conflict","attrs":{"type":"replaced"}},"fullErrorNode":{"tag":"stream:error","attrs":{},"content":[{"tag":"conflict","attrs":{"type":"replaced"}}]},"msg":"stream errored out"}
{"level":30,"time":1774719993318,"pid":70310,"hostname":"Mac.home","trace":"Error: Stream Errored (conflict)\n    at WebSocketClient.<anonymous> (file:///Users/salihozgen/Desktop/psikolog-projesi/node_modules/@whiskeysockets/baileys/lib/Socket/socket.js:780:13)\n    at WebSocketClient.emit (node:events:518:28)\n    at file:///Users/salihozgen/Desktop/psikolog-projesi/node_modules/@whiskeysockets/baileys/lib/Socket/socket.js:464:35\n    at Object.decodeFrame (file:///Users/salihozgen/Desktop/psikolog-projesi/node_modules/@whiskeysockets/baileys/lib/Utils/noise-handler.js:141:17)\n    at process.processTicksAndRejections (node:internal/process/task_queues:105:5)\n    at async WebSocketClient.onMessageReceived (file:///Users/salihozgen/Desktop/psikolog-projesi/node_modules/@whiskeysockets/baileys/lib/Socket/socket.js:441:9)","msg":"connection errored"}
[WhatsApp] Bot süreci başlatılıyor...
{"level":30,"time":1774719998664,"pid":70310,"hostname":"Mac.home","browser":["Ubuntu","Chrome","122.0.0"],"helloMsg":{"clientHello":{"ephemeral":"9dRSh1v639PGCBbmMc/ibOtf8eOXxPNs0Qc6qEYF/EU="}},"msg":"connected to WA"}
{"level":30,"time":1774719998827,"pid":70310,"hostname":"Mac.home","node":{"username":"905333559848","passive":true,"userAgent":{"platform":"WEB","appVersion":{"primary":2,"secondary":3000,"tertiary":1035194821},"mcc":"000","mnc":"000","osVersion":"0.1","device":"Desktop","osBuildNumber":"0.1","releaseChannel":"RELEASE","localeLanguageIso6391":"en","localeCountryIso31661Alpha2":"US"},"webInfo":{"webSubPlatform":"WEB_BROWSER"},"connectType":"WIFI_UNKNOWN","connectReason":"USER_ACTIVATED","device":2,"pull":true,"lidDbMigrated":false},"msg":"logging in..."}
{"level":30,"time":1774719999152,"pid":70310,"hostname":"Mac.home","msg":"5 pre-keys found on server"}
{"level":30,"time":1774719999152,"pid":70310,"hostname":"Mac.home","msg":"Current prekey ID: 1477, exists in storage: true"}
{"level":30,"time":1774719999152,"pid":70310,"hostname":"Mac.home","msg":"Uploading PreKeys due to: server count low (5)"}
{"level":30,"time":1774719999152,"pid":70310,"hostname":"Mac.home","count":5,"retryCount":0,"msg":"uploading pre-keys"}
{"level":30,"time":1774719999351,"pid":70310,"hostname":"Mac.home","count":5,"msg":"uploaded pre-keys successfully"}
{"level":30,"time":1774719999560,"pid":70310,"hostname":"Mac.home","msg":"handled 0 offline messages/notifications"}
{"level":30,"time":1774719999560,"pid":70310,"hostname":"Mac.home","msg":"Connection is now AwaitingInitialSync, buffering events"}
{"level":30,"time":1774719999560,"pid":70310,"hostname":"Mac.home","msg":"History sync is disabled by config, not waiting for notification. Transitioning to Online."}
{"level":30,"time":1774719999664,"pid":70310,"hostname":"Mac.home","msg":"opened connection to WA"}
[WhatsApp] ✅ Bağlantı başarılı!
{"level":40,"time":1774719999667,"pid":70310,"hostname":"Mac.home","msg":"no name present, ignoring presence update request..."}
{"level":30,"time":1774719999672,"pid":70310,"hostname":"Mac.home","myPN":"905333559848:2@s.whatsapp.net","myLID":"129879995613400:2@lid","msg":"Own LID session created successfully"}
{"level":50,"time":1774720004724,"pid":70310,"hostname":"Mac.home","reasonNode":{"tag":"conflict","attrs":{"type":"replaced"}},"fullErrorNode":{"tag":"stream:error","attrs":{},"content":[{"tag":"conflict","attrs":{"type":"replaced"}}]},"msg":"stream errored out"}
{"level":30,"time":1774720004724,"pid":70310,"hostname":"Mac.home","trace":"Error: Stream Errored (conflict)\n    at WebSocketClient.<anonymous> (file:///Users/salihozgen/Desktop/psikolog-projesi/node_modules/@whiskeysockets/baileys/lib/Socket/socket.js:780:13)\n    at WebSocketClient.emit (node:events:518:28)\n    at file:///Users/salihozgen/Desktop/psikolog-projesi/node_modules/@whiskeysockets/baileys/lib/Socket/socket.js:464:35\n    at Object.decodeFrame (file:///Users/salihozgen/Desktop/psikolog-projesi/node_modules/@whiskeysockets/baileys/lib/Utils/noise-handler.js:141:17)\n    at process.processTicksAndRejections (node:internal/process/task_queues:105:5)\n    at async WebSocketClient.onMessageReceived (file:///Users/salihozgen/Desktop/psikolog-projesi/node_modules/@whiskeysockets/baileys/lib/Socket/socket.js:441:9)","msg":"connection errored"}
[WhatsApp] Bot süreci başlatılıyor...
{"level":30,"time":1774720009983,"pid":70310,"hostname":"Mac.home","browser":["Ubuntu","Chrome","122.0.0"],"helloMsg":{"clientHello":{"ephemeral":"3zgfTYc7O9NEjTbzBC1z5TkLDbsTA++gkwl/HRBGoRc="}},"msg":"connected to WA"}
{"level":30,"time":1774720010072,"pid":70310,"hostname":"Mac.home","node":{"username":"905333559848","passive":true,"userAgent":{"platform":"WEB","appVersion":{"primary":2,"secondary":3000,"tertiary":1035194821},"mcc":"000","mnc":"000","osVersion":"0.1","device":"Desktop","osBuildNumber":"0.1","releaseChannel":"RELEASE","localeLanguageIso6391":"en","localeCountryIso31661Alpha2":"US"},"webInfo":{"webSubPlatform":"WEB_BROWSER"},"connectType":"WIFI_UNKNOWN","connectReason":"USER_ACTIVATED","device":2,"pull":true,"lidDbMigrated":false},"msg":"logging in..."}
{"level":30,"time":1774720010626,"pid":70310,"hostname":"Mac.home","msg":"5 pre-keys found on server"}
{"level":30,"time":1774720010626,"pid":70310,"hostname":"Mac.home","msg":"Current prekey ID: 1487, exists in storage: true"}
{"level":30,"time":1774720010626,"pid":70310,"hostname":"Mac.home","msg":"Uploading PreKeys due to: server count low (5)"}
{"level":30,"time":1774720010626,"pid":70310,"hostname":"Mac.home","count":5,"retryCount":0,"msg":"uploading pre-keys"}
{"level":30,"time":1774720011240,"pid":70310,"hostname":"Mac.home","count":5,"msg":"uploaded pre-keys successfully"}
{"level":30,"time":1774720011434,"pid":70310,"hostname":"Mac.home","msg":"handled 0 offline messages/notifications"}
{"level":30,"time":1774720011434,"pid":70310,"hostname":"Mac.home","msg":"Connection is now AwaitingInitialSync, buffering events"}
{"level":30,"time":1774720011434,"pid":70310,"hostname":"Mac.home","msg":"History sync is disabled by config, not waiting for notification. Transitioning to Online."}
{"level":30,"time":1774720011644,"pid":70310,"hostname":"Mac.home","msg":"opened connection to WA"}
[WhatsApp] ✅ Bağlantı başarılı!
{"level":40,"time":1774720011644,"pid":70310,"hostname":"Mac.home","msg":"no name present, ignoring presence update request..."}
{"level":30,"time":1774720011646,"pid":70310,"hostname":"Mac.home","myPN":"905333559848:2@s.whatsapp.net","myLID":"129879995613400:2@lid","msg":"Own LID session created successfully"}
{"level":50,"time":1774720016059,"pid":70310,"hostname":"Mac.home","reasonNode":{"tag":"conflict","attrs":{"type":"replaced"}},"fullErrorNode":{"tag":"stream:error","attrs":{},"content":[{"tag":"conflict","attrs":{"type":"replaced"}}]},"msg":"stream errored out"}
{"level":30,"time":1774720016059,"pid":70310,"hostname":"Mac.home","trace":"Error: Stream Errored (conflict)\n    at WebSocketClient.<anonymous> (file:///Users/salihozgen/Desktop/psikolog-projesi/node_modules/@whiskeysockets/baileys/lib/Socket/socket.js:780:13)\n    at WebSocketClient.emit (node:events:518:28)\n    at file:///Users/salihozgen/Desktop/psikolog-projesi/node_modules/@whiskeysockets/baileys/lib/Socket/socket.js:464:35\n    at Object.decodeFrame (file:///Users/salihozgen/Desktop/psikolog-projesi/node_modules/@whiskeysockets/baileys/lib/Utils/noise-handler.js:141:17)\n    at process.processTicksAndRejections (node:internal/process/task_queues:105:5)\n    at async WebSocketClient.onMessageReceived (file:///Users/salihozgen/Desktop/psikolog-projesi/node_modules/@whiskeysockets/baileys/lib/Socket/socket.js:441:9)","msg":"connection errored"}
[WhatsApp] Bot süreci başlatılıyor...
{"level":30,"time":1774720021340,"pid":70310,"hostname":"Mac.home","browser":["Ubuntu","Chrome","122.0.0"],"helloMsg":{"clientHello":{"ephemeral":"6K3ccHZMqtEydDtKT/h2gx9et3q9jkivjKBGWFpUoD0="}},"msg":"connected to WA"}
{"level":30,"time":1774720021441,"pid":70310,"hostname":"Mac.home","node":{"username":"905333559848","passive":true,"userAgent":{"platform":"WEB","appVersion":{"primary":2,"secondary":3000,"tertiary":1035194821},"mcc":"000","mnc":"000","osVersion":"0.1","device":"Desktop","osBuildNumber":"0.1","releaseChannel":"RELEASE","localeLanguageIso6391":"en","localeCountryIso31661Alpha2":"US"},"webInfo":{"webSubPlatform":"WEB_BROWSER"},"connectType":"WIFI_UNKNOWN","connectReason":"USER_ACTIVATED","device":2,"pull":true,"lidDbMigrated":false},"msg":"logging in..."}
{"level":30,"time":1774720022075,"pid":70310,"hostname":"Mac.home","msg":"5 pre-keys found on server"}
{"level":30,"time":1774720022076,"pid":70310,"hostname":"Mac.home","msg":"Current prekey ID: 1497, exists in storage: true"}
{"level":30,"time":1774720022076,"pid":70310,"hostname":"Mac.home","msg":"Uploading PreKeys due to: server count low (5)"}
{"level":30,"time":1774720022076,"pid":70310,"hostname":"Mac.home","count":5,"retryCount":0,"msg":"uploading pre-keys"}
{"level":30,"time":1774720022793,"pid":70310,"hostname":"Mac.home","count":5,"msg":"uploaded pre-keys successfully"}
{"level":30,"time":1774720023034,"pid":70310,"hostname":"Mac.home","msg":"handled 0 offline messages/notifications"}
{"level":30,"time":1774720023034,"pid":70310,"hostname":"Mac.home","msg":"Connection is now AwaitingInitialSync, buffering events"}
{"level":30,"time":1774720023034,"pid":70310,"hostname":"Mac.home","msg":"History sync is disabled by config, not waiting for notification. Transitioning to Online."}
{"level":30,"time":1774720023104,"pid":70310,"hostname":"Mac.home","msg":"opened connection to WA"}
[WhatsApp] ✅ Bağlantı başarılı!
{"level":40,"time":1774720023105,"pid":70310,"hostname":"Mac.home","msg":"no name present, ignoring presence update request..."}
{"level":30,"time":1774720023107,"pid":70310,"hostname":"Mac.home","myPN":"905333559848:2@s.whatsapp.net","myLID":"129879995613400:2@lid","msg":"Own LID session created successfully"}
{"level":50,"time":1774720027751,"pid":70310,"hostname":"Mac.home","reasonNode":{"tag":"conflict","attrs":{"type":"replaced"}},"fullErrorNode":{"tag":"stream:error","attrs":{},"content":[{"tag":"conflict","attrs":{"type":"replaced"}}]},"msg":"stream errored out"}
{"level":30,"time":1774720027752,"pid":70310,"hostname":"Mac.home","trace":"Error: Stream Errored (conflict)\n    at WebSocketClient.<anonymous> (file:///Users/salihozgen/Desktop/psikolog-projesi/node_modules/@whiskeysockets/baileys/lib/Socket/socket.js:780:13)\n    at WebSocketClient.emit (node:events:518:28)\n    at file:///Users/salihozgen/Desktop/psikolog-projesi/node_modules/@whiskeysockets/baileys/lib/Socket/socket.js:464:35\n    at Object.decodeFrame (file:///Users/salihozgen/Desktop/psikolog-projesi/node_modules/@whiskeysockets/baileys/lib/Utils/noise-handler.js:141:17)\n    at process.processTicksAndRejections (node:internal/process/task_queues:105:5)\n    at async WebSocketClient.onMessageReceived (file:///Users/salihozgen/Desktop/psikolog-projesi/node_modules/@whiskeysockets/baileys/lib/Socket/socket.js:441:9)","msg":"connection errored"}
[WhatsApp] Bot süreci başlatılıyor...
{"level":30,"time":1774720033003,"pid":70310,"hostname":"Mac.home","browser":["Ubuntu","Chrome","122.0.0"],"helloMsg":{"clientHello":{"ephemeral":"kc+BSwZNjuv0pYRC1+tdwYSjbC9k9EimweH2TmmuIAc="}},"msg":"connected to WA"}
{"level":30,"time":1774720033085,"pid":70310,"hostname":"Mac.home","node":{"username":"905333559848","passive":true,"userAgent":{"platform":"WEB","appVersion":{"primary":2,"secondary":3000,"tertiary":1035194821},"mcc":"000","mnc":"000","osVersion":"0.1","device":"Desktop","osBuildNumber":"0.1","releaseChannel":"RELEASE","localeLanguageIso6391":"en","localeCountryIso31661Alpha2":"US"},"webInfo":{"webSubPlatform":"WEB_BROWSER"},"connectType":"WIFI_UNKNOWN","connectReason":"USER_ACTIVATED","device":2,"pull":true,"lidDbMigrated":false},"msg":"logging in..."}
{"level":30,"time":1774720033601,"pid":70310,"hostname":"Mac.home","msg":"5 pre-keys found on server"}
{"level":30,"time":1774720033601,"pid":70310,"hostname":"Mac.home","msg":"Current prekey ID: 1507, exists in storage: true"}
{"level":30,"time":1774720033601,"pid":70310,"hostname":"Mac.home","msg":"Uploading PreKeys due to: server count low (5)"}
{"level":30,"time":1774720033601,"pid":70310,"hostname":"Mac.home","count":5,"retryCount":0,"msg":"uploading pre-keys"}
{"level":30,"time":1774720034009,"pid":70310,"hostname":"Mac.home","count":5,"msg":"uploaded pre-keys successfully"}
{"level":30,"time":1774720034220,"pid":70310,"hostname":"Mac.home","msg":"handled 0 offline messages/notifications"}
{"level":30,"time":1774720034220,"pid":70310,"hostname":"Mac.home","msg":"Connection is now AwaitingInitialSync, buffering events"}
{"level":30,"time":1774720034220,"pid":70310,"hostname":"Mac.home","msg":"History sync is disabled by config, not waiting for notification. Transitioning to Online."}
{"level":30,"time":1774720034426,"pid":70310,"hostname":"Mac.home","msg":"opened connection to WA"}
[WhatsApp] ✅ Bağlantı başarılı!
{"level":40,"time":1774720034427,"pid":70310,"hostname":"Mac.home","msg":"no name present, ignoring presence update request..."}
{"level":30,"time":1774720034429,"pid":70310,"hostname":"Mac.home","myPN":"905333559848:2@s.whatsapp.net","myLID":"129879995613400:2@lid","msg":"Own LID session created successfully"}
{"level":50,"time":1774720039002,"pid":70310,"hostname":"Mac.home","reasonNode":{"tag":"conflict","attrs":{"type":"replaced"}},"fullErrorNode":{"tag":"stream:error","attrs":{},"content":[{"tag":"conflict","attrs":{"type":"replaced"}}]},"msg":"stream errored out"}
{"level":30,"time":1774720039002,"pid":70310,"hostname":"Mac.home","trace":"Error: Stream Errored (conflict)\n    at WebSocketClient.<anonymous> (file:///Users/salihozgen/Desktop/psikolog-projesi/node_modules/@whiskeysockets/baileys/lib/Socket/socket.js:780:13)\n    at WebSocketClient.emit (node:events:518:28)\n    at file:///Users/salihozgen/Desktop/psikolog-projesi/node_modules/@whiskeysockets/baileys/lib/Socket/socket.js:464:35\n    at Object.decodeFrame (file:///Users/salihozgen/Desktop/psikolog-projesi/node_modules/@whiskeysockets/baileys/lib/Utils/noise-handler.js:141:17)\n    at process.processTicksAndRejections (node:internal/process/task_queues:105:5)\n    at async WebSocketClient.onMessageReceived (file:///Users/salihozgen/Desktop/psikolog-projesi/node_modules/@whiskeysockets/baileys/lib/Socket/socket.js:441:9)","msg":"connection errored"}
[WhatsApp] Bot süreci başlatılıyor...
{"level":30,"time":1774720044379,"pid":70310,"hostname":"Mac.home","browser":["Ubuntu","Chrome","122.0.0"],"helloMsg":{"clientHello":{"ephemeral":"GlxTWfMszieNoENdx5gDDvtvLHTSXW4USrmQrAQMrUw="}},"msg":"connected to WA"}
{"level":30,"time":1774720044582,"pid":70310,"hostname":"Mac.home","node":{"username":"905333559848","passive":true,"userAgent":{"platform":"WEB","appVersion":{"primary":2,"secondary":3000,"tertiary":1035194821},"mcc":"000","mnc":"000","osVersion":"0.1","device":"Desktop","osBuildNumber":"0.1","releaseChannel":"RELEASE","localeLanguageIso6391":"en","localeCountryIso31661Alpha2":"US"},"webInfo":{"webSubPlatform":"WEB_BROWSER"},"connectType":"WIFI_UNKNOWN","connectReason":"USER_ACTIVATED","device":2,"pull":true,"lidDbMigrated":false},"msg":"logging in..."}
{"level":30,"time":1774720045120,"pid":70310,"hostname":"Mac.home","msg":"5 pre-keys found on server"}
{"level":30,"time":1774720045120,"pid":70310,"hostname":"Mac.home","msg":"Current prekey ID: 1517, exists in storage: true"}
{"level":30,"time":1774720045120,"pid":70310,"hostname":"Mac.home","msg":"Uploading PreKeys due to: server count low (5)"}
{"level":30,"time":1774720045120,"pid":70310,"hostname":"Mac.home","count":5,"retryCount":0,"msg":"uploading pre-keys"}
{"level":30,"time":1774720045562,"pid":70310,"hostname":"Mac.home","count":5,"msg":"uploaded pre-keys successfully"}
{"level":30,"time":1774720045830,"pid":70310,"hostname":"Mac.home","msg":"handled 0 offline messages/notifications"}
{"level":30,"time":1774720045830,"pid":70310,"hostname":"Mac.home","msg":"Connection is now AwaitingInitialSync, buffering events"}
{"level":30,"time":1774720045830,"pid":70310,"hostname":"Mac.home","msg":"History sync is disabled by config, not waiting for notification. Transitioning to Online."}
{"level":30,"time":1774720046035,"pid":70310,"hostname":"Mac.home","msg":"opened connection to WA"}
[WhatsApp] ✅ Bağlantı başarılı!
{"level":40,"time":1774720046038,"pid":70310,"hostname":"Mac.home","msg":"no name present, ignoring presence update request..."}
{"level":30,"time":1774720046044,"pid":70310,"hostname":"Mac.home","myPN":"905333559848:2@s.whatsapp.net","myLID":"129879995613400:2@lid","msg":"Own LID session created successfully"}
{"level":50,"time":1774720050691,"pid":70310,"hostname":"Mac.home","reasonNode":{"tag":"conflict","attrs":{"type":"replaced"}},"fullErrorNode":{"tag":"stream:error","attrs":{},"content":[{"tag":"conflict","attrs":{"type":"replaced"}}]},"msg":"stream errored out"}
{"level":30,"time":1774720050692,"pid":70310,"hostname":"Mac.home","trace":"Error: Stream Errored (conflict)\n    at WebSocketClient.<anonymous> (file:///Users/salihozgen/Desktop/psikolog-projesi/node_modules/@whiskeysockets/baileys/lib/Socket/socket.js:780:13)\n    at WebSocketClient.emit (node:events:518:28)\n    at file:///Users/salihozgen/Desktop/psikolog-projesi/node_modules/@whiskeysockets/baileys/lib/Socket/socket.js:464:35\n    at Object.decodeFrame (file:///Users/salihozgen/Desktop/psikolog-projesi/node_modules/@whiskeysockets/baileys/lib/Utils/noise-handler.js:141:17)\n    at process.processTicksAndRejections (node:internal/process/task_queues:105:5)\n    at async WebSocketClient.onMessageReceived (file:///Users/salihozgen/Desktop/psikolog-projesi/node_modules/@whiskeysockets/baileys/lib/Socket/socket.js:441:9)","msg":"connection errored"}
[WhatsApp] Bot süreci başlatılıyor...
{"level":30,"time":1774720055956,"pid":70310,"hostname":"Mac.home","browser":["Ubuntu","Chrome","122.0.0"],"helloMsg":{"clientHello":{"ephemeral":"BlpH1z4N7GZHGmEm9m30nSSXp2HC15lo3NwaDtPsflE="}},"msg":"connected to WA"}
{"level":30,"time":1774720056036,"pid":70310,"hostname":"Mac.home","node":{"username":"905333559848","passive":true,"userAgent":{"platform":"WEB","appVersion":{"primary":2,"secondary":3000,"tertiary":1035194821},"mcc":"000","mnc":"000","osVersion":"0.1","device":"Desktop","osBuildNumber":"0.1","releaseChannel":"RELEASE","localeLanguageIso6391":"en","localeCountryIso31661Alpha2":"US"},"webInfo":{"webSubPlatform":"WEB_BROWSER"},"connectType":"WIFI_UNKNOWN","connectReason":"USER_ACTIVATED","device":2,"pull":true,"lidDbMigrated":false},"msg":"logging in..."}
{"level":30,"time":1774720056548,"pid":70310,"hostname":"Mac.home","msg":"5 pre-keys found on server"}
{"level":30,"time":1774720056548,"pid":70310,"hostname":"Mac.home","msg":"Current prekey ID: 1527, exists in storage: true"}
{"level":30,"time":1774720056548,"pid":70310,"hostname":"Mac.home","msg":"Uploading PreKeys due to: server count low (5)"}
{"level":30,"time":1774720056548,"pid":70310,"hostname":"Mac.home","count":5,"retryCount":0,"msg":"uploading pre-keys"}
{"level":30,"time":1774720057118,"pid":70310,"hostname":"Mac.home","count":5,"msg":"uploaded pre-keys successfully"}
{"level":30,"time":1774720057324,"pid":70310,"hostname":"Mac.home","msg":"handled 0 offline messages/notifications"}
{"level":30,"time":1774720057324,"pid":70310,"hostname":"Mac.home","msg":"Connection is now AwaitingInitialSync, buffering events"}
{"level":30,"time":1774720057324,"pid":70310,"hostname":"Mac.home","msg":"History sync is disabled by config, not waiting for notification. Transitioning to Online."}
{"level":30,"time":1774720057555,"pid":70310,"hostname":"Mac.home","msg":"opened connection to WA"}
[WhatsApp] ✅ Bağlantı başarılı!
{"level":40,"time":1774720057558,"pid":70310,"hostname":"Mac.home","msg":"no name present, ignoring presence update request..."}
{"level":30,"time":1774720057564,"pid":70310,"hostname":"Mac.home","myPN":"905333559848:2@s.whatsapp.net","myLID":"129879995613400:2@lid","msg":"Own LID session created successfully"}
{"level":50,"time":1774720062255,"pid":70310,"hostname":"Mac.home","reasonNode":{"tag":"conflict","attrs":{"type":"replaced"}},"fullErrorNode":{"tag":"stream:error","attrs":{},"content":[{"tag":"conflict","attrs":{"type":"replaced"}}]},"msg":"stream errored out"}
{"level":30,"time":1774720062255,"pid":70310,"hostname":"Mac.home","trace":"Error: Stream Errored (conflict)\n    at WebSocketClient.<anonymous> (file:///Users/salihozgen/Desktop/psikolog-projesi/node_modules/@whiskeysockets/baileys/lib/Socket/socket.js:780:13)\n    at WebSocketClient.emit (node:events:518:28)\n    at file:///Users/salihozgen/Desktop/psikolog-projesi/node_modules/@whiskeysockets/baileys/lib/Socket/socket.js:464:35\n    at Object.decodeFrame (file:///Users/salihozgen/Desktop/psikolog-projesi/node_modules/@whiskeysockets/baileys/lib/Utils/noise-handler.js:141:17)\n    at process.processTicksAndRejections (node:internal/process/task_queues:105:5)\n    at async WebSocketClient.onMessageReceived (file:///Users/salihozgen/Desktop/psikolog-projesi/node_modules/@whiskeysockets/baileys/lib/Socket/socket.js:441:9)","msg":"connection errored"}
[WhatsApp] Bot süreci başlatılıyor...
{"level":30,"time":1774720067513,"pid":70310,"hostname":"Mac.home","browser":["Ubuntu","Chrome","122.0.0"],"helloMsg":{"clientHello":{"ephemeral":"cXx880Wg7fvRfN6zOT95VoHSAtopdQSLsgre189Yyiw="}},"msg":"connected to WA"}
{"level":30,"time":1774720067590,"pid":70310,"hostname":"Mac.home","node":{"username":"905333559848","passive":true,"userAgent":{"platform":"WEB","appVersion":{"primary":2,"secondary":3000,"tertiary":1035194821},"mcc":"000","mnc":"000","osVersion":"0.1","device":"Desktop","osBuildNumber":"0.1","releaseChannel":"RELEASE","localeLanguageIso6391":"en","localeCountryIso31661Alpha2":"US"},"webInfo":{"webSubPlatform":"WEB_BROWSER"},"connectType":"WIFI_UNKNOWN","connectReason":"USER_ACTIVATED","device":2,"pull":true,"lidDbMigrated":false},"msg":"logging in..."}
{"level":30,"time":1774720068480,"pid":70310,"hostname":"Mac.home","msg":"5 pre-keys found on server"}
{"level":30,"time":1774720068480,"pid":70310,"hostname":"Mac.home","msg":"Current prekey ID: 1537, exists in storage: true"}
{"level":30,"time":1774720068480,"pid":70310,"hostname":"Mac.home","msg":"Uploading PreKeys due to: server count low (5)"}
{"level":30,"time":1774720068480,"pid":70310,"hostname":"Mac.home","count":5,"retryCount":0,"msg":"uploading pre-keys"}
{"level":30,"time":1774720068892,"pid":70310,"hostname":"Mac.home","count":5,"msg":"uploaded pre-keys successfully"}
{"level":30,"time":1774720069095,"pid":70310,"hostname":"Mac.home","msg":"handled 0 offline messages/notifications"}
{"level":30,"time":1774720069095,"pid":70310,"hostname":"Mac.home","msg":"Connection is now AwaitingInitialSync, buffering events"}
{"level":30,"time":1774720069095,"pid":70310,"hostname":"Mac.home","msg":"History sync is disabled by config, not waiting for notification. Transitioning to Online."}
{"level":30,"time":1774720069134,"pid":70310,"hostname":"Mac.home","msg":"opened connection to WA"}
[WhatsApp] ✅ Bağlantı başarılı!
{"level":40,"time":1774720069135,"pid":70310,"hostname":"Mac.home","msg":"no name present, ignoring presence update request..."}
{"level":30,"time":1774720069139,"pid":70310,"hostname":"Mac.home","myPN":"905333559848:2@s.whatsapp.net","myLID":"129879995613400:2@lid","msg":"Own LID session created successfully"}
{"level":50,"time":1774720073490,"pid":70310,"hostname":"Mac.home","reasonNode":{"tag":"conflict","attrs":{"type":"replaced"}},"fullErrorNode":{"tag":"stream:error","attrs":{},"content":[{"tag":"conflict","attrs":{"type":"replaced"}}]},"msg":"stream errored out"}
{"level":30,"time":1774720073490,"pid":70310,"hostname":"Mac.home","trace":"Error: Stream Errored (conflict)\n    at WebSocketClient.<anonymous> (file:///Users/salihozgen/Desktop/psikolog-projesi/node_modules/@whiskeysockets/baileys/lib/Socket/socket.js:780:13)\n    at WebSocketClient.emit (node:events:518:28)\n    at file:///Users/salihozgen/Desktop/psikolog-projesi/node_modules/@whiskeysockets/baileys/lib/Socket/socket.js:464:35\n    at Object.decodeFrame (file:///Users/salihozgen/Desktop/psikolog-projesi/node_modules/@whiskeysockets/baileys/lib/Utils/noise-handler.js:141:17)\n    at process.processTicksAndRejections (node:internal/process/task_queues:105:5)\n    at async WebSocketClient.onMessageReceived (file:///Users/salihozgen/Desktop/psikolog-projesi/node_modules/@whiskeysockets/baileys/lib/Socket/socket.js:441:9)","msg":"connection errored"}
[WhatsApp] Bot süreci başlatılıyor...
{"level":30,"time":1774720078873,"pid":70310,"hostname":"Mac.home","browser":["Ubuntu","Chrome","122.0.0"],"helloMsg":{"clientHello":{"ephemeral":"lifOMzFFa09Ogz3ZSBCVV+jaec4XfnzZAHjOrct6wS0="}},"msg":"connected to WA"}
{"level":30,"time":1774720079090,"pid":70310,"hostname":"Mac.home","node":{"username":"905333559848","passive":true,"userAgent":{"platform":"WEB","appVersion":{"primary":2,"secondary":3000,"tertiary":1035194821},"mcc":"000","mnc":"000","osVersion":"0.1","device":"Desktop","osBuildNumber":"0.1","releaseChannel":"RELEASE","localeLanguageIso6391":"en","localeCountryIso31661Alpha2":"US"},"webInfo":{"webSubPlatform":"WEB_BROWSER"},"connectType":"WIFI_UNKNOWN","connectReason":"USER_ACTIVATED","device":2,"pull":true,"lidDbMigrated":false},"msg":"logging in..."}
{"level":30,"time":1774720079643,"pid":70310,"hostname":"Mac.home","msg":"5 pre-keys found on server"}
{"level":30,"time":1774720079643,"pid":70310,"hostname":"Mac.home","msg":"Current prekey ID: 1547, exists in storage: true"}
{"level":30,"time":1774720079643,"pid":70310,"hostname":"Mac.home","msg":"Uploading PreKeys due to: server count low (5)"}
{"level":30,"time":1774720079643,"pid":70310,"hostname":"Mac.home","count":5,"retryCount":0,"msg":"uploading pre-keys"}
{"level":30,"time":1774720080091,"pid":70310,"hostname":"Mac.home","count":5,"msg":"uploaded pre-keys successfully"}
{"level":30,"time":1774720080361,"pid":70310,"hostname":"Mac.home","msg":"handled 0 offline messages/notifications"}
{"level":30,"time":1774720080361,"pid":70310,"hostname":"Mac.home","msg":"Connection is now AwaitingInitialSync, buffering events"}
{"level":30,"time":1774720080362,"pid":70310,"hostname":"Mac.home","msg":"History sync is disabled by config, not waiting for notification. Transitioning to Online."}
{"level":30,"time":1774720080573,"pid":70310,"hostname":"Mac.home","msg":"opened connection to WA"}
[WhatsApp] ✅ Bağlantı başarılı!
{"level":40,"time":1774720080574,"pid":70310,"hostname":"Mac.home","msg":"no name present, ignoring presence update request..."}
{"level":30,"time":1774720080577,"pid":70310,"hostname":"Mac.home","myPN":"905333559848:2@s.whatsapp.net","myLID":"129879995613400:2@lid","msg":"Own LID session created successfully"}
{"level":50,"time":1774720085146,"pid":70310,"hostname":"Mac.home","reasonNode":{"tag":"conflict","attrs":{"type":"replaced"}},"fullErrorNode":{"tag":"stream:error","attrs":{},"content":[{"tag":"conflict","attrs":{"type":"replaced"}}]},"msg":"stream errored out"}
{"level":30,"time":1774720085147,"pid":70310,"hostname":"Mac.home","trace":"Error: Stream Errored (conflict)\n    at WebSocketClient.<anonymous> (file:///Users/salihozgen/Desktop/psikolog-projesi/node_modules/@whiskeysockets/baileys/lib/Socket/socket.js:780:13)\n    at WebSocketClient.emit (node:events:518:28)\n    at file:///Users/salihozgen/Desktop/psikolog-projesi/node_modules/@whiskeysockets/baileys/lib/Socket/socket.js:464:35\n    at Object.decodeFrame (file:///Users/salihozgen/Desktop/psikolog-projesi/node_modules/@whiskeysockets/baileys/lib/Utils/noise-handler.js:141:17)\n    at process.processTicksAndRejections (node:internal/process/task_queues:105:5)\n    at async WebSocketClient.onMessageReceived (file:///Users/salihozgen/Desktop/psikolog-projesi/node_modules/@whiskeysockets/baileys/lib/Socket/socket.js:441:9)","msg":"connection errored"}
[WhatsApp] Bot süreci başlatılıyor...
{"level":30,"time":1774720090491,"pid":70310,"hostname":"Mac.home","browser":["Ubuntu","Chrome","122.0.0"],"helloMsg":{"clientHello":{"ephemeral":"6sSz1ezYGrPg6ORJJwPmAJAzzgtJuRSm9MeQII4B5kg="}},"msg":"connected to WA"}
{"level":30,"time":1774720090653,"pid":70310,"hostname":"Mac.home","node":{"username":"905333559848","passive":true,"userAgent":{"platform":"WEB","appVersion":{"primary":2,"secondary":3000,"tertiary":1035194821},"mcc":"000","mnc":"000","osVersion":"0.1","device":"Desktop","osBuildNumber":"0.1","releaseChannel":"RELEASE","localeLanguageIso6391":"en","localeCountryIso31661Alpha2":"US"},"webInfo":{"webSubPlatform":"WEB_BROWSER"},"connectType":"WIFI_UNKNOWN","connectReason":"USER_ACTIVATED","device":2,"pull":true,"lidDbMigrated":false},"msg":"logging in..."}
{"level":30,"time":1774720090970,"pid":70310,"hostname":"Mac.home","msg":"5 pre-keys found on server"}
{"level":30,"time":1774720090970,"pid":70310,"hostname":"Mac.home","msg":"Current prekey ID: 1557, exists in storage: true"}
{"level":30,"time":1774720090970,"pid":70310,"hostname":"Mac.home","msg":"Uploading PreKeys due to: server count low (5)"}
{"level":30,"time":1774720090970,"pid":70310,"hostname":"Mac.home","count":5,"retryCount":0,"msg":"uploading pre-keys"}
{"level":30,"time":1774720091170,"pid":70310,"hostname":"Mac.home","count":5,"msg":"uploaded pre-keys successfully"}
{"level":30,"time":1774720091336,"pid":70310,"hostname":"Mac.home","msg":"handled 0 offline messages/notifications"}
{"level":30,"time":1774720091336,"pid":70310,"hostname":"Mac.home","msg":"Connection is now AwaitingInitialSync, buffering events"}
{"level":30,"time":1774720091336,"pid":70310,"hostname":"Mac.home","msg":"History sync is disabled by config, not waiting for notification. Transitioning to Online."}
{"level":30,"time":1774720091483,"pid":70310,"hostname":"Mac.home","msg":"opened connection to WA"}
[WhatsApp] ✅ Bağlantı başarılı!
{"level":40,"time":1774720091483,"pid":70310,"hostname":"Mac.home","msg":"no name present, ignoring presence update request..."}
{"level":30,"time":1774720091485,"pid":70310,"hostname":"Mac.home","myPN":"905333559848:2@s.whatsapp.net","myLID":"129879995613400:2@lid","msg":"Own LID session created successfully"}
{"level":50,"time":1774720096896,"pid":70310,"hostname":"Mac.home","reasonNode":{"tag":"conflict","attrs":{"type":"replaced"}},"fullErrorNode":{"tag":"stream:error","attrs":{},"content":[{"tag":"conflict","attrs":{"type":"replaced"}}]},"msg":"stream errored out"}
{"level":30,"time":1774720096896,"pid":70310,"hostname":"Mac.home","trace":"Error: Stream Errored (conflict)\n    at WebSocketClient.<anonymous> (file:///Users/salihozgen/Desktop/psikolog-projesi/node_modules/@whiskeysockets/baileys/lib/Socket/socket.js:780:13)\n    at WebSocketClient.emit (node:events:518:28)\n    at file:///Users/salihozgen/Desktop/psikolog-projesi/node_modules/@whiskeysockets/baileys/lib/Socket/socket.js:464:35\n    at Object.decodeFrame (file:///Users/salihozgen/Desktop/psikolog-projesi/node_modules/@whiskeysockets/baileys/lib/Utils/noise-handler.js:141:17)\n    at process.processTicksAndRejections (node:internal/process/task_queues:105:5)\n    at async WebSocketClient.onMessageReceived (file:///Users/salihozgen/Desktop/psikolog-projesi/node_modules/@whiskeysockets/baileys/lib/Socket/socket.js:441:9)","msg":"connection errored"}
[WhatsApp] Bot süreci başlatılıyor...
{"level":30,"time":1774720102233,"pid":70310,"hostname":"Mac.home","browser":["Ubuntu","Chrome","122.0.0"],"helloMsg":{"clientHello":{"ephemeral":"iDpeOcTig/T1qdGbBbLwDmp67V0hEtJ9JY4d18d0wxk="}},"msg":"connected to WA"}
{"level":30,"time":1774720102392,"pid":70310,"hostname":"Mac.home","node":{"username":"905333559848","passive":true,"userAgent":{"platform":"WEB","appVersion":{"primary":2,"secondary":3000,"tertiary":1035194821},"mcc":"000","mnc":"000","osVersion":"0.1","device":"Desktop","osBuildNumber":"0.1","releaseChannel":"RELEASE","localeLanguageIso6391":"en","localeCountryIso31661Alpha2":"US"},"webInfo":{"webSubPlatform":"WEB_BROWSER"},"connectType":"WIFI_UNKNOWN","connectReason":"USER_ACTIVATED","device":2,"pull":true,"lidDbMigrated":false},"msg":"logging in..."}
{"level":30,"time":1774720102727,"pid":70310,"hostname":"Mac.home","msg":"5 pre-keys found on server"}
{"level":30,"time":1774720102727,"pid":70310,"hostname":"Mac.home","msg":"Current prekey ID: 1567, exists in storage: true"}
{"level":30,"time":1774720102727,"pid":70310,"hostname":"Mac.home","msg":"Uploading PreKeys due to: server count low (5)"}
{"level":30,"time":1774720102727,"pid":70310,"hostname":"Mac.home","count":5,"retryCount":0,"msg":"uploading pre-keys"}
{"level":30,"time":1774720102953,"pid":70310,"hostname":"Mac.home","count":5,"msg":"uploaded pre-keys successfully"}
{"level":30,"time":1774720103106,"pid":70310,"hostname":"Mac.home","msg":"handled 0 offline messages/notifications"}
{"level":30,"time":1774720103106,"pid":70310,"hostname":"Mac.home","msg":"Connection is now AwaitingInitialSync, buffering events"}
{"level":30,"time":1774720103106,"pid":70310,"hostname":"Mac.home","msg":"History sync is disabled by config, not waiting for notification. Transitioning to Online."}
{"level":30,"time":1774720103266,"pid":70310,"hostname":"Mac.home","msg":"opened connection to WA"}
[WhatsApp] ✅ Bağlantı başarılı!
{"level":40,"time":1774720103268,"pid":70310,"hostname":"Mac.home","msg":"no name present, ignoring presence update request..."}
{"level":30,"time":1774720103272,"pid":70310,"hostname":"Mac.home","myPN":"905333559848:2@s.whatsapp.net","myLID":"129879995613400:2@lid","msg":"Own LID session created successfully"}
{"level":50,"time":1774720108354,"pid":70310,"hostname":"Mac.home","reasonNode":{"tag":"conflict","attrs":{"type":"replaced"}},"fullErrorNode":{"tag":"stream:error","attrs":{},"content":[{"tag":"conflict","attrs":{"type":"replaced"}}]},"msg":"stream errored out"}
{"level":30,"time":1774720108354,"pid":70310,"hostname":"Mac.home","trace":"Error: Stream Errored (conflict)\n    at WebSocketClient.<anonymous> (file:///Users/salihozgen/Desktop/psikolog-projesi/node_modules/@whiskeysockets/baileys/lib/Socket/socket.js:780:13)\n    at WebSocketClient.emit (node:events:518:28)\n    at file:///Users/salihozgen/Desktop/psikolog-projesi/node_modules/@whiskeysockets/baileys/lib/Socket/socket.js:464:35\n    at Object.decodeFrame (file:///Users/salihozgen/Desktop/psikolog-projesi/node_modules/@whiskeysockets/baileys/lib/Utils/noise-handler.js:141:17)\n    at process.processTicksAndRejections (node:internal/process/task_queues:105:5)\n    at async WebSocketClient.onMessageReceived (file:///Users/salihozgen/Desktop/psikolog-projesi/node_modules/@whiskeysockets/baileys/lib/Socket/socket.js:441:9)","msg":"connection errored"}
[WhatsApp] Bot süreci başlatılıyor...
{"level":30,"time":1774720113986,"pid":70310,"hostname":"Mac.home","browser":["Ubuntu","Chrome","122.0.0"],"helloMsg":{"clientHello":{"ephemeral":"gocILofq+SAMxoToqKrhvgFFCrTJo3+xZwru7arfnwU="}},"msg":"connected to WA"}
{"level":30,"time":1774720114154,"pid":70310,"hostname":"Mac.home","node":{"username":"905333559848","passive":true,"userAgent":{"platform":"WEB","appVersion":{"primary":2,"secondary":3000,"tertiary":1035194821},"mcc":"000","mnc":"000","osVersion":"0.1","device":"Desktop","osBuildNumber":"0.1","releaseChannel":"RELEASE","localeLanguageIso6391":"en","localeCountryIso31661Alpha2":"US"},"webInfo":{"webSubPlatform":"WEB_BROWSER"},"connectType":"WIFI_UNKNOWN","connectReason":"USER_ACTIVATED","device":2,"pull":true,"lidDbMigrated":false},"msg":"logging in..."}
{"level":30,"time":1774720114557,"pid":70310,"hostname":"Mac.home","msg":"5 pre-keys found on server"}
{"level":30,"time":1774720114557,"pid":70310,"hostname":"Mac.home","msg":"Current prekey ID: 1577, exists in storage: true"}
{"level":30,"time":1774720114557,"pid":70310,"hostname":"Mac.home","msg":"Uploading PreKeys due to: server count low (5)"}
{"level":30,"time":1774720114557,"pid":70310,"hostname":"Mac.home","count":5,"retryCount":0,"msg":"uploading pre-keys"}
{"level":30,"time":1774720114859,"pid":70310,"hostname":"Mac.home","count":5,"msg":"uploaded pre-keys successfully"}
{"level":30,"time":1774720115052,"pid":70310,"hostname":"Mac.home","msg":"handled 0 offline messages/notifications"}
{"level":30,"time":1774720115052,"pid":70310,"hostname":"Mac.home","msg":"Connection is now AwaitingInitialSync, buffering events"}
{"level":30,"time":1774720115052,"pid":70310,"hostname":"Mac.home","msg":"History sync is disabled by config, not waiting for notification. Transitioning to Online."}
{"level":30,"time":1774720115225,"pid":70310,"hostname":"Mac.home","msg":"opened connection to WA"}
[WhatsApp] ✅ Bağlantı başarılı!
{"level":40,"time":1774720115228,"pid":70310,"hostname":"Mac.home","msg":"no name present, ignoring presence update request..."}
{"level":30,"time":1774720115235,"pid":70310,"hostname":"Mac.home","myPN":"905333559848:2@s.whatsapp.net","myLID":"129879995613400:2@lid","msg":"Own LID session created successfully"}
{"level":50,"time":1774720120192,"pid":70310,"hostname":"Mac.home","reasonNode":{"tag":"conflict","attrs":{"type":"replaced"}},"fullErrorNode":{"tag":"stream:error","attrs":{},"content":[{"tag":"conflict","attrs":{"type":"replaced"}}]},"msg":"stream errored out"}
{"level":30,"time":1774720120192,"pid":70310,"hostname":"Mac.home","trace":"Error: Stream Errored (conflict)\n    at WebSocketClient.<anonymous> (file:///Users/salihozgen/Desktop/psikolog-projesi/node_modules/@whiskeysockets/baileys/lib/Socket/socket.js:780:13)\n    at WebSocketClient.emit (node:events:518:28)\n    at file:///Users/salihozgen/Desktop/psikolog-projesi/node_modules/@whiskeysockets/baileys/lib/Socket/socket.js:464:35\n    at Object.decodeFrame (file:///Users/salihozgen/Desktop/psikolog-projesi/node_modules/@whiskeysockets/baileys/lib/Utils/noise-handler.js:141:17)\n    at process.processTicksAndRejections (node:internal/process/task_queues:105:5)\n    at async WebSocketClient.onMessageReceived (file:///Users/salihozgen/Desktop/psikolog-projesi/node_modules/@whiskeysockets/baileys/lib/Socket/socket.js:441:9)","msg":"connection errored"}
[WhatsApp] Bot süreci başlatılıyor...
{"level":30,"time":1774720125449,"pid":70310,"hostname":"Mac.home","browser":["Ubuntu","Chrome","122.0.0"],"helloMsg":{"clientHello":{"ephemeral":"TC44utsgRhOdmj13xvUvNh83UfN6h9gxoSzrc/HedmE="}},"msg":"connected to WA"}
{"level":30,"time":1774720125541,"pid":70310,"hostname":"Mac.home","node":{"username":"905333559848","passive":true,"userAgent":{"platform":"WEB","appVersion":{"primary":2,"secondary":3000,"tertiary":1035194821},"mcc":"000","mnc":"000","osVersion":"0.1","device":"Desktop","osBuildNumber":"0.1","releaseChannel":"RELEASE","localeLanguageIso6391":"en","localeCountryIso31661Alpha2":"US"},"webInfo":{"webSubPlatform":"WEB_BROWSER"},"connectType":"WIFI_UNKNOWN","connectReason":"USER_ACTIVATED","device":2,"pull":true,"lidDbMigrated":false},"msg":"logging in..."}
{"level":30,"time":1774720126172,"pid":70310,"hostname":"Mac.home","msg":"5 pre-keys found on server"}
{"level":30,"time":1774720126172,"pid":70310,"hostname":"Mac.home","msg":"Current prekey ID: 1587, exists in storage: true"}
{"level":30,"time":1774720126172,"pid":70310,"hostname":"Mac.home","msg":"Uploading PreKeys due to: server count low (5)"}
{"level":30,"time":1774720126172,"pid":70310,"hostname":"Mac.home","count":5,"retryCount":0,"msg":"uploading pre-keys"}
{"level":30,"time":1774720126867,"pid":70310,"hostname":"Mac.home","count":5,"msg":"uploaded pre-keys successfully"}
{"level":30,"time":1774720127107,"pid":70310,"hostname":"Mac.home","msg":"handled 0 offline messages/notifications"}
{"level":30,"time":1774720127107,"pid":70310,"hostname":"Mac.home","msg":"Connection is now AwaitingInitialSync, buffering events"}
{"level":30,"time":1774720127107,"pid":70310,"hostname":"Mac.home","msg":"History sync is disabled by config, not waiting for notification. Transitioning to Online."}
{"level":30,"time":1774720127378,"pid":70310,"hostname":"Mac.home","msg":"opened connection to WA"}
[WhatsApp] ✅ Bağlantı başarılı!
{"level":40,"time":1774720127381,"pid":70310,"hostname":"Mac.home","msg":"no name present, ignoring presence update request..."}
{"level":30,"time":1774720127387,"pid":70310,"hostname":"Mac.home","myPN":"905333559848:2@s.whatsapp.net","myLID":"129879995613400:2@lid","msg":"Own LID session created successfully"}
{"level":50,"time":1774720131539,"pid":70310,"hostname":"Mac.home","reasonNode":{"tag":"conflict","attrs":{"type":"replaced"}},"fullErrorNode":{"tag":"stream:error","attrs":{},"content":[{"tag":"conflict","attrs":{"type":"replaced"}}]},"msg":"stream errored out"}
{"level":30,"time":1774720131539,"pid":70310,"hostname":"Mac.home","trace":"Error: Stream Errored (conflict)\n    at WebSocketClient.<anonymous> (file:///Users/salihozgen/Desktop/psikolog-projesi/node_modules/@whiskeysockets/baileys/lib/Socket/socket.js:780:13)\n    at WebSocketClient.emit (node:events:518:28)\n    at file:///Users/salihozgen/Desktop/psikolog-projesi/node_modules/@whiskeysockets/baileys/lib/Socket/socket.js:464:35\n    at Object.decodeFrame (file:///Users/salihozgen/Desktop/psikolog-projesi/node_modules/@whiskeysockets/baileys/lib/Utils/noise-handler.js:141:17)\n    at process.processTicksAndRejections (node:internal/process/task_queues:105:5)\n    at async WebSocketClient.onMessageReceived (file:///Users/salihozgen/Desktop/psikolog-projesi/node_modules/@whiskeysockets/baileys/lib/Socket/socket.js:441:9)","msg":"connection errored"}
[WhatsApp] Bot süreci başlatılıyor...
{"level":30,"time":1774720136864,"pid":70310,"hostname":"Mac.home","browser":["Ubuntu","Chrome","122.0.0"],"helloMsg":{"clientHello":{"ephemeral":"Rr3sKZJih5osGLISIMUyqCO87Tm6Xu7ySyE6y7x4KB0="}},"msg":"connected to WA"}
{"level":30,"time":1774720137012,"pid":70310,"hostname":"Mac.home","node":{"username":"905333559848","passive":true,"userAgent":{"platform":"WEB","appVersion":{"primary":2,"secondary":3000,"tertiary":1035194821},"mcc":"000","mnc":"000","osVersion":"0.1","device":"Desktop","osBuildNumber":"0.1","releaseChannel":"RELEASE","localeLanguageIso6391":"en","localeCountryIso31661Alpha2":"US"},"webInfo":{"webSubPlatform":"WEB_BROWSER"},"connectType":"WIFI_UNKNOWN","connectReason":"USER_ACTIVATED","device":2,"pull":true,"lidDbMigrated":false},"msg":"logging in..."}
{"level":30,"time":1774720137346,"pid":70310,"hostname":"Mac.home","msg":"5 pre-keys found on server"}
{"level":30,"time":1774720137346,"pid":70310,"hostname":"Mac.home","msg":"Current prekey ID: 1597, exists in storage: true"}
{"level":30,"time":1774720137346,"pid":70310,"hostname":"Mac.home","msg":"Uploading PreKeys due to: server count low (5)"}
{"level":30,"time":1774720137346,"pid":70310,"hostname":"Mac.home","count":5,"retryCount":0,"msg":"uploading pre-keys"}
{"level":30,"time":1774720137565,"pid":70310,"hostname":"Mac.home","count":5,"msg":"uploaded pre-keys successfully"}
{"level":30,"time":1774720137714,"pid":70310,"hostname":"Mac.home","msg":"handled 0 offline messages/notifications"}
{"level":30,"time":1774720137714,"pid":70310,"hostname":"Mac.home","msg":"Connection is now AwaitingInitialSync, buffering events"}
{"level":30,"time":1774720137714,"pid":70310,"hostname":"Mac.home","msg":"History sync is disabled by config, not waiting for notification. Transitioning to Online."}
{"level":30,"time":1774720137871,"pid":70310,"hostname":"Mac.home","msg":"opened connection to WA"}
[WhatsApp] ✅ Bağlantı başarılı!
{"level":40,"time":1774720137874,"pid":70310,"hostname":"Mac.home","msg":"no name present, ignoring presence update request..."}
{"level":30,"time":1774720137880,"pid":70310,"hostname":"Mac.home","myPN":"905333559848:2@s.whatsapp.net","myLID":"129879995613400:2@lid","msg":"Own LID session created successfully"}
{"level":50,"time":1774720143075,"pid":70310,"hostname":"Mac.home","reasonNode":{"tag":"conflict","attrs":{"type":"replaced"}},"fullErrorNode":{"tag":"stream:error","attrs":{},"content":[{"tag":"conflict","attrs":{"type":"replaced"}}]},"msg":"stream errored out"}
{"level":30,"time":1774720143076,"pid":70310,"hostname":"Mac.home","trace":"Error: Stream Errored (conflict)\n    at WebSocketClient.<anonymous> (file:///Users/salihozgen/Desktop/psikolog-projesi/node_modules/@whiskeysockets/baileys/lib/Socket/socket.js:780:13)\n    at WebSocketClient.emit (node:events:518:28)\n    at file:///Users/salihozgen/Desktop/psikolog-projesi/node_modules/@whiskeysockets/baileys/lib/Socket/socket.js:464:35\n    at Object.decodeFrame (file:///Users/salihozgen/Desktop/psikolog-projesi/node_modules/@whiskeysockets/baileys/lib/Utils/noise-handler.js:141:17)\n    at process.processTicksAndRejections (node:internal/process/task_queues:105:5)\n    at async WebSocketClient.onMessageReceived (file:///Users/salihozgen/Desktop/psikolog-projesi/node_modules/@whiskeysockets/baileys/lib/Socket/socket.js:441:9)","msg":"connection errored"}
[WhatsApp] Bot süreci başlatılıyor...
{"level":30,"time":1774720148670,"pid":70310,"hostname":"Mac.home","browser":["Ubuntu","Chrome","122.0.0"],"helloMsg":{"clientHello":{"ephemeral":"6olCl+EBgEufYfoAsbJZSCP+0T+DVVN6gmyYTfadFCw="}},"msg":"connected to WA"}
{"level":30,"time":1774720148833,"pid":70310,"hostname":"Mac.home","node":{"username":"905333559848","passive":true,"userAgent":{"platform":"WEB","appVersion":{"primary":2,"secondary":3000,"tertiary":1035194821},"mcc":"000","mnc":"000","osVersion":"0.1","device":"Desktop","osBuildNumber":"0.1","releaseChannel":"RELEASE","localeLanguageIso6391":"en","localeCountryIso31661Alpha2":"US"},"webInfo":{"webSubPlatform":"WEB_BROWSER"},"connectType":"WIFI_UNKNOWN","connectReason":"USER_ACTIVATED","device":2,"pull":true,"lidDbMigrated":false},"msg":"logging in..."}
{"level":30,"time":1774720149150,"pid":70310,"hostname":"Mac.home","msg":"5 pre-keys found on server"}
{"level":30,"time":1774720149150,"pid":70310,"hostname":"Mac.home","msg":"Current prekey ID: 1607, exists in storage: true"}
{"level":30,"time":1774720149150,"pid":70310,"hostname":"Mac.home","msg":"Uploading PreKeys due to: server count low (5)"}
{"level":30,"time":1774720149150,"pid":70310,"hostname":"Mac.home","count":5,"retryCount":0,"msg":"uploading pre-keys"}
{"level":30,"time":1774720149349,"pid":70310,"hostname":"Mac.home","count":5,"msg":"uploaded pre-keys successfully"}
{"level":30,"time":1774720149561,"pid":70310,"hostname":"Mac.home","msg":"handled 0 offline messages/notifications"}
{"level":30,"time":1774720149561,"pid":70310,"hostname":"Mac.home","msg":"Connection is now AwaitingInitialSync, buffering events"}
{"level":30,"time":1774720149562,"pid":70310,"hostname":"Mac.home","msg":"History sync is disabled by config, not waiting for notification. Transitioning to Online."}
{"level":30,"time":1774720149660,"pid":70310,"hostname":"Mac.home","msg":"opened connection to WA"}
[WhatsApp] ✅ Bağlantı başarılı!
{"level":40,"time":1774720149661,"pid":70310,"hostname":"Mac.home","msg":"no name present, ignoring presence update request..."}
{"level":30,"time":1774720149664,"pid":70310,"hostname":"Mac.home","myPN":"905333559848:2@s.whatsapp.net","myLID":"129879995613400:2@lid","msg":"Own LID session created successfully"}
{"level":50,"time":1774720155028,"pid":70310,"hostname":"Mac.home","reasonNode":{"tag":"conflict","attrs":{"type":"replaced"}},"fullErrorNode":{"tag":"stream:error","attrs":{},"content":[{"tag":"conflict","attrs":{"type":"replaced"}}]},"msg":"stream errored out"}
{"level":30,"time":1774720155029,"pid":70310,"hostname":"Mac.home","trace":"Error: Stream Errored (conflict)\n    at WebSocketClient.<anonymous> (file:///Users/salihozgen/Desktop/psikolog-projesi/node_modules/@whiskeysockets/baileys/lib/Socket/socket.js:780:13)\n    at WebSocketClient.emit (node:events:518:28)\n    at file:///Users/salihozgen/Desktop/psikolog-projesi/node_modules/@whiskeysockets/baileys/lib/Socket/socket.js:464:35\n    at Object.decodeFrame (file:///Users/salihozgen/Desktop/psikolog-projesi/node_modules/@whiskeysockets/baileys/lib/Utils/noise-handler.js:141:17)\n    at process.processTicksAndRejections (node:internal/process/task_queues:105:5)\n    at async WebSocketClient.onMessageReceived (file:///Users/salihozgen/Desktop/psikolog-projesi/node_modules/@whiskeysockets/baileys/lib/Socket/socket.js:441:9)","msg":"connection errored"}
[WhatsApp] Bot süreci başlatılıyor...
{"level":30,"time":1774720160418,"pid":70310,"hostname":"Mac.home","browser":["Ubuntu","Chrome","122.0.0"],"helloMsg":{"clientHello":{"ephemeral":"dnbXotQZRz3T+l4PDhFbTAM5RyvdPy6KyDc7FEhZtmo="}},"msg":"connected to WA"}
{"level":30,"time":1774720160613,"pid":70310,"hostname":"Mac.home","node":{"username":"905333559848","passive":true,"userAgent":{"platform":"WEB","appVersion":{"primary":2,"secondary":3000,"tertiary":1035194821},"mcc":"000","mnc":"000","osVersion":"0.1","device":"Desktop","osBuildNumber":"0.1","releaseChannel":"RELEASE","localeLanguageIso6391":"en","localeCountryIso31661Alpha2":"US"},"webInfo":{"webSubPlatform":"WEB_BROWSER"},"connectType":"WIFI_UNKNOWN","connectReason":"USER_ACTIVATED","device":2,"pull":true,"lidDbMigrated":false},"msg":"logging in..."}
{"level":30,"time":1774720161075,"pid":70310,"hostname":"Mac.home","msg":"5 pre-keys found on server"}
{"level":30,"time":1774720161075,"pid":70310,"hostname":"Mac.home","msg":"Current prekey ID: 1617, exists in storage: true"}
{"level":30,"time":1774720161075,"pid":70310,"hostname":"Mac.home","msg":"Uploading PreKeys due to: server count low (5)"}
{"level":30,"time":1774720161075,"pid":70310,"hostname":"Mac.home","count":5,"retryCount":0,"msg":"uploading pre-keys"}
{"level":30,"time":1774720161419,"pid":70310,"hostname":"Mac.home","count":5,"msg":"uploaded pre-keys successfully"}
{"level":30,"time":1774720161654,"pid":70310,"hostname":"Mac.home","msg":"handled 0 offline messages/notifications"}
{"level":30,"time":1774720161654,"pid":70310,"hostname":"Mac.home","msg":"Connection is now AwaitingInitialSync, buffering events"}
{"level":30,"time":1774720161654,"pid":70310,"hostname":"Mac.home","msg":"History sync is disabled by config, not waiting for notification. Transitioning to Online."}
{"level":30,"time":1774720161837,"pid":70310,"hostname":"Mac.home","msg":"opened connection to WA"}
[WhatsApp] ✅ Bağlantı başarılı!
{"level":40,"time":1774720161840,"pid":70310,"hostname":"Mac.home","msg":"no name present, ignoring presence update request..."}
{"level":30,"time":1774720161852,"pid":70310,"hostname":"Mac.home","myPN":"905333559848:2@s.whatsapp.net","myLID":"129879995613400:2@lid","msg":"Own LID session created successfully"}
{"level":50,"time":1774720166650,"pid":70310,"hostname":"Mac.home","reasonNode":{"tag":"conflict","attrs":{"type":"replaced"}},"fullErrorNode":{"tag":"stream:error","attrs":{},"content":[{"tag":"conflict","attrs":{"type":"replaced"}}]},"msg":"stream errored out"}
{"level":30,"time":1774720166650,"pid":70310,"hostname":"Mac.home","trace":"Error: Stream Errored (conflict)\n    at WebSocketClient.<anonymous> (file:///Users/salihozgen/Desktop/psikolog-projesi/node_modules/@whiskeysockets/baileys/lib/Socket/socket.js:780:13)\n    at WebSocketClient.emit (node:events:518:28)\n    at file:///Users/salihozgen/Desktop/psikolog-projesi/node_modules/@whiskeysockets/baileys/lib/Socket/socket.js:464:35\n    at Object.decodeFrame (file:///Users/salihozgen/Desktop/psikolog-projesi/node_modules/@whiskeysockets/baileys/lib/Utils/noise-handler.js:141:17)\n    at process.processTicksAndRejections (node:internal/process/task_queues:105:5)\n    at async WebSocketClient.onMessageReceived (file:///Users/salihozgen/Desktop/psikolog-projesi/node_modules/@whiskeysockets/baileys/lib/Socket/socket.js:441:9)","msg":"connection errored"}
[WhatsApp] Bot süreci başlatılıyor...
{"level":30,"time":1774720172042,"pid":70310,"hostname":"Mac.home","browser":["Ubuntu","Chrome","122.0.0"],"helloMsg":{"clientHello":{"ephemeral":"Fic7REMKxMiiPS0xrjH37RFRX51j8t6Z+W2RRqDMYVY="}},"msg":"connected to WA"}
{"level":30,"time":1774720172250,"pid":70310,"hostname":"Mac.home","node":{"username":"905333559848","passive":true,"userAgent":{"platform":"WEB","appVersion":{"primary":2,"secondary":3000,"tertiary":1035194821},"mcc":"000","mnc":"000","osVersion":"0.1","device":"Desktop","osBuildNumber":"0.1","releaseChannel":"RELEASE","localeLanguageIso6391":"en","localeCountryIso31661Alpha2":"US"},"webInfo":{"webSubPlatform":"WEB_BROWSER"},"connectType":"WIFI_UNKNOWN","connectReason":"USER_ACTIVATED","device":2,"pull":true,"lidDbMigrated":false},"msg":"logging in..."}
{"level":30,"time":1774720172789,"pid":70310,"hostname":"Mac.home","msg":"5 pre-keys found on server"}
{"level":30,"time":1774720172790,"pid":70310,"hostname":"Mac.home","msg":"Current prekey ID: 1627, exists in storage: true"}
{"level":30,"time":1774720172790,"pid":70310,"hostname":"Mac.home","msg":"Uploading PreKeys due to: server count low (5)"}
{"level":30,"time":1774720172790,"pid":70310,"hostname":"Mac.home","count":5,"retryCount":0,"msg":"uploading pre-keys"}
{"level":30,"time":1774720173225,"pid":70310,"hostname":"Mac.home","count":5,"msg":"uploaded pre-keys successfully"}
{"level":30,"time":1774720173494,"pid":70310,"hostname":"Mac.home","msg":"handled 0 offline messages/notifications"}
{"level":30,"time":1774720173494,"pid":70310,"hostname":"Mac.home","msg":"Connection is now AwaitingInitialSync, buffering events"}
{"level":30,"time":1774720173495,"pid":70310,"hostname":"Mac.home","msg":"History sync is disabled by config, not waiting for notification. Transitioning to Online."}
{"level":30,"time":1774720173705,"pid":70310,"hostname":"Mac.home","msg":"opened connection to WA"}
[WhatsApp] ✅ Bağlantı başarılı!
{"level":40,"time":1774720173709,"pid":70310,"hostname":"Mac.home","msg":"no name present, ignoring presence update request..."}
{"level":30,"time":1774720173716,"pid":70310,"hostname":"Mac.home","myPN":"905333559848:2@s.whatsapp.net","myLID":"129879995613400:2@lid","msg":"Own LID session created successfully"}
{"level":50,"time":1774720178578,"pid":70310,"hostname":"Mac.home","reasonNode":{"tag":"conflict","attrs":{"type":"replaced"}},"fullErrorNode":{"tag":"stream:error","attrs":{},"content":[{"tag":"conflict","attrs":{"type":"replaced"}}]},"msg":"stream errored out"}
{"level":30,"time":1774720178578,"pid":70310,"hostname":"Mac.home","trace":"Error: Stream Errored (conflict)\n    at WebSocketClient.<anonymous> (file:///Users/salihozgen/Desktop/psikolog-projesi/node_modules/@whiskeysockets/baileys/lib/Socket/socket.js:780:13)\n    at WebSocketClient.emit (node:events:518:28)\n    at file:///Users/salihozgen/Desktop/psikolog-projesi/node_modules/@whiskeysockets/baileys/lib/Socket/socket.js:464:35\n    at Object.decodeFrame (file:///Users/salihozgen/Desktop/psikolog-projesi/node_modules/@whiskeysockets/baileys/lib/Utils/noise-handler.js:141:17)\n    at process.processTicksAndRejections (node:internal/process/task_queues:105:5)\n    at async WebSocketClient.onMessageReceived (file:///Users/salihozgen/Desktop/psikolog-projesi/node_modules/@whiskeysockets/baileys/lib/Socket/socket.js:441:9)","msg":"connection errored"}
[WhatsApp] Bot süreci başlatılıyor...
{"level":30,"time":1774720183916,"pid":70310,"hostname":"Mac.home","browser":["Ubuntu","Chrome","122.0.0"],"helloMsg":{"clientHello":{"ephemeral":"3MSSmjCrgli0Bl6jVsaotljiqm/xHqyaV9vbG0xavi8="}},"msg":"connected to WA"}
{"level":30,"time":1774720184090,"pid":70310,"hostname":"Mac.home","node":{"username":"905333559848","passive":true,"userAgent":{"platform":"WEB","appVersion":{"primary":2,"secondary":3000,"tertiary":1035194821},"mcc":"000","mnc":"000","osVersion":"0.1","device":"Desktop","osBuildNumber":"0.1","releaseChannel":"RELEASE","localeLanguageIso6391":"en","localeCountryIso31661Alpha2":"US"},"webInfo":{"webSubPlatform":"WEB_BROWSER"},"connectType":"WIFI_UNKNOWN","connectReason":"USER_ACTIVATED","device":2,"pull":true,"lidDbMigrated":false},"msg":"logging in..."}
{"level":30,"time":1774720184502,"pid":70310,"hostname":"Mac.home","msg":"5 pre-keys found on server"}
{"level":30,"time":1774720184502,"pid":70310,"hostname":"Mac.home","msg":"Current prekey ID: 1637, exists in storage: true"}
{"level":30,"time":1774720184502,"pid":70310,"hostname":"Mac.home","msg":"Uploading PreKeys due to: server count low (5)"}
{"level":30,"time":1774720184502,"pid":70310,"hostname":"Mac.home","count":5,"retryCount":0,"msg":"uploading pre-keys"}
{"level":30,"time":1774720184814,"pid":70310,"hostname":"Mac.home","count":5,"msg":"uploaded pre-keys successfully"}
{"level":30,"time":1774720185013,"pid":70310,"hostname":"Mac.home","msg":"handled 0 offline messages/notifications"}
{"level":30,"time":1774720185013,"pid":70310,"hostname":"Mac.home","msg":"Connection is now AwaitingInitialSync, buffering events"}
{"level":30,"time":1774720185013,"pid":70310,"hostname":"Mac.home","msg":"History sync is disabled by config, not waiting for notification. Transitioning to Online."}
{"level":30,"time":1774720185190,"pid":70310,"hostname":"Mac.home","msg":"opened connection to WA"}
[WhatsApp] ✅ Bağlantı başarılı!
{"level":30,"time":1774720185199,"pid":70310,"hostname":"Mac.home","myPN":"905333559848:2@s.whatsapp.net","myLID":"129879995613400:2@lid","msg":"Own LID session created successfully"}
{"level":50,"time":1774720190405,"pid":70310,"hostname":"Mac.home","reasonNode":{"tag":"conflict","attrs":{"type":"replaced"}},"fullErrorNode":{"tag":"stream:error","attrs":{},"content":[{"tag":"conflict","attrs":{"type":"replaced"}}]},"msg":"stream errored out"}
{"level":30,"time":1774720190405,"pid":70310,"hostname":"Mac.home","trace":"Error: Stream Errored (conflict)\n    at WebSocketClient.<anonymous> (file:///Users/salihozgen/Desktop/psikolog-projesi/node_modules/@whiskeysockets/baileys/lib/Socket/socket.js:780:13)\n    at WebSocketClient.emit (node:events:518:28)\n    at file:///Users/salihozgen/Desktop/psikolog-projesi/node_modules/@whiskeysockets/baileys/lib/Socket/socket.js:464:35\n    at Object.decodeFrame (file:///Users/salihozgen/Desktop/psikolog-projesi/node_modules/@whiskeysockets/baileys/lib/Utils/noise-handler.js:141:17)\n    at process.processTicksAndRejections (node:internal/process/task_queues:105:5)\n    at async WebSocketClient.onMessageReceived (file:///Users/salihozgen/Desktop/psikolog-projesi/node_modules/@whiskeysockets/baileys/lib/Socket/socket.js:441:9)","msg":"connection errored"}
[WhatsApp] Bot süreci başlatılıyor...
{"level":30,"time":1774720195648,"pid":70310,"hostname":"Mac.home","browser":["Ubuntu","Chrome","122.0.0"],"helloMsg":{"clientHello":{"ephemeral":"oWVRqd2ZiHg8CNvbXaDVRYgZTAL1DWxXPkq3UGZcJ1s="}},"msg":"connected to WA"}
{"level":30,"time":1774720195730,"pid":70310,"hostname":"Mac.home","node":{"username":"905333559848","passive":true,"userAgent":{"platform":"WEB","appVersion":{"primary":2,"secondary":3000,"tertiary":1035194821},"mcc":"000","mnc":"000","osVersion":"0.1","device":"Desktop","osBuildNumber":"0.1","releaseChannel":"RELEASE","localeLanguageIso6391":"en","localeCountryIso31661Alpha2":"US"},"webInfo":{"webSubPlatform":"WEB_BROWSER"},"connectType":"WIFI_UNKNOWN","connectReason":"USER_ACTIVATED","device":2,"pull":true,"lidDbMigrated":false},"msg":"logging in..."}
{"level":30,"time":1774720196446,"pid":70310,"hostname":"Mac.home","msg":"5 pre-keys found on server"}
{"level":30,"time":1774720196446,"pid":70310,"hostname":"Mac.home","msg":"Current prekey ID: 1647, exists in storage: true"}
{"level":30,"time":1774720196446,"pid":70310,"hostname":"Mac.home","msg":"Uploading PreKeys due to: server count low (5)"}
{"level":30,"time":1774720196446,"pid":70310,"hostname":"Mac.home","count":5,"retryCount":0,"msg":"uploading pre-keys"}
{"level":30,"time":1774720196984,"pid":70310,"hostname":"Mac.home","count":5,"msg":"uploaded pre-keys successfully"}
{"level":30,"time":1774720197181,"pid":70310,"hostname":"Mac.home","msg":"handled 0 offline messages/notifications"}
{"level":30,"time":1774720197182,"pid":70310,"hostname":"Mac.home","msg":"Connection is now AwaitingInitialSync, buffering events"}
{"level":30,"time":1774720197182,"pid":70310,"hostname":"Mac.home","msg":"History sync is disabled by config, not waiting for notification. Transitioning to Online."}
{"level":30,"time":1774720197446,"pid":70310,"hostname":"Mac.home","msg":"opened connection to WA"}
[WhatsApp] ✅ Bağlantı başarılı!
{"level":30,"time":1774720197455,"pid":70310,"hostname":"Mac.home","myPN":"905333559848:2@s.whatsapp.net","myLID":"129879995613400:2@lid","msg":"Own LID session created successfully"}
{"level":50,"time":1774720201646,"pid":70310,"hostname":"Mac.home","reasonNode":{"tag":"conflict","attrs":{"type":"replaced"}},"fullErrorNode":{"tag":"stream:error","attrs":{},"content":[{"tag":"conflict","attrs":{"type":"replaced"}}]},"msg":"stream errored out"}
{"level":30,"time":1774720201646,"pid":70310,"hostname":"Mac.home","trace":"Error: Stream Errored (conflict)\n    at WebSocketClient.<anonymous> (file:///Users/salihozgen/Desktop/psikolog-projesi/node_modules/@whiskeysockets/baileys/lib/Socket/socket.js:780:13)\n    at WebSocketClient.emit (node:events:518:28)\n    at file:///Users/salihozgen/Desktop/psikolog-projesi/node_modules/@whiskeysockets/baileys/lib/Socket/socket.js:464:35\n    at Object.decodeFrame (file:///Users/salihozgen/Desktop/psikolog-projesi/node_modules/@whiskeysockets/baileys/lib/Utils/noise-handler.js:141:17)\n    at process.processTicksAndRejections (node:internal/process/task_queues:105:5)\n    at async WebSocketClient.onMessageReceived (file:///Users/salihozgen/Desktop/psikolog-projesi/node_modules/@whiskeysockets/baileys/lib/Socket/socket.js:441:9)","msg":"connection errored"}
[WhatsApp] Bot süreci başlatılıyor...
{"level":30,"time":1774720207014,"pid":70310,"hostname":"Mac.home","browser":["Ubuntu","Chrome","122.0.0"],"helloMsg":{"clientHello":{"ephemeral":"P//Vlp1/sIr1ol6wWs59obggqiCbSOrs/8I6KI1oRlc="}},"msg":"connected to WA"}
{"level":30,"time":1774720207238,"pid":70310,"hostname":"Mac.home","node":{"username":"905333559848","passive":true,"userAgent":{"platform":"WEB","appVersion":{"primary":2,"secondary":3000,"tertiary":1035194821},"mcc":"000","mnc":"000","osVersion":"0.1","device":"Desktop","osBuildNumber":"0.1","releaseChannel":"RELEASE","localeLanguageIso6391":"en","localeCountryIso31661Alpha2":"US"},"webInfo":{"webSubPlatform":"WEB_BROWSER"},"connectType":"WIFI_UNKNOWN","connectReason":"USER_ACTIVATED","device":2,"pull":true,"lidDbMigrated":false},"msg":"logging in..."}
{"level":30,"time":1774720207568,"pid":70310,"hostname":"Mac.home","msg":"5 pre-keys found on server"}
{"level":30,"time":1774720207568,"pid":70310,"hostname":"Mac.home","msg":"Current prekey ID: 1657, exists in storage: true"}
{"level":30,"time":1774720207568,"pid":70310,"hostname":"Mac.home","msg":"Uploading PreKeys due to: server count low (5)"}
{"level":30,"time":1774720207568,"pid":70310,"hostname":"Mac.home","count":5,"retryCount":0,"msg":"uploading pre-keys"}
{"level":30,"time":1774720207773,"pid":70310,"hostname":"Mac.home","count":5,"msg":"uploaded pre-keys successfully"}
{"level":30,"time":1774720207985,"pid":70310,"hostname":"Mac.home","msg":"handled 0 offline messages/notifications"}
{"level":30,"time":1774720207985,"pid":70310,"hostname":"Mac.home","msg":"Connection is now AwaitingInitialSync, buffering events"}
{"level":30,"time":1774720207985,"pid":70310,"hostname":"Mac.home","msg":"History sync is disabled by config, not waiting for notification. Transitioning to Online."}
{"level":30,"time":1774720208086,"pid":70310,"hostname":"Mac.home","msg":"opened connection to WA"}
[WhatsApp] ✅ Bağlantı başarılı!
{"level":30,"time":1774720208091,"pid":70310,"hostname":"Mac.home","myPN":"905333559848:2@s.whatsapp.net","myLID":"129879995613400:2@lid","msg":"Own LID session created successfully"}
{"level":50,"time":1774720213228,"pid":70310,"hostname":"Mac.home","reasonNode":{"tag":"conflict","attrs":{"type":"replaced"}},"fullErrorNode":{"tag":"stream:error","attrs":{},"content":[{"tag":"conflict","attrs":{"type":"replaced"}}]},"msg":"stream errored out"}
{"level":30,"time":1774720213229,"pid":70310,"hostname":"Mac.home","trace":"Error: Stream Errored (conflict)\n    at WebSocketClient.<anonymous> (file:///Users/salihozgen/Desktop/psikolog-projesi/node_modules/@whiskeysockets/baileys/lib/Socket/socket.js:780:13)\n    at WebSocketClient.emit (node:events:518:28)\n    at file:///Users/salihozgen/Desktop/psikolog-projesi/node_modules/@whiskeysockets/baileys/lib/Socket/socket.js:464:35\n    at Object.decodeFrame (file:///Users/salihozgen/Desktop/psikolog-projesi/node_modules/@whiskeysockets/baileys/lib/Utils/noise-handler.js:141:17)\n    at process.processTicksAndRejections (node:internal/process/task_queues:105:5)\n    at async WebSocketClient.onMessageReceived (file:///Users/salihozgen/Desktop/psikolog-projesi/node_modules/@whiskeysockets/baileys/lib/Socket/socket.js:441:9)","msg":"connection errored"}
[WhatsApp] Bot süreci başlatılıyor...
{"level":30,"time":1774720218572,"pid":70310,"hostname":"Mac.home","browser":["Ubuntu","Chrome","122.0.0"],"helloMsg":{"clientHello":{"ephemeral":"4z7MePK0gcNoXprJEKepsqgcSKqpypQuIHlkkJgR1Xg="}},"msg":"connected to WA"}
{"level":30,"time":1774720218728,"pid":70310,"hostname":"Mac.home","node":{"username":"905333559848","passive":true,"userAgent":{"platform":"WEB","appVersion":{"primary":2,"secondary":3000,"tertiary":1035194821},"mcc":"000","mnc":"000","osVersion":"0.1","device":"Desktop","osBuildNumber":"0.1","releaseChannel":"RELEASE","localeLanguageIso6391":"en","localeCountryIso31661Alpha2":"US"},"webInfo":{"webSubPlatform":"WEB_BROWSER"},"connectType":"WIFI_UNKNOWN","connectReason":"USER_ACTIVATED","device":2,"pull":true,"lidDbMigrated":false},"msg":"logging in..."}
{"level":30,"time":1774720219045,"pid":70310,"hostname":"Mac.home","msg":"5 pre-keys found on server"}
{"level":30,"time":1774720219045,"pid":70310,"hostname":"Mac.home","msg":"Current prekey ID: 1667, exists in storage: true"}
{"level":30,"time":1774720219045,"pid":70310,"hostname":"Mac.home","msg":"Uploading PreKeys due to: server count low (5)"}
{"level":30,"time":1774720219045,"pid":70310,"hostname":"Mac.home","count":5,"retryCount":0,"msg":"uploading pre-keys"}
{"level":30,"time":1774720219245,"pid":70310,"hostname":"Mac.home","count":5,"msg":"uploaded pre-keys successfully"}
{"level":30,"time":1774720219453,"pid":70310,"hostname":"Mac.home","msg":"handled 0 offline messages/notifications"}
{"level":30,"time":1774720219454,"pid":70310,"hostname":"Mac.home","msg":"Connection is now AwaitingInitialSync, buffering events"}
{"level":30,"time":1774720219454,"pid":70310,"hostname":"Mac.home","msg":"History sync is disabled by config, not waiting for notification. Transitioning to Online."}
{"level":30,"time":1774720219561,"pid":70310,"hostname":"Mac.home","msg":"opened connection to WA"}
[WhatsApp] ✅ Bağlantı başarılı!
{"level":30,"time":1774720219577,"pid":70310,"hostname":"Mac.home","myPN":"905333559848:2@s.whatsapp.net","myLID":"129879995613400:2@lid","msg":"Own LID session created successfully"}
{"level":50,"time":1774720224737,"pid":70310,"hostname":"Mac.home","reasonNode":{"tag":"conflict","attrs":{"type":"replaced"}},"fullErrorNode":{"tag":"stream:error","attrs":{},"content":[{"tag":"conflict","attrs":{"type":"replaced"}}]},"msg":"stream errored out"}
{"level":30,"time":1774720224738,"pid":70310,"hostname":"Mac.home","trace":"Error: Stream Errored (conflict)\n    at WebSocketClient.<anonymous> (file:///Users/salihozgen/Desktop/psikolog-projesi/node_modules/@whiskeysockets/baileys/lib/Socket/socket.js:780:13)\n    at WebSocketClient.emit (node:events:518:28)\n    at file:///Users/salihozgen/Desktop/psikolog-projesi/node_modules/@whiskeysockets/baileys/lib/Socket/socket.js:464:35\n    at Object.decodeFrame (file:///Users/salihozgen/Desktop/psikolog-projesi/node_modules/@whiskeysockets/baileys/lib/Utils/noise-handler.js:141:17)\n    at process.processTicksAndRejections (node:internal/process/task_queues:105:5)\n    at async WebSocketClient.onMessageReceived (file:///Users/salihozgen/Desktop/psikolog-projesi/node_modules/@whiskeysockets/baileys/lib/Socket/socket.js:441:9)","msg":"connection errored"}
[WhatsApp] Bot süreci başlatılıyor...
{"level":30,"time":1774720230009,"pid":70310,"hostname":"Mac.home","browser":["Ubuntu","Chrome","122.0.0"],"helloMsg":{"clientHello":{"ephemeral":"xKXOHuMUo3tGFyAwHAOvTOlNjRlbZfn2Tuh3iedQBFM="}},"msg":"connected to WA"}
{"level":30,"time":1774720230096,"pid":70310,"hostname":"Mac.home","node":{"username":"905333559848","passive":true,"userAgent":{"platform":"WEB","appVersion":{"primary":2,"secondary":3000,"tertiary":1035194821},"mcc":"000","mnc":"000","osVersion":"0.1","device":"Desktop","osBuildNumber":"0.1","releaseChannel":"RELEASE","localeLanguageIso6391":"en","localeCountryIso31661Alpha2":"US"},"webInfo":{"webSubPlatform":"WEB_BROWSER"},"connectType":"WIFI_UNKNOWN","connectReason":"USER_ACTIVATED","device":2,"pull":true,"lidDbMigrated":false},"msg":"logging in..."}
{"level":30,"time":1774720230658,"pid":70310,"hostname":"Mac.home","msg":"5 pre-keys found on server"}
{"level":30,"time":1774720230658,"pid":70310,"hostname":"Mac.home","msg":"Current prekey ID: 1677, exists in storage: true"}
{"level":30,"time":1774720230658,"pid":70310,"hostname":"Mac.home","msg":"Uploading PreKeys due to: server count low (5)"}
{"level":30,"time":1774720230658,"pid":70310,"hostname":"Mac.home","count":5,"retryCount":0,"msg":"uploading pre-keys"}
{"level":30,"time":1774720231175,"pid":70310,"hostname":"Mac.home","count":5,"msg":"uploaded pre-keys successfully"}
{"level":30,"time":1774720231382,"pid":70310,"hostname":"Mac.home","msg":"handled 0 offline messages/notifications"}
{"level":30,"time":1774720231383,"pid":70310,"hostname":"Mac.home","msg":"Connection is now AwaitingInitialSync, buffering events"}
{"level":30,"time":1774720231383,"pid":70310,"hostname":"Mac.home","msg":"History sync is disabled by config, not waiting for notification. Transitioning to Online."}
{"level":30,"time":1774720231434,"pid":70310,"hostname":"Mac.home","msg":"opened connection to WA"}
[WhatsApp] ✅ Bağlantı başarılı!
{"level":30,"time":1774720231442,"pid":70310,"hostname":"Mac.home","myPN":"905333559848:2@s.whatsapp.net","myLID":"129879995613400:2@lid","msg":"Own LID session created successfully"}
{"level":50,"time":1774720236162,"pid":70310,"hostname":"Mac.home","reasonNode":{"tag":"conflict","attrs":{"type":"replaced"}},"fullErrorNode":{"tag":"stream:error","attrs":{},"content":[{"tag":"conflict","attrs":{"type":"replaced"}}]},"msg":"stream errored out"}
{"level":30,"time":1774720236162,"pid":70310,"hostname":"Mac.home","trace":"Error: Stream Errored (conflict)\n    at WebSocketClient.<anonymous> (file:///Users/salihozgen/Desktop/psikolog-projesi/node_modules/@whiskeysockets/baileys/lib/Socket/socket.js:780:13)\n    at WebSocketClient.emit (node:events:518:28)\n    at file:///Users/salihozgen/Desktop/psikolog-projesi/node_modules/@whiskeysockets/baileys/lib/Socket/socket.js:464:35\n    at Object.decodeFrame (file:///Users/salihozgen/Desktop/psikolog-projesi/node_modules/@whiskeysockets/baileys/lib/Utils/noise-handler.js:141:17)\n    at process.processTicksAndRejections (node:internal/process/task_queues:105:5)\n    at async WebSocketClient.onMessageReceived (file:///Users/salihozgen/Desktop/psikolog-projesi/node_modules/@whiskeysockets/baileys/lib/Socket/socket.js:441:9)","msg":"connection errored"}
[WhatsApp] Bot süreci başlatılıyor...
{"level":30,"time":1774720241442,"pid":70310,"hostname":"Mac.home","browser":["Ubuntu","Chrome","122.0.0"],"helloMsg":{"clientHello":{"ephemeral":"t8HIp1pS/5KlnZ6Xd8Afjha02sQ1awwkkDLrByzSDG0="}},"msg":"connected to WA"}
{"level":30,"time":1774720241532,"pid":70310,"hostname":"Mac.home","node":{"username":"905333559848","passive":true,"userAgent":{"platform":"WEB","appVersion":{"primary":2,"secondary":3000,"tertiary":1035194821},"mcc":"000","mnc":"000","osVersion":"0.1","device":"Desktop","osBuildNumber":"0.1","releaseChannel":"RELEASE","localeLanguageIso6391":"en","localeCountryIso31661Alpha2":"US"},"webInfo":{"webSubPlatform":"WEB_BROWSER"},"connectType":"WIFI_UNKNOWN","connectReason":"USER_ACTIVATED","device":2,"pull":true,"lidDbMigrated":false},"msg":"logging in..."}
{"level":30,"time":1774720242239,"pid":70310,"hostname":"Mac.home","msg":"5 pre-keys found on server"}
{"level":30,"time":1774720242239,"pid":70310,"hostname":"Mac.home","msg":"Current prekey ID: 1687, exists in storage: true"}
{"level":30,"time":1774720242239,"pid":70310,"hostname":"Mac.home","msg":"Uploading PreKeys due to: server count low (5)"}
{"level":30,"time":1774720242239,"pid":70310,"hostname":"Mac.home","count":5,"retryCount":0,"msg":"uploading pre-keys"}
{"level":30,"time":1774720242735,"pid":70310,"hostname":"Mac.home","count":5,"msg":"uploaded pre-keys successfully"}
{"level":30,"time":1774720242936,"pid":70310,"hostname":"Mac.home","msg":"handled 0 offline messages/notifications"}
{"level":30,"time":1774720242937,"pid":70310,"hostname":"Mac.home","msg":"Connection is now AwaitingInitialSync, buffering events"}
{"level":30,"time":1774720242937,"pid":70310,"hostname":"Mac.home","msg":"History sync is disabled by config, not waiting for notification. Transitioning to Online."}
{"level":30,"time":1774720243116,"pid":70310,"hostname":"Mac.home","msg":"opened connection to WA"}
[WhatsApp] ✅ Bağlantı başarılı!
{"level":30,"time":1774720243128,"pid":70310,"hostname":"Mac.home","myPN":"905333559848:2@s.whatsapp.net","myLID":"129879995613400:2@lid","msg":"Own LID session created successfully"}
{"level":50,"time":1774720247432,"pid":70310,"hostname":"Mac.home","reasonNode":{"tag":"conflict","attrs":{"type":"replaced"}},"fullErrorNode":{"tag":"stream:error","attrs":{},"content":[{"tag":"conflict","attrs":{"type":"replaced"}}]},"msg":"stream errored out"}
{"level":30,"time":1774720247432,"pid":70310,"hostname":"Mac.home","trace":"Error: Stream Errored (conflict)\n    at WebSocketClient.<anonymous> (file:///Users/salihozgen/Desktop/psikolog-projesi/node_modules/@whiskeysockets/baileys/lib/Socket/socket.js:780:13)\n    at WebSocketClient.emit (node:events:518:28)\n    at file:///Users/salihozgen/Desktop/psikolog-projesi/node_modules/@whiskeysockets/baileys/lib/Socket/socket.js:464:35\n    at Object.decodeFrame (file:///Users/salihozgen/Desktop/psikolog-projesi/node_modules/@whiskeysockets/baileys/lib/Utils/noise-handler.js:141:17)\n    at process.processTicksAndRejections (node:internal/process/task_queues:105:5)\n    at async WebSocketClient.onMessageReceived (file:///Users/salihozgen/Desktop/psikolog-projesi/node_modules/@whiskeysockets/baileys/lib/Socket/socket.js:441:9)","msg":"connection errored"}
[WhatsApp] Bot süreci başlatılıyor...
{"level":30,"time":1774720252700,"pid":70310,"hostname":"Mac.home","browser":["Ubuntu","Chrome","122.0.0"],"helloMsg":{"clientHello":{"ephemeral":"NyZQsPkr0yRJWrsk0R83TwkI+7wtuhyiHIYjylCFkQA="}},"msg":"connected to WA"}
{"level":30,"time":1774720252788,"pid":70310,"hostname":"Mac.home","node":{"username":"905333559848","passive":true,"userAgent":{"platform":"WEB","appVersion":{"primary":2,"secondary":3000,"tertiary":1035194821},"mcc":"000","mnc":"000","osVersion":"0.1","device":"Desktop","osBuildNumber":"0.1","releaseChannel":"RELEASE","localeLanguageIso6391":"en","localeCountryIso31661Alpha2":"US"},"webInfo":{"webSubPlatform":"WEB_BROWSER"},"connectType":"WIFI_UNKNOWN","connectReason":"USER_ACTIVATED","device":2,"pull":true,"lidDbMigrated":false},"msg":"logging in..."}
{"level":30,"time":1774720253741,"pid":70310,"hostname":"Mac.home","msg":"5 pre-keys found on server"}
{"level":30,"time":1774720253741,"pid":70310,"hostname":"Mac.home","msg":"Current prekey ID: 1697, exists in storage: true"}
{"level":30,"time":1774720253741,"pid":70310,"hostname":"Mac.home","msg":"Uploading PreKeys due to: server count low (5)"}
{"level":30,"time":1774720253741,"pid":70310,"hostname":"Mac.home","count":5,"retryCount":0,"msg":"uploading pre-keys"}
{"level":30,"time":1774720254365,"pid":70310,"hostname":"Mac.home","count":5,"msg":"uploaded pre-keys successfully"}
{"level":30,"time":1774720254561,"pid":70310,"hostname":"Mac.home","msg":"handled 0 offline messages/notifications"}
{"level":30,"time":1774720254561,"pid":70310,"hostname":"Mac.home","msg":"Connection is now AwaitingInitialSync, buffering events"}
{"level":30,"time":1774720254561,"pid":70310,"hostname":"Mac.home","msg":"History sync is disabled by config, not waiting for notification. Transitioning to Online."}
{"level":30,"time":1774720254762,"pid":70310,"hostname":"Mac.home","msg":"opened connection to WA"}
[WhatsApp] ✅ Bağlantı başarılı!
{"level":30,"time":1774720254773,"pid":70310,"hostname":"Mac.home","myPN":"905333559848:2@s.whatsapp.net","myLID":"129879995613400:2@lid","msg":"Own LID session created successfully"}
{"level":50,"time":1774720258815,"pid":70310,"hostname":"Mac.home","reasonNode":{"tag":"conflict","attrs":{"type":"replaced"}},"fullErrorNode":{"tag":"stream:error","attrs":{},"content":[{"tag":"conflict","attrs":{"type":"replaced"}}]},"msg":"stream errored out"}
{"level":30,"time":1774720258816,"pid":70310,"hostname":"Mac.home","trace":"Error: Stream Errored (conflict)\n    at WebSocketClient.<anonymous> (file:///Users/salihozgen/Desktop/psikolog-projesi/node_modules/@whiskeysockets/baileys/lib/Socket/socket.js:780:13)\n    at WebSocketClient.emit (node:events:518:28)\n    at file:///Users/salihozgen/Desktop/psikolog-projesi/node_modules/@whiskeysockets/baileys/lib/Socket/socket.js:464:35\n    at Object.decodeFrame (file:///Users/salihozgen/Desktop/psikolog-projesi/node_modules/@whiskeysockets/baileys/lib/Utils/noise-handler.js:141:17)\n    at process.processTicksAndRejections (node:internal/process/task_queues:105:5)\n    at async WebSocketClient.onMessageReceived (file:///Users/salihozgen/Desktop/psikolog-projesi/node_modules/@whiskeysockets/baileys/lib/Socket/socket.js:441:9)","msg":"connection errored"}
[WhatsApp] Bot süreci başlatılıyor...
{"level":30,"time":1774720264179,"pid":70310,"hostname":"Mac.home","browser":["Ubuntu","Chrome","122.0.0"],"helloMsg":{"clientHello":{"ephemeral":"uMjLdg6IaXDkaxQ0iwAv1ffZnZNWCcG9wpImHyS9RUE="}},"msg":"connected to WA"}
{"level":30,"time":1774720264362,"pid":70310,"hostname":"Mac.home","node":{"username":"905333559848","passive":true,"userAgent":{"platform":"WEB","appVersion":{"primary":2,"secondary":3000,"tertiary":1035194821},"mcc":"000","mnc":"000","osVersion":"0.1","device":"Desktop","osBuildNumber":"0.1","releaseChannel":"RELEASE","localeLanguageIso6391":"en","localeCountryIso31661Alpha2":"US"},"webInfo":{"webSubPlatform":"WEB_BROWSER"},"connectType":"WIFI_UNKNOWN","connectReason":"USER_ACTIVATED","device":2,"pull":true,"lidDbMigrated":false},"msg":"logging in..."}
{"level":30,"time":1774720264774,"pid":70310,"hostname":"Mac.home","msg":"5 pre-keys found on server"}
{"level":30,"time":1774720264774,"pid":70310,"hostname":"Mac.home","msg":"Current prekey ID: 1707, exists in storage: true"}
{"level":30,"time":1774720264774,"pid":70310,"hostname":"Mac.home","msg":"Uploading PreKeys due to: server count low (5)"}
{"level":30,"time":1774720264774,"pid":70310,"hostname":"Mac.home","count":5,"retryCount":0,"msg":"uploading pre-keys"}
{"level":30,"time":1774720265075,"pid":70310,"hostname":"Mac.home","count":5,"msg":"uploaded pre-keys successfully"}
{"level":30,"time":1774720265276,"pid":70310,"hostname":"Mac.home","msg":"handled 0 offline messages/notifications"}
{"level":30,"time":1774720265276,"pid":70310,"hostname":"Mac.home","msg":"Connection is now AwaitingInitialSync, buffering events"}
{"level":30,"time":1774720265276,"pid":70310,"hostname":"Mac.home","msg":"History sync is disabled by config, not waiting for notification. Transitioning to Online."}
{"level":30,"time":1774720265457,"pid":70310,"hostname":"Mac.home","msg":"opened connection to WA"}
[WhatsApp] ✅ Bağlantı başarılı!
{"level":30,"time":1774720265463,"pid":70310,"hostname":"Mac.home","myPN":"905333559848:2@s.whatsapp.net","myLID":"129879995613400:2@lid","msg":"Own LID session created successfully"}
{"level":50,"time":1774720270457,"pid":70310,"hostname":"Mac.home","reasonNode":{"tag":"conflict","attrs":{"type":"replaced"}},"fullErrorNode":{"tag":"stream:error","attrs":{},"content":[{"tag":"conflict","attrs":{"type":"replaced"}}]},"msg":"stream errored out"}
{"level":30,"time":1774720270458,"pid":70310,"hostname":"Mac.home","trace":"Error: Stream Errored (conflict)\n    at WebSocketClient.<anonymous> (file:///Users/salihozgen/Desktop/psikolog-projesi/node_modules/@whiskeysockets/baileys/lib/Socket/socket.js:780:13)\n    at WebSocketClient.emit (node:events:518:28)\n    at file:///Users/salihozgen/Desktop/psikolog-projesi/node_modules/@whiskeysockets/baileys/lib/Socket/socket.js:464:35\n    at Object.decodeFrame (file:///Users/salihozgen/Desktop/psikolog-projesi/node_modules/@whiskeysockets/baileys/lib/Utils/noise-handler.js:141:17)\n    at process.processTicksAndRejections (node:internal/process/task_queues:105:5)\n    at async WebSocketClient.onMessageReceived (file:///Users/salihozgen/Desktop/psikolog-projesi/node_modules/@whiskeysockets/baileys/lib/Socket/socket.js:441:9)","msg":"connection errored"}
[WhatsApp] Bot süreci başlatılıyor...
{"level":30,"time":1774720275795,"pid":70310,"hostname":"Mac.home","browser":["Ubuntu","Chrome","122.0.0"],"helloMsg":{"clientHello":{"ephemeral":"D36daDQ42ZJGCbHUAMFy5Saz6s6qpR1AAbjA15CpYRQ="}},"msg":"connected to WA"}
{"level":30,"time":1774720275951,"pid":70310,"hostname":"Mac.home","node":{"username":"905333559848","passive":true,"userAgent":{"platform":"WEB","appVersion":{"primary":2,"secondary":3000,"tertiary":1035194821},"mcc":"000","mnc":"000","osVersion":"0.1","device":"Desktop","osBuildNumber":"0.1","releaseChannel":"RELEASE","localeLanguageIso6391":"en","localeCountryIso31661Alpha2":"US"},"webInfo":{"webSubPlatform":"WEB_BROWSER"},"connectType":"WIFI_UNKNOWN","connectReason":"USER_ACTIVATED","device":2,"pull":true,"lidDbMigrated":false},"msg":"logging in..."}
{"level":30,"time":1774720276280,"pid":70310,"hostname":"Mac.home","msg":"5 pre-keys found on server"}
{"level":30,"time":1774720276280,"pid":70310,"hostname":"Mac.home","msg":"Current prekey ID: 1717, exists in storage: true"}
{"level":30,"time":1774720276280,"pid":70310,"hostname":"Mac.home","msg":"Uploading PreKeys due to: server count low (5)"}
{"level":30,"time":1774720276280,"pid":70310,"hostname":"Mac.home","count":5,"retryCount":0,"msg":"uploading pre-keys"}
{"level":30,"time":1774720276518,"pid":70310,"hostname":"Mac.home","count":5,"msg":"uploaded pre-keys successfully"}
{"level":30,"time":1774720276667,"pid":70310,"hostname":"Mac.home","msg":"handled 0 offline messages/notifications"}
{"level":30,"time":1774720276667,"pid":70310,"hostname":"Mac.home","msg":"Connection is now AwaitingInitialSync, buffering events"}
{"level":30,"time":1774720276667,"pid":70310,"hostname":"Mac.home","msg":"History sync is disabled by config, not waiting for notification. Transitioning to Online."}
{"level":30,"time":1774720276826,"pid":70310,"hostname":"Mac.home","msg":"opened connection to WA"}
[WhatsApp] ✅ Bağlantı başarılı!
{"level":30,"time":1774720276829,"pid":70310,"hostname":"Mac.home","myPN":"905333559848:2@s.whatsapp.net","myLID":"129879995613400:2@lid","msg":"Own LID session created successfully"}
{"level":50,"time":1774720282048,"pid":70310,"hostname":"Mac.home","reasonNode":{"tag":"conflict","attrs":{"type":"replaced"}},"fullErrorNode":{"tag":"stream:error","attrs":{},"content":[{"tag":"conflict","attrs":{"type":"replaced"}}]},"msg":"stream errored out"}
{"level":30,"time":1774720282048,"pid":70310,"hostname":"Mac.home","trace":"Error: Stream Errored (conflict)\n    at WebSocketClient.<anonymous> (file:///Users/salihozgen/Desktop/psikolog-projesi/node_modules/@whiskeysockets/baileys/lib/Socket/socket.js:780:13)\n    at WebSocketClient.emit (node:events:518:28)\n    at file:///Users/salihozgen/Desktop/psikolog-projesi/node_modules/@whiskeysockets/baileys/lib/Socket/socket.js:464:35\n    at Object.decodeFrame (file:///Users/salihozgen/Desktop/psikolog-projesi/node_modules/@whiskeysockets/baileys/lib/Utils/noise-handler.js:141:17)\n    at process.processTicksAndRejections (node:internal/process/task_queues:105:5)\n    at async WebSocketClient.onMessageReceived (file:///Users/salihozgen/Desktop/psikolog-projesi/node_modules/@whiskeysockets/baileys/lib/Socket/socket.js:441:9)","msg":"connection errored"}
[WhatsApp] Bot süreci başlatılıyor...
{"level":30,"time":1774720287445,"pid":70310,"hostname":"Mac.home","browser":["Ubuntu","Chrome","122.0.0"],"helloMsg":{"clientHello":{"ephemeral":"FxFd9JJvdPn3IKfwHmOA25R8KSl2E+EGmYjxn22PWGk="}},"msg":"connected to WA"}
{"level":30,"time":1774720287662,"pid":70310,"hostname":"Mac.home","node":{"username":"905333559848","passive":true,"userAgent":{"platform":"WEB","appVersion":{"primary":2,"secondary":3000,"tertiary":1035194821},"mcc":"000","mnc":"000","osVersion":"0.1","device":"Desktop","osBuildNumber":"0.1","releaseChannel":"RELEASE","localeLanguageIso6391":"en","localeCountryIso31661Alpha2":"US"},"webInfo":{"webSubPlatform":"WEB_BROWSER"},"connectType":"WIFI_UNKNOWN","connectReason":"USER_ACTIVATED","device":2,"pull":true,"lidDbMigrated":false},"msg":"logging in..."}
{"level":30,"time":1774720288214,"pid":70310,"hostname":"Mac.home","msg":"5 pre-keys found on server"}
{"level":30,"time":1774720288214,"pid":70310,"hostname":"Mac.home","msg":"Current prekey ID: 1727, exists in storage: true"}
{"level":30,"time":1774720288214,"pid":70310,"hostname":"Mac.home","msg":"Uploading PreKeys due to: server count low (5)"}
{"level":30,"time":1774720288214,"pid":70310,"hostname":"Mac.home","count":5,"retryCount":0,"msg":"uploading pre-keys"}
{"level":30,"time":1774720288656,"pid":70310,"hostname":"Mac.home","count":5,"msg":"uploaded pre-keys successfully"}
{"level":30,"time":1774720288930,"pid":70310,"hostname":"Mac.home","msg":"handled 0 offline messages/notifications"}
{"level":30,"time":1774720288930,"pid":70310,"hostname":"Mac.home","msg":"Connection is now AwaitingInitialSync, buffering events"}
{"level":30,"time":1774720288930,"pid":70310,"hostname":"Mac.home","msg":"History sync is disabled by config, not waiting for notification. Transitioning to Online."}
{"level":30,"time":1774720289136,"pid":70310,"hostname":"Mac.home","msg":"opened connection to WA"}
[WhatsApp] ✅ Bağlantı başarılı!
{"level":30,"time":1774720289153,"pid":70310,"hostname":"Mac.home","myPN":"905333559848:2@s.whatsapp.net","myLID":"129879995613400:2@lid","msg":"Own LID session created successfully"}
{"level":50,"time":1774720293719,"pid":70310,"hostname":"Mac.home","reasonNode":{"tag":"conflict","attrs":{"type":"replaced"}},"fullErrorNode":{"tag":"stream:error","attrs":{},"content":[{"tag":"conflict","attrs":{"type":"replaced"}}]},"msg":"stream errored out"}
{"level":30,"time":1774720293720,"pid":70310,"hostname":"Mac.home","trace":"Error: Stream Errored (conflict)\n    at WebSocketClient.<anonymous> (file:///Users/salihozgen/Desktop/psikolog-projesi/node_modules/@whiskeysockets/baileys/lib/Socket/socket.js:780:13)\n    at WebSocketClient.emit (node:events:518:28)\n    at file:///Users/salihozgen/Desktop/psikolog-projesi/node_modules/@whiskeysockets/baileys/lib/Socket/socket.js:464:35\n    at Object.decodeFrame (file:///Users/salihozgen/Desktop/psikolog-projesi/node_modules/@whiskeysockets/baileys/lib/Utils/noise-handler.js:141:17)\n    at process.processTicksAndRejections (node:internal/process/task_queues:105:5)\n    at async WebSocketClient.onMessageReceived (file:///Users/salihozgen/Desktop/psikolog-projesi/node_modules/@whiskeysockets/baileys/lib/Socket/socket.js:441:9)","msg":"connection errored"}
[WhatsApp] Bot süreci başlatılıyor...
{"level":30,"time":1774720299051,"pid":70310,"hostname":"Mac.home","browser":["Ubuntu","Chrome","122.0.0"],"helloMsg":{"clientHello":{"ephemeral":"9XRfWgS0OFWy8HEQM1OvMWnvyh58h/HY0GpEzZ8EHlE="}},"msg":"connected to WA"}
{"level":30,"time":1774720299208,"pid":70310,"hostname":"Mac.home","node":{"username":"905333559848","passive":true,"userAgent":{"platform":"WEB","appVersion":{"primary":2,"secondary":3000,"tertiary":1035194821},"mcc":"000","mnc":"000","osVersion":"0.1","device":"Desktop","osBuildNumber":"0.1","releaseChannel":"RELEASE","localeLanguageIso6391":"en","localeCountryIso31661Alpha2":"US"},"webInfo":{"webSubPlatform":"WEB_BROWSER"},"connectType":"WIFI_UNKNOWN","connectReason":"USER_ACTIVATED","device":2,"pull":true,"lidDbMigrated":false},"msg":"logging in..."}
{"level":30,"time":1774720299542,"pid":70310,"hostname":"Mac.home","msg":"5 pre-keys found on server"}
{"level":30,"time":1774720299542,"pid":70310,"hostname":"Mac.home","msg":"Current prekey ID: 1737, exists in storage: true"}
{"level":30,"time":1774720299542,"pid":70310,"hostname":"Mac.home","msg":"Uploading PreKeys due to: server count low (5)"}
{"level":30,"time":1774720299542,"pid":70310,"hostname":"Mac.home","count":5,"retryCount":0,"msg":"uploading pre-keys"}
{"level":30,"time":1774720299776,"pid":70310,"hostname":"Mac.home","count":5,"msg":"uploaded pre-keys successfully"}
{"level":30,"time":1774720299929,"pid":70310,"hostname":"Mac.home","msg":"handled 0 offline messages/notifications"}
{"level":30,"time":1774720299929,"pid":70310,"hostname":"Mac.home","msg":"Connection is now AwaitingInitialSync, buffering events"}
{"level":30,"time":1774720299929,"pid":70310,"hostname":"Mac.home","msg":"History sync is disabled by config, not waiting for notification. Transitioning to Online."}
{"level":30,"time":1774720300089,"pid":70310,"hostname":"Mac.home","msg":"opened connection to WA"}
[WhatsApp] ✅ Bağlantı başarılı!
{"level":30,"time":1774720300097,"pid":70310,"hostname":"Mac.home","myPN":"905333559848:2@s.whatsapp.net","myLID":"129879995613400:2@lid","msg":"Own LID session created successfully"}
{"level":50,"time":1774720305176,"pid":70310,"hostname":"Mac.home","reasonNode":{"tag":"conflict","attrs":{"type":"replaced"}},"fullErrorNode":{"tag":"stream:error","attrs":{},"content":[{"tag":"conflict","attrs":{"type":"replaced"}}]},"msg":"stream errored out"}
{"level":30,"time":1774720305176,"pid":70310,"hostname":"Mac.home","trace":"Error: Stream Errored (conflict)\n    at WebSocketClient.<anonymous> (file:///Users/salihozgen/Desktop/psikolog-projesi/node_modules/@whiskeysockets/baileys/lib/Socket/socket.js:780:13)\n    at WebSocketClient.emit (node:events:518:28)\n    at file:///Users/salihozgen/Desktop/psikolog-projesi/node_modules/@whiskeysockets/baileys/lib/Socket/socket.js:464:35\n    at Object.decodeFrame (file:///Users/salihozgen/Desktop/psikolog-projesi/node_modules/@whiskeysockets/baileys/lib/Utils/noise-handler.js:141:17)\n    at process.processTicksAndRejections (node:internal/process/task_queues:105:5)\n    at async WebSocketClient.onMessageReceived (file:///Users/salihozgen/Desktop/psikolog-projesi/node_modules/@whiskeysockets/baileys/lib/Socket/socket.js:441:9)","msg":"connection errored"}
[WhatsApp] Bot süreci başlatılıyor...
{"level":30,"time":1774720310501,"pid":70310,"hostname":"Mac.home","browser":["Ubuntu","Chrome","122.0.0"],"helloMsg":{"clientHello":{"ephemeral":"8ycCN/Cl3sGYp/Ap0vPh1IvpccYfrWz+MOcbuGyKAQQ="}},"msg":"connected to WA"}
{"level":30,"time":1774720310657,"pid":70310,"hostname":"Mac.home","node":{"username":"905333559848","passive":true,"userAgent":{"platform":"WEB","appVersion":{"primary":2,"secondary":3000,"tertiary":1035194821},"mcc":"000","mnc":"000","osVersion":"0.1","device":"Desktop","osBuildNumber":"0.1","releaseChannel":"RELEASE","localeLanguageIso6391":"en","localeCountryIso31661Alpha2":"US"},"webInfo":{"webSubPlatform":"WEB_BROWSER"},"connectType":"WIFI_UNKNOWN","connectReason":"USER_ACTIVATED","device":2,"pull":true,"lidDbMigrated":false},"msg":"logging in..."}
{"level":30,"time":1774720310976,"pid":70310,"hostname":"Mac.home","msg":"5 pre-keys found on server"}
{"level":30,"time":1774720310976,"pid":70310,"hostname":"Mac.home","msg":"Current prekey ID: 1747, exists in storage: true"}
{"level":30,"time":1774720310976,"pid":70310,"hostname":"Mac.home","msg":"Uploading PreKeys due to: server count low (5)"}
{"level":30,"time":1774720310976,"pid":70310,"hostname":"Mac.home","count":5,"retryCount":0,"msg":"uploading pre-keys"}
{"level":30,"time":1774720311198,"pid":70310,"hostname":"Mac.home","count":5,"msg":"uploaded pre-keys successfully"}
{"level":30,"time":1774720311346,"pid":70310,"hostname":"Mac.home","msg":"handled 0 offline messages/notifications"}
{"level":30,"time":1774720311346,"pid":70310,"hostname":"Mac.home","msg":"Connection is now AwaitingInitialSync, buffering events"}
{"level":30,"time":1774720311346,"pid":70310,"hostname":"Mac.home","msg":"History sync is disabled by config, not waiting for notification. Transitioning to Online."}
{"level":30,"time":1774720311505,"pid":70310,"hostname":"Mac.home","msg":"opened connection to WA"}
[WhatsApp] ✅ Bağlantı başarılı!
{"level":30,"time":1774720311515,"pid":70310,"hostname":"Mac.home","myPN":"905333559848:2@s.whatsapp.net","myLID":"129879995613400:2@lid","msg":"Own LID session created successfully"}
{"level":50,"time":1774720316722,"pid":70310,"hostname":"Mac.home","reasonNode":{"tag":"conflict","attrs":{"type":"replaced"}},"fullErrorNode":{"tag":"stream:error","attrs":{},"content":[{"tag":"conflict","attrs":{"type":"replaced"}}]},"msg":"stream errored out"}
{"level":30,"time":1774720316723,"pid":70310,"hostname":"Mac.home","trace":"Error: Stream Errored (conflict)\n    at WebSocketClient.<anonymous> (file:///Users/salihozgen/Desktop/psikolog-projesi/node_modules/@whiskeysockets/baileys/lib/Socket/socket.js:780:13)\n    at WebSocketClient.emit (node:events:518:28)\n    at file:///Users/salihozgen/Desktop/psikolog-projesi/node_modules/@whiskeysockets/baileys/lib/Socket/socket.js:464:35\n    at Object.decodeFrame (file:///Users/salihozgen/Desktop/psikolog-projesi/node_modules/@whiskeysockets/baileys/lib/Utils/noise-handler.js:141:17)\n    at process.processTicksAndRejections (node:internal/process/task_queues:105:5)\n    at async WebSocketClient.onMessageReceived (file:///Users/salihozgen/Desktop/psikolog-projesi/node_modules/@whiskeysockets/baileys/lib/Socket/socket.js:441:9)","msg":"connection errored"}
[WhatsApp] Bot süreci başlatılıyor...
{"level":30,"time":1774720322067,"pid":70310,"hostname":"Mac.home","browser":["Ubuntu","Chrome","122.0.0"],"helloMsg":{"clientHello":{"ephemeral":"ArafK2dm5NQbEvAnCA2XzCMjA/J9x1X8zi3W3Ran/RQ="}},"msg":"connected to WA"}
{"level":30,"time":1774720322228,"pid":70310,"hostname":"Mac.home","node":{"username":"905333559848","passive":true,"userAgent":{"platform":"WEB","appVersion":{"primary":2,"secondary":3000,"tertiary":1035194821},"mcc":"000","mnc":"000","osVersion":"0.1","device":"Desktop","osBuildNumber":"0.1","releaseChannel":"RELEASE","localeLanguageIso6391":"en","localeCountryIso31661Alpha2":"US"},"webInfo":{"webSubPlatform":"WEB_BROWSER"},"connectType":"WIFI_UNKNOWN","connectReason":"USER_ACTIVATED","device":2,"pull":true,"lidDbMigrated":false},"msg":"logging in..."}
{"level":30,"time":1774720322559,"pid":70310,"hostname":"Mac.home","msg":"5 pre-keys found on server"}
{"level":30,"time":1774720322559,"pid":70310,"hostname":"Mac.home","msg":"Current prekey ID: 1757, exists in storage: true"}
{"level":30,"time":1774720322559,"pid":70310,"hostname":"Mac.home","msg":"Uploading PreKeys due to: server count low (5)"}
{"level":30,"time":1774720322559,"pid":70310,"hostname":"Mac.home","count":5,"retryCount":0,"msg":"uploading pre-keys"}
{"level":30,"time":1774720322821,"pid":70310,"hostname":"Mac.home","count":5,"msg":"uploaded pre-keys successfully"}
{"level":30,"time":1774720322975,"pid":70310,"hostname":"Mac.home","msg":"handled 0 offline messages/notifications"}
{"level":30,"time":1774720322975,"pid":70310,"hostname":"Mac.home","msg":"Connection is now AwaitingInitialSync, buffering events"}
{"level":30,"time":1774720322975,"pid":70310,"hostname":"Mac.home","msg":"History sync is disabled by config, not waiting for notification. Transitioning to Online."}
{"level":30,"time":1774720323136,"pid":70310,"hostname":"Mac.home","msg":"opened connection to WA"}
[WhatsApp] ✅ Bağlantı başarılı!
{"level":30,"time":1774720323151,"pid":70310,"hostname":"Mac.home","myPN":"905333559848:2@s.whatsapp.net","myLID":"129879995613400:2@lid","msg":"Own LID session created successfully"}
{"level":50,"time":1774720328237,"pid":70310,"hostname":"Mac.home","reasonNode":{"tag":"conflict","attrs":{"type":"replaced"}},"fullErrorNode":{"tag":"stream:error","attrs":{},"content":[{"tag":"conflict","attrs":{"type":"replaced"}}]},"msg":"stream errored out"}
{"level":30,"time":1774720328237,"pid":70310,"hostname":"Mac.home","trace":"Error: Stream Errored (conflict)\n    at WebSocketClient.<anonymous> (file:///Users/salihozgen/Desktop/psikolog-projesi/node_modules/@whiskeysockets/baileys/lib/Socket/socket.js:780:13)\n    at WebSocketClient.emit (node:events:518:28)\n    at file:///Users/salihozgen/Desktop/psikolog-projesi/node_modules/@whiskeysockets/baileys/lib/Socket/socket.js:464:35\n    at Object.decodeFrame (file:///Users/salihozgen/Desktop/psikolog-projesi/node_modules/@whiskeysockets/baileys/lib/Utils/noise-handler.js:141:17)\n    at process.processTicksAndRejections (node:internal/process/task_queues:105:5)\n    at async WebSocketClient.onMessageReceived (file:///Users/salihozgen/Desktop/psikolog-projesi/node_modules/@whiskeysockets/baileys/lib/Socket/socket.js:441:9)","msg":"connection errored"}
[WhatsApp] Bot süreci başlatılıyor...
{"level":30,"time":1774720333597,"pid":70310,"hostname":"Mac.home","browser":["Ubuntu","Chrome","122.0.0"],"helloMsg":{"clientHello":{"ephemeral":"eSHegqLIY8Xo19HWfSHwZnYLSCDe6kvfytE6btLSmws="}},"msg":"connected to WA"}
{"level":30,"time":1774720333763,"pid":70310,"hostname":"Mac.home","node":{"username":"905333559848","passive":true,"userAgent":{"platform":"WEB","appVersion":{"primary":2,"secondary":3000,"tertiary":1035194821},"mcc":"000","mnc":"000","osVersion":"0.1","device":"Desktop","osBuildNumber":"0.1","releaseChannel":"RELEASE","localeLanguageIso6391":"en","localeCountryIso31661Alpha2":"US"},"webInfo":{"webSubPlatform":"WEB_BROWSER"},"connectType":"WIFI_UNKNOWN","connectReason":"USER_ACTIVATED","device":2,"pull":true,"lidDbMigrated":false},"msg":"logging in..."}
{"level":30,"time":1774720334128,"pid":70310,"hostname":"Mac.home","msg":"5 pre-keys found on server"}
{"level":30,"time":1774720334128,"pid":70310,"hostname":"Mac.home","msg":"Current prekey ID: 1767, exists in storage: true"}
{"level":30,"time":1774720334128,"pid":70310,"hostname":"Mac.home","msg":"Uploading PreKeys due to: server count low (5)"}
{"level":30,"time":1774720334129,"pid":70310,"hostname":"Mac.home","count":5,"retryCount":0,"msg":"uploading pre-keys"}
{"level":30,"time":1774720334333,"pid":70310,"hostname":"Mac.home","count":5,"msg":"uploaded pre-keys successfully"}
{"level":30,"time":1774720334542,"pid":70310,"hostname":"Mac.home","msg":"handled 0 offline messages/notifications"}
{"level":30,"time":1774720334542,"pid":70310,"hostname":"Mac.home","msg":"Connection is now AwaitingInitialSync, buffering events"}
{"level":30,"time":1774720334543,"pid":70310,"hostname":"Mac.home","msg":"History sync is disabled by config, not waiting for notification. Transitioning to Online."}
{"level":30,"time":1774720334648,"pid":70310,"hostname":"Mac.home","msg":"opened connection to WA"}
[WhatsApp] ✅ Bağlantı başarılı!
{"level":30,"time":1774720334657,"pid":70310,"hostname":"Mac.home","myPN":"905333559848:2@s.whatsapp.net","myLID":"129879995613400:2@lid","msg":"Own LID session created successfully"}
{"level":50,"time":1774720339745,"pid":70310,"hostname":"Mac.home","reasonNode":{"tag":"conflict","attrs":{"type":"replaced"}},"fullErrorNode":{"tag":"stream:error","attrs":{},"content":[{"tag":"conflict","attrs":{"type":"replaced"}}]},"msg":"stream errored out"}
{"level":30,"time":1774720339745,"pid":70310,"hostname":"Mac.home","trace":"Error: Stream Errored (conflict)\n    at WebSocketClient.<anonymous> (file:///Users/salihozgen/Desktop/psikolog-projesi/node_modules/@whiskeysockets/baileys/lib/Socket/socket.js:780:13)\n    at WebSocketClient.emit (node:events:518:28)\n    at file:///Users/salihozgen/Desktop/psikolog-projesi/node_modules/@whiskeysockets/baileys/lib/Socket/socket.js:464:35\n    at Object.decodeFrame (file:///Users/salihozgen/Desktop/psikolog-projesi/node_modules/@whiskeysockets/baileys/lib/Utils/noise-handler.js:141:17)\n    at process.processTicksAndRejections (node:internal/process/task_queues:105:5)\n    at async WebSocketClient.onMessageReceived (file:///Users/salihozgen/Desktop/psikolog-projesi/node_modules/@whiskeysockets/baileys/lib/Socket/socket.js:441:9)","msg":"connection errored"}
[WhatsApp] Bot süreci başlatılıyor...
{"level":30,"time":1774720345123,"pid":70310,"hostname":"Mac.home","browser":["Ubuntu","Chrome","122.0.0"],"helloMsg":{"clientHello":{"ephemeral":"aXSfGWqIeIdWfXFDdjhmiBzwtkLIdceQmC2+7zR2wmw="}},"msg":"connected to WA"}
{"level":30,"time":1774720345318,"pid":70310,"hostname":"Mac.home","node":{"username":"905333559848","passive":true,"userAgent":{"platform":"WEB","appVersion":{"primary":2,"secondary":3000,"tertiary":1035194821},"mcc":"000","mnc":"000","osVersion":"0.1","device":"Desktop","osBuildNumber":"0.1","releaseChannel":"RELEASE","localeLanguageIso6391":"en","localeCountryIso31661Alpha2":"US"},"webInfo":{"webSubPlatform":"WEB_BROWSER"},"connectType":"WIFI_UNKNOWN","connectReason":"USER_ACTIVATED","device":2,"pull":true,"lidDbMigrated":false},"msg":"logging in..."}
{"level":30,"time":1774720345779,"pid":70310,"hostname":"Mac.home","msg":"5 pre-keys found on server"}
{"level":30,"time":1774720345779,"pid":70310,"hostname":"Mac.home","msg":"Current prekey ID: 1777, exists in storage: true"}
{"level":30,"time":1774720345779,"pid":70310,"hostname":"Mac.home","msg":"Uploading PreKeys due to: server count low (5)"}
{"level":30,"time":1774720345779,"pid":70310,"hostname":"Mac.home","count":5,"retryCount":0,"msg":"uploading pre-keys"}
{"level":30,"time":1774720346126,"pid":70310,"hostname":"Mac.home","count":5,"msg":"uploaded pre-keys successfully"}
{"level":30,"time":1774720346362,"pid":70310,"hostname":"Mac.home","msg":"handled 0 offline messages/notifications"}
{"level":30,"time":1774720346363,"pid":70310,"hostname":"Mac.home","msg":"Connection is now AwaitingInitialSync, buffering events"}
{"level":30,"time":1774720346363,"pid":70310,"hostname":"Mac.home","msg":"History sync is disabled by config, not waiting for notification. Transitioning to Online."}
{"level":30,"time":1774720346542,"pid":70310,"hostname":"Mac.home","msg":"opened connection to WA"}
[WhatsApp] ✅ Bağlantı başarılı!
{"level":30,"time":1774720346545,"pid":70310,"hostname":"Mac.home","myPN":"905333559848:2@s.whatsapp.net","myLID":"129879995613400:2@lid","msg":"Own LID session created successfully"}
{"level":50,"time":1774720351650,"pid":70310,"hostname":"Mac.home","reasonNode":{"tag":"conflict","attrs":{"type":"replaced"}},"fullErrorNode":{"tag":"stream:error","attrs":{},"content":[{"tag":"conflict","attrs":{"type":"replaced"}}]},"msg":"stream errored out"}
{"level":30,"time":1774720351650,"pid":70310,"hostname":"Mac.home","trace":"Error: Stream Errored (conflict)\n    at WebSocketClient.<anonymous> (file:///Users/salihozgen/Desktop/psikolog-projesi/node_modules/@whiskeysockets/baileys/lib/Socket/socket.js:780:13)\n    at WebSocketClient.emit (node:events:518:28)\n    at file:///Users/salihozgen/Desktop/psikolog-projesi/node_modules/@whiskeysockets/baileys/lib/Socket/socket.js:464:35\n    at Object.decodeFrame (file:///Users/salihozgen/Desktop/psikolog-projesi/node_modules/@whiskeysockets/baileys/lib/Utils/noise-handler.js:141:17)\n    at process.processTicksAndRejections (node:internal/process/task_queues:105:5)\n    at async WebSocketClient.onMessageReceived (file:///Users/salihozgen/Desktop/psikolog-projesi/node_modules/@whiskeysockets/baileys/lib/Socket/socket.js:441:9)","msg":"connection errored"}
[WhatsApp] Bot süreci başlatılıyor...
{"level":30,"time":1774720356906,"pid":70310,"hostname":"Mac.home","browser":["Ubuntu","Chrome","122.0.0"],"helloMsg":{"clientHello":{"ephemeral":"G/SppaDslX+mpawPqs9Y6uUdw0LzD8wrMYZ1PLhke0Q="}},"msg":"connected to WA"}
{"level":30,"time":1774720356979,"pid":70310,"hostname":"Mac.home","node":{"username":"905333559848","passive":true,"userAgent":{"platform":"WEB","appVersion":{"primary":2,"secondary":3000,"tertiary":1035194821},"mcc":"000","mnc":"000","osVersion":"0.1","device":"Desktop","osBuildNumber":"0.1","releaseChannel":"RELEASE","localeLanguageIso6391":"en","localeCountryIso31661Alpha2":"US"},"webInfo":{"webSubPlatform":"WEB_BROWSER"},"connectType":"WIFI_UNKNOWN","connectReason":"USER_ACTIVATED","device":2,"pull":true,"lidDbMigrated":false},"msg":"logging in..."}
{"level":30,"time":1774720357496,"pid":70310,"hostname":"Mac.home","msg":"5 pre-keys found on server"}
{"level":30,"time":1774720357496,"pid":70310,"hostname":"Mac.home","msg":"Current prekey ID: 1787, exists in storage: true"}
{"level":30,"time":1774720357496,"pid":70310,"hostname":"Mac.home","msg":"Uploading PreKeys due to: server count low (5)"}
{"level":30,"time":1774720357496,"pid":70310,"hostname":"Mac.home","count":5,"retryCount":0,"msg":"uploading pre-keys"}
{"level":30,"time":1774720358100,"pid":70310,"hostname":"Mac.home","count":5,"msg":"uploaded pre-keys successfully"}
{"level":30,"time":1774720358301,"pid":70310,"hostname":"Mac.home","msg":"handled 0 offline messages/notifications"}
{"level":30,"time":1774720358301,"pid":70310,"hostname":"Mac.home","msg":"Connection is now AwaitingInitialSync, buffering events"}
{"level":30,"time":1774720358302,"pid":70310,"hostname":"Mac.home","msg":"History sync is disabled by config, not waiting for notification. Transitioning to Online."}
{"level":30,"time":1774720358342,"pid":70310,"hostname":"Mac.home","msg":"opened connection to WA"}
[WhatsApp] ✅ Bağlantı başarılı!
{"level":30,"time":1774720358354,"pid":70310,"hostname":"Mac.home","myPN":"905333559848:2@s.whatsapp.net","myLID":"129879995613400:2@lid","msg":"Own LID session created successfully"}
{"level":50,"time":1774720363254,"pid":70310,"hostname":"Mac.home","reasonNode":{"tag":"conflict","attrs":{"type":"replaced"}},"fullErrorNode":{"tag":"stream:error","attrs":{},"content":[{"tag":"conflict","attrs":{"type":"replaced"}}]},"msg":"stream errored out"}
{"level":30,"time":1774720363255,"pid":70310,"hostname":"Mac.home","trace":"Error: Stream Errored (conflict)\n    at WebSocketClient.<anonymous> (file:///Users/salihozgen/Desktop/psikolog-projesi/node_modules/@whiskeysockets/baileys/lib/Socket/socket.js:780:13)\n    at WebSocketClient.emit (node:events:518:28)\n    at file:///Users/salihozgen/Desktop/psikolog-projesi/node_modules/@whiskeysockets/baileys/lib/Socket/socket.js:464:35\n    at Object.decodeFrame (file:///Users/salihozgen/Desktop/psikolog-projesi/node_modules/@whiskeysockets/baileys/lib/Utils/noise-handler.js:141:17)\n    at process.processTicksAndRejections (node:internal/process/task_queues:105:5)\n    at async WebSocketClient.onMessageReceived (file:///Users/salihozgen/Desktop/psikolog-projesi/node_modules/@whiskeysockets/baileys/lib/Socket/socket.js:441:9)","msg":"connection errored"}
[WhatsApp] Bot süreci başlatılıyor...
{"level":30,"time":1774720368659,"pid":70310,"hostname":"Mac.home","browser":["Ubuntu","Chrome","122.0.0"],"helloMsg":{"clientHello":{"ephemeral":"9OYYS1Itsiu2aVuuSg1efpv17FGX7ncBH2AyMy1UdWQ="}},"msg":"connected to WA"}
{"level":30,"time":1774720368879,"pid":70310,"hostname":"Mac.home","node":{"username":"905333559848","passive":true,"userAgent":{"platform":"WEB","appVersion":{"primary":2,"secondary":3000,"tertiary":1035194821},"mcc":"000","mnc":"000","osVersion":"0.1","device":"Desktop","osBuildNumber":"0.1","releaseChannel":"RELEASE","localeLanguageIso6391":"en","localeCountryIso31661Alpha2":"US"},"webInfo":{"webSubPlatform":"WEB_BROWSER"},"connectType":"WIFI_UNKNOWN","connectReason":"USER_ACTIVATED","device":2,"pull":true,"lidDbMigrated":false},"msg":"logging in..."}
{"level":30,"time":1774720369434,"pid":70310,"hostname":"Mac.home","msg":"5 pre-keys found on server"}
{"level":30,"time":1774720369435,"pid":70310,"hostname":"Mac.home","msg":"Current prekey ID: 1797, exists in storage: true"}
{"level":30,"time":1774720369435,"pid":70310,"hostname":"Mac.home","msg":"Uploading PreKeys due to: server count low (5)"}
{"level":30,"time":1774720369435,"pid":70310,"hostname":"Mac.home","count":5,"retryCount":0,"msg":"uploading pre-keys"}
{"level":30,"time":1774720369882,"pid":70310,"hostname":"Mac.home","count":5,"msg":"uploaded pre-keys successfully"}
{"level":30,"time":1774720370153,"pid":70310,"hostname":"Mac.home","msg":"handled 0 offline messages/notifications"}
{"level":30,"time":1774720370153,"pid":70310,"hostname":"Mac.home","msg":"Connection is now AwaitingInitialSync, buffering events"}
{"level":30,"time":1774720370153,"pid":70310,"hostname":"Mac.home","msg":"History sync is disabled by config, not waiting for notification. Transitioning to Online."}
{"level":30,"time":1774720370359,"pid":70310,"hostname":"Mac.home","msg":"opened connection to WA"}
[WhatsApp] ✅ Bağlantı başarılı!
{"level":30,"time":1774720370362,"pid":70310,"hostname":"Mac.home","myPN":"905333559848:2@s.whatsapp.net","myLID":"129879995613400:2@lid","msg":"Own LID session created successfully"}
{"level":50,"time":1774720374948,"pid":70310,"hostname":"Mac.home","reasonNode":{"tag":"conflict","attrs":{"type":"replaced"}},"fullErrorNode":{"tag":"stream:error","attrs":{},"content":[{"tag":"conflict","attrs":{"type":"replaced"}}]},"msg":"stream errored out"}
{"level":30,"time":1774720374948,"pid":70310,"hostname":"Mac.home","trace":"Error: Stream Errored (conflict)\n    at WebSocketClient.<anonymous> (file:///Users/salihozgen/Desktop/psikolog-projesi/node_modules/@whiskeysockets/baileys/lib/Socket/socket.js:780:13)\n    at WebSocketClient.emit (node:events:518:28)\n    at file:///Users/salihozgen/Desktop/psikolog-projesi/node_modules/@whiskeysockets/baileys/lib/Socket/socket.js:464:35\n    at Object.decodeFrame (file:///Users/salihozgen/Desktop/psikolog-projesi/node_modules/@whiskeysockets/baileys/lib/Utils/noise-handler.js:141:17)\n    at process.processTicksAndRejections (node:internal/process/task_queues:105:5)\n    at async WebSocketClient.onMessageReceived (file:///Users/salihozgen/Desktop/psikolog-projesi/node_modules/@whiskeysockets/baileys/lib/Socket/socket.js:441:9)","msg":"connection errored"}
[WhatsApp] Bot süreci başlatılıyor...
{"level":30,"time":1774720380313,"pid":70310,"hostname":"Mac.home","browser":["Ubuntu","Chrome","122.0.0"],"helloMsg":{"clientHello":{"ephemeral":"5coM0TGo3qqMwRy66xU0mpGEC+azs4HjegcHV/TDkBc="}},"msg":"connected to WA"}
{"level":30,"time":1774720380516,"pid":70310,"hostname":"Mac.home","node":{"username":"905333559848","passive":true,"userAgent":{"platform":"WEB","appVersion":{"primary":2,"secondary":3000,"tertiary":1035194821},"mcc":"000","mnc":"000","osVersion":"0.1","device":"Desktop","osBuildNumber":"0.1","releaseChannel":"RELEASE","localeLanguageIso6391":"en","localeCountryIso31661Alpha2":"US"},"webInfo":{"webSubPlatform":"WEB_BROWSER"},"connectType":"WIFI_UNKNOWN","connectReason":"USER_ACTIVATED","device":2,"pull":true,"lidDbMigrated":false},"msg":"logging in..."}
{"level":30,"time":1774720380995,"pid":70310,"hostname":"Mac.home","msg":"5 pre-keys found on server"}
{"level":30,"time":1774720380995,"pid":70310,"hostname":"Mac.home","msg":"Current prekey ID: 1807, exists in storage: true"}
{"level":30,"time":1774720380995,"pid":70310,"hostname":"Mac.home","msg":"Uploading PreKeys due to: server count low (5)"}
{"level":30,"time":1774720380995,"pid":70310,"hostname":"Mac.home","count":5,"retryCount":0,"msg":"uploading pre-keys"}
{"level":30,"time":1774720381334,"pid":70310,"hostname":"Mac.home","count":5,"msg":"uploaded pre-keys successfully"}
{"level":30,"time":1774720381576,"pid":70310,"hostname":"Mac.home","msg":"handled 0 offline messages/notifications"}
{"level":30,"time":1774720381576,"pid":70310,"hostname":"Mac.home","msg":"Connection is now AwaitingInitialSync, buffering events"}
{"level":30,"time":1774720381576,"pid":70310,"hostname":"Mac.home","msg":"History sync is disabled by config, not waiting for notification. Transitioning to Online."}
{"level":30,"time":1774720381770,"pid":70310,"hostname":"Mac.home","msg":"opened connection to WA"}
[WhatsApp] ✅ Bağlantı başarılı!
{"level":30,"time":1774720381786,"pid":70310,"hostname":"Mac.home","myPN":"905333559848:2@s.whatsapp.net","myLID":"129879995613400:2@lid","msg":"Own LID session created successfully"}
{"level":50,"time":1774720386683,"pid":70310,"hostname":"Mac.home","reasonNode":{"tag":"conflict","attrs":{"type":"replaced"}},"fullErrorNode":{"tag":"stream:error","attrs":{},"content":[{"tag":"conflict","attrs":{"type":"replaced"}}]},"msg":"stream errored out"}
{"level":30,"time":1774720386683,"pid":70310,"hostname":"Mac.home","trace":"Error: Stream Errored (conflict)\n    at WebSocketClient.<anonymous> (file:///Users/salihozgen/Desktop/psikolog-projesi/node_modules/@whiskeysockets/baileys/lib/Socket/socket.js:780:13)\n    at WebSocketClient.emit (node:events:518:28)\n    at file:///Users/salihozgen/Desktop/psikolog-projesi/node_modules/@whiskeysockets/baileys/lib/Socket/socket.js:464:35\n    at Object.decodeFrame (file:///Users/salihozgen/Desktop/psikolog-projesi/node_modules/@whiskeysockets/baileys/lib/Utils/noise-handler.js:141:17)\n    at process.processTicksAndRejections (node:internal/process/task_queues:105:5)\n    at async WebSocketClient.onMessageReceived (file:///Users/salihozgen/Desktop/psikolog-projesi/node_modules/@whiskeysockets/baileys/lib/Socket/socket.js:441:9)","msg":"connection errored"}
[WhatsApp] Bot süreci başlatılıyor...
{"level":30,"time":1774720392057,"pid":70310,"hostname":"Mac.home","browser":["Ubuntu","Chrome","122.0.0"],"helloMsg":{"clientHello":{"ephemeral":"MKZvZTTUvVOCYG+dvXuR4axp2jSeF6LY5F8IH/xQeF0="}},"msg":"connected to WA"}
{"level":30,"time":1774720392247,"pid":70310,"hostname":"Mac.home","node":{"username":"905333559848","passive":true,"userAgent":{"platform":"WEB","appVersion":{"primary":2,"secondary":3000,"tertiary":1035194821},"mcc":"000","mnc":"000","osVersion":"0.1","device":"Desktop","osBuildNumber":"0.1","releaseChannel":"RELEASE","localeLanguageIso6391":"en","localeCountryIso31661Alpha2":"US"},"webInfo":{"webSubPlatform":"WEB_BROWSER"},"connectType":"WIFI_UNKNOWN","connectReason":"USER_ACTIVATED","device":2,"pull":true,"lidDbMigrated":false},"msg":"logging in..."}
{"level":30,"time":1774720392699,"pid":70310,"hostname":"Mac.home","msg":"5 pre-keys found on server"}
{"level":30,"time":1774720392699,"pid":70310,"hostname":"Mac.home","msg":"Current prekey ID: 1817, exists in storage: true"}
{"level":30,"time":1774720392699,"pid":70310,"hostname":"Mac.home","msg":"Uploading PreKeys due to: server count low (5)"}
{"level":30,"time":1774720392699,"pid":70310,"hostname":"Mac.home","count":5,"retryCount":0,"msg":"uploading pre-keys"}
{"level":30,"time":1774720393041,"pid":70310,"hostname":"Mac.home","count":5,"msg":"uploaded pre-keys successfully"}
{"level":30,"time":1774720393276,"pid":70310,"hostname":"Mac.home","msg":"handled 0 offline messages/notifications"}
{"level":30,"time":1774720393276,"pid":70310,"hostname":"Mac.home","msg":"Connection is now AwaitingInitialSync, buffering events"}
{"level":30,"time":1774720393276,"pid":70310,"hostname":"Mac.home","msg":"History sync is disabled by config, not waiting for notification. Transitioning to Online."}
{"level":30,"time":1774720393455,"pid":70310,"hostname":"Mac.home","msg":"opened connection to WA"}
[WhatsApp] ✅ Bağlantı başarılı!
{"level":30,"time":1774720393465,"pid":70310,"hostname":"Mac.home","myPN":"905333559848:2@s.whatsapp.net","myLID":"129879995613400:2@lid","msg":"Own LID session created successfully"}
{"level":50,"time":1774720398484,"pid":70310,"hostname":"Mac.home","reasonNode":{"tag":"conflict","attrs":{"type":"replaced"}},"fullErrorNode":{"tag":"stream:error","attrs":{},"content":[{"tag":"conflict","attrs":{"type":"replaced"}}]},"msg":"stream errored out"}
{"level":30,"time":1774720398484,"pid":70310,"hostname":"Mac.home","trace":"Error: Stream Errored (conflict)\n    at WebSocketClient.<anonymous> (file:///Users/salihozgen/Desktop/psikolog-projesi/node_modules/@whiskeysockets/baileys/lib/Socket/socket.js:780:13)\n    at WebSocketClient.emit (node:events:518:28)\n    at file:///Users/salihozgen/Desktop/psikolog-projesi/node_modules/@whiskeysockets/baileys/lib/Socket/socket.js:464:35\n    at Object.decodeFrame (file:///Users/salihozgen/Desktop/psikolog-projesi/node_modules/@whiskeysockets/baileys/lib/Utils/noise-handler.js:141:17)\n    at process.processTicksAndRejections (node:internal/process/task_queues:105:5)\n    at async WebSocketClient.onMessageReceived (file:///Users/salihozgen/Desktop/psikolog-projesi/node_modules/@whiskeysockets/baileys/lib/Socket/socket.js:441:9)","msg":"connection errored"}
[WhatsApp] Bot süreci başlatılıyor...
{"level":30,"time":1774720403891,"pid":70310,"hostname":"Mac.home","browser":["Ubuntu","Chrome","122.0.0"],"helloMsg":{"clientHello":{"ephemeral":"5D/Mi4VVrONAml+6gmARB/VNFR4CStekBnAaB/b8uxI="}},"msg":"connected to WA"}
{"level":30,"time":1774720404111,"pid":70310,"hostname":"Mac.home","node":{"username":"905333559848","passive":true,"userAgent":{"platform":"WEB","appVersion":{"primary":2,"secondary":3000,"tertiary":1035194821},"mcc":"000","mnc":"000","osVersion":"0.1","device":"Desktop","osBuildNumber":"0.1","releaseChannel":"RELEASE","localeLanguageIso6391":"en","localeCountryIso31661Alpha2":"US"},"webInfo":{"webSubPlatform":"WEB_BROWSER"},"connectType":"WIFI_UNKNOWN","connectReason":"USER_ACTIVATED","device":2,"pull":true,"lidDbMigrated":false},"msg":"logging in..."}
{"level":30,"time":1774720404665,"pid":70310,"hostname":"Mac.home","msg":"5 pre-keys found on server"}
{"level":30,"time":1774720404665,"pid":70310,"hostname":"Mac.home","msg":"Current prekey ID: 1827, exists in storage: true"}
{"level":30,"time":1774720404665,"pid":70310,"hostname":"Mac.home","msg":"Uploading PreKeys due to: server count low (5)"}
{"level":30,"time":1774720404665,"pid":70310,"hostname":"Mac.home","count":5,"retryCount":0,"msg":"uploading pre-keys"}
{"level":30,"time":1774720405109,"pid":70310,"hostname":"Mac.home","count":5,"msg":"uploaded pre-keys successfully"}
{"level":30,"time":1774720405381,"pid":70310,"hostname":"Mac.home","msg":"handled 0 offline messages/notifications"}
{"level":30,"time":1774720405381,"pid":70310,"hostname":"Mac.home","msg":"Connection is now AwaitingInitialSync, buffering events"}
{"level":30,"time":1774720405381,"pid":70310,"hostname":"Mac.home","msg":"History sync is disabled by config, not waiting for notification. Transitioning to Online."}
{"level":30,"time":1774720405597,"pid":70310,"hostname":"Mac.home","msg":"opened connection to WA"}
[WhatsApp] ✅ Bağlantı başarılı!
{"level":30,"time":1774720405609,"pid":70310,"hostname":"Mac.home","myPN":"905333559848:2@s.whatsapp.net","myLID":"129879995613400:2@lid","msg":"Own LID session created successfully"}
{"level":50,"time":1774720410456,"pid":70310,"hostname":"Mac.home","reasonNode":{"tag":"conflict","attrs":{"type":"replaced"}},"fullErrorNode":{"tag":"stream:error","attrs":{},"content":[{"tag":"conflict","attrs":{"type":"replaced"}}]},"msg":"stream errored out"}
{"level":30,"time":1774720410457,"pid":70310,"hostname":"Mac.home","trace":"Error: Stream Errored (conflict)\n    at WebSocketClient.<anonymous> (file:///Users/salihozgen/Desktop/psikolog-projesi/node_modules/@whiskeysockets/baileys/lib/Socket/socket.js:780:13)\n    at WebSocketClient.emit (node:events:518:28)\n    at file:///Users/salihozgen/Desktop/psikolog-projesi/node_modules/@whiskeysockets/baileys/lib/Socket/socket.js:464:35\n    at Object.decodeFrame (file:///Users/salihozgen/Desktop/psikolog-projesi/node_modules/@whiskeysockets/baileys/lib/Utils/noise-handler.js:141:17)\n    at process.processTicksAndRejections (node:internal/process/task_queues:105:5)\n    at async WebSocketClient.onMessageReceived (file:///Users/salihozgen/Desktop/psikolog-projesi/node_modules/@whiskeysockets/baileys/lib/Socket/socket.js:441:9)","msg":"connection errored"}
[WhatsApp] Bot süreci başlatılıyor...
{"level":30,"time":1774720415730,"pid":70310,"hostname":"Mac.home","browser":["Ubuntu","Chrome","122.0.0"],"helloMsg":{"clientHello":{"ephemeral":"GFJR/cEXhP0iTvqghFCBWQfZqebskSDsviUQahAH7mg="}},"msg":"connected to WA"}
{"level":30,"time":1774720415827,"pid":70310,"hostname":"Mac.home","node":{"username":"905333559848","passive":true,"userAgent":{"platform":"WEB","appVersion":{"primary":2,"secondary":3000,"tertiary":1035194821},"mcc":"000","mnc":"000","osVersion":"0.1","device":"Desktop","osBuildNumber":"0.1","releaseChannel":"RELEASE","localeLanguageIso6391":"en","localeCountryIso31661Alpha2":"US"},"webInfo":{"webSubPlatform":"WEB_BROWSER"},"connectType":"WIFI_UNKNOWN","connectReason":"USER_ACTIVATED","device":2,"pull":true,"lidDbMigrated":false},"msg":"logging in..."}
{"level":30,"time":1774720416688,"pid":70310,"hostname":"Mac.home","msg":"5 pre-keys found on server"}
{"level":30,"time":1774720416688,"pid":70310,"hostname":"Mac.home","msg":"Current prekey ID: 1837, exists in storage: true"}
{"level":30,"time":1774720416688,"pid":70310,"hostname":"Mac.home","msg":"Uploading PreKeys due to: server count low (5)"}
{"level":30,"time":1774720416688,"pid":70310,"hostname":"Mac.home","count":5,"retryCount":0,"msg":"uploading pre-keys"}
{"level":30,"time":1774720417183,"pid":70310,"hostname":"Mac.home","count":5,"msg":"uploaded pre-keys successfully"}
{"level":30,"time":1774720417423,"pid":70310,"hostname":"Mac.home","msg":"handled 0 offline messages/notifications"}
{"level":30,"time":1774720417423,"pid":70310,"hostname":"Mac.home","msg":"Connection is now AwaitingInitialSync, buffering events"}
{"level":30,"time":1774720417423,"pid":70310,"hostname":"Mac.home","msg":"History sync is disabled by config, not waiting for notification. Transitioning to Online."}
{"level":30,"time":1774720417682,"pid":70310,"hostname":"Mac.home","msg":"opened connection to WA"}
[WhatsApp] ✅ Bağlantı başarılı!
{"level":30,"time":1774720417690,"pid":70310,"hostname":"Mac.home","myPN":"905333559848:2@s.whatsapp.net","myLID":"129879995613400:2@lid","msg":"Own LID session created successfully"}
{"level":50,"time":1774720421982,"pid":70310,"hostname":"Mac.home","reasonNode":{"tag":"conflict","attrs":{"type":"replaced"}},"fullErrorNode":{"tag":"stream:error","attrs":{},"content":[{"tag":"conflict","attrs":{"type":"replaced"}}]},"msg":"stream errored out"}
{"level":30,"time":1774720421983,"pid":70310,"hostname":"Mac.home","trace":"Error: Stream Errored (conflict)\n    at WebSocketClient.<anonymous> (file:///Users/salihozgen/Desktop/psikolog-projesi/node_modules/@whiskeysockets/baileys/lib/Socket/socket.js:780:13)\n    at WebSocketClient.emit (node:events:518:28)\n    at file:///Users/salihozgen/Desktop/psikolog-projesi/node_modules/@whiskeysockets/baileys/lib/Socket/socket.js:464:35\n    at Object.decodeFrame (file:///Users/salihozgen/Desktop/psikolog-projesi/node_modules/@whiskeysockets/baileys/lib/Utils/noise-handler.js:141:17)\n    at process.processTicksAndRejections (node:internal/process/task_queues:105:5)\n    at async WebSocketClient.onMessageReceived (file:///Users/salihozgen/Desktop/psikolog-projesi/node_modules/@whiskeysockets/baileys/lib/Socket/socket.js:441:9)","msg":"connection errored"}
[WhatsApp] Bot süreci başlatılıyor...
{"level":30,"time":1774720427329,"pid":70310,"hostname":"Mac.home","browser":["Ubuntu","Chrome","122.0.0"],"helloMsg":{"clientHello":{"ephemeral":"vONhsou5rnUqCEfT8FtYMRsVcy98m8Q/ikMyjaZ50iY="}},"msg":"connected to WA"}
{"level":30,"time":1774720427503,"pid":70310,"hostname":"Mac.home","node":{"username":"905333559848","passive":true,"userAgent":{"platform":"WEB","appVersion":{"primary":2,"secondary":3000,"tertiary":1035194821},"mcc":"000","mnc":"000","osVersion":"0.1","device":"Desktop","osBuildNumber":"0.1","releaseChannel":"RELEASE","localeLanguageIso6391":"en","localeCountryIso31661Alpha2":"US"},"webInfo":{"webSubPlatform":"WEB_BROWSER"},"connectType":"WIFI_UNKNOWN","connectReason":"USER_ACTIVATED","device":2,"pull":true,"lidDbMigrated":false},"msg":"logging in..."}
{"level":30,"time":1774720427908,"pid":70310,"hostname":"Mac.home","msg":"5 pre-keys found on server"}
{"level":30,"time":1774720427908,"pid":70310,"hostname":"Mac.home","msg":"Current prekey ID: 1847, exists in storage: true"}
{"level":30,"time":1774720427908,"pid":70310,"hostname":"Mac.home","msg":"Uploading PreKeys due to: server count low (5)"}
{"level":30,"time":1774720427908,"pid":70310,"hostname":"Mac.home","count":5,"retryCount":0,"msg":"uploading pre-keys"}
{"level":30,"time":1774720428208,"pid":70310,"hostname":"Mac.home","count":5,"msg":"uploaded pre-keys successfully"}
{"level":30,"time":1774720428399,"pid":70310,"hostname":"Mac.home","msg":"handled 0 offline messages/notifications"}
{"level":30,"time":1774720428399,"pid":70310,"hostname":"Mac.home","msg":"Connection is now AwaitingInitialSync, buffering events"}
{"level":30,"time":1774720428400,"pid":70310,"hostname":"Mac.home","msg":"History sync is disabled by config, not waiting for notification. Transitioning to Online."}
{"level":30,"time":1774720428573,"pid":70310,"hostname":"Mac.home","msg":"opened connection to WA"}
[WhatsApp] ✅ Bağlantı başarılı!
{"level":30,"time":1774720428579,"pid":70310,"hostname":"Mac.home","myPN":"905333559848:2@s.whatsapp.net","myLID":"129879995613400:2@lid","msg":"Own LID session created successfully"}
{"level":50,"time":1774720433714,"pid":70310,"hostname":"Mac.home","reasonNode":{"tag":"conflict","attrs":{"type":"replaced"}},"fullErrorNode":{"tag":"stream:error","attrs":{},"content":[{"tag":"conflict","attrs":{"type":"replaced"}}]},"msg":"stream errored out"}
{"level":30,"time":1774720433714,"pid":70310,"hostname":"Mac.home","trace":"Error: Stream Errored (conflict)\n    at WebSocketClient.<anonymous> (file:///Users/salihozgen/Desktop/psikolog-projesi/node_modules/@whiskeysockets/baileys/lib/Socket/socket.js:780:13)\n    at WebSocketClient.emit (node:events:518:28)\n    at file:///Users/salihozgen/Desktop/psikolog-projesi/node_modules/@whiskeysockets/baileys/lib/Socket/socket.js:464:35\n    at Object.decodeFrame (file:///Users/salihozgen/Desktop/psikolog-projesi/node_modules/@whiskeysockets/baileys/lib/Utils/noise-handler.js:141:17)\n    at process.processTicksAndRejections (node:internal/process/task_queues:105:5)\n    at async WebSocketClient.onMessageReceived (file:///Users/salihozgen/Desktop/psikolog-projesi/node_modules/@whiskeysockets/baileys/lib/Socket/socket.js:441:9)","msg":"connection errored"}
[WhatsApp] Bot süreci başlatılıyor...
{"level":30,"time":1774720438988,"pid":70310,"hostname":"Mac.home","browser":["Ubuntu","Chrome","122.0.0"],"helloMsg":{"clientHello":{"ephemeral":"N4g+s3dLn1nga1rq8pF89HEjBJORfKTA0pSgOv6etXc="}},"msg":"connected to WA"}
{"level":30,"time":1774720439069,"pid":70310,"hostname":"Mac.home","node":{"username":"905333559848","passive":true,"userAgent":{"platform":"WEB","appVersion":{"primary":2,"secondary":3000,"tertiary":1035194821},"mcc":"000","mnc":"000","osVersion":"0.1","device":"Desktop","osBuildNumber":"0.1","releaseChannel":"RELEASE","localeLanguageIso6391":"en","localeCountryIso31661Alpha2":"US"},"webInfo":{"webSubPlatform":"WEB_BROWSER"},"connectType":"WIFI_UNKNOWN","connectReason":"USER_ACTIVATED","device":2,"pull":true,"lidDbMigrated":false},"msg":"logging in..."}
{"level":30,"time":1774720439781,"pid":70310,"hostname":"Mac.home","msg":"5 pre-keys found on server"}
{"level":30,"time":1774720439781,"pid":70310,"hostname":"Mac.home","msg":"Current prekey ID: 1857, exists in storage: true"}
{"level":30,"time":1774720439781,"pid":70310,"hostname":"Mac.home","msg":"Uploading PreKeys due to: server count low (5)"}
{"level":30,"time":1774720439781,"pid":70310,"hostname":"Mac.home","count":5,"retryCount":0,"msg":"uploading pre-keys"}
{"level":30,"time":1774720440199,"pid":70310,"hostname":"Mac.home","count":5,"msg":"uploaded pre-keys successfully"}
{"level":30,"time":1774720440400,"pid":70310,"hostname":"Mac.home","msg":"handled 0 offline messages/notifications"}
{"level":30,"time":1774720440400,"pid":70310,"hostname":"Mac.home","msg":"Connection is now AwaitingInitialSync, buffering events"}
{"level":30,"time":1774720440400,"pid":70310,"hostname":"Mac.home","msg":"History sync is disabled by config, not waiting for notification. Transitioning to Online."}
{"level":30,"time":1774720440445,"pid":70310,"hostname":"Mac.home","msg":"opened connection to WA"}
[WhatsApp] ✅ Bağlantı başarılı!
{"level":30,"time":1774720440460,"pid":70310,"hostname":"Mac.home","myPN":"905333559848:2@s.whatsapp.net","myLID":"129879995613400:2@lid","msg":"Own LID session created successfully"}
{"level":50,"time":1774720445233,"pid":70310,"hostname":"Mac.home","reasonNode":{"tag":"conflict","attrs":{"type":"replaced"}},"fullErrorNode":{"tag":"stream:error","attrs":{},"content":[{"tag":"conflict","attrs":{"type":"replaced"}}]},"msg":"stream errored out"}
{"level":30,"time":1774720445234,"pid":70310,"hostname":"Mac.home","trace":"Error: Stream Errored (conflict)\n    at WebSocketClient.<anonymous> (file:///Users/salihozgen/Desktop/psikolog-projesi/node_modules/@whiskeysockets/baileys/lib/Socket/socket.js:780:13)\n    at WebSocketClient.emit (node:events:518:28)\n    at file:///Users/salihozgen/Desktop/psikolog-projesi/node_modules/@whiskeysockets/baileys/lib/Socket/socket.js:464:35\n    at Object.decodeFrame (file:///Users/salihozgen/Desktop/psikolog-projesi/node_modules/@whiskeysockets/baileys/lib/Utils/noise-handler.js:141:17)\n    at process.processTicksAndRejections (node:internal/process/task_queues:105:5)\n    at async WebSocketClient.onMessageReceived (file:///Users/salihozgen/Desktop/psikolog-projesi/node_modules/@whiskeysockets/baileys/lib/Socket/socket.js:441:9)","msg":"connection errored"}
[WhatsApp] Bot süreci başlatılıyor...
{"level":30,"time":1774720450581,"pid":70310,"hostname":"Mac.home","browser":["Ubuntu","Chrome","122.0.0"],"helloMsg":{"clientHello":{"ephemeral":"EjDcVEt6H1W6lUL5LceavzWW6VP63+3zYTNxgfN7G2o="}},"msg":"connected to WA"}
{"level":30,"time":1774720450744,"pid":70310,"hostname":"Mac.home","node":{"username":"905333559848","passive":true,"userAgent":{"platform":"WEB","appVersion":{"primary":2,"secondary":3000,"tertiary":1035194821},"mcc":"000","mnc":"000","osVersion":"0.1","device":"Desktop","osBuildNumber":"0.1","releaseChannel":"RELEASE","localeLanguageIso6391":"en","localeCountryIso31661Alpha2":"US"},"webInfo":{"webSubPlatform":"WEB_BROWSER"},"connectType":"WIFI_UNKNOWN","connectReason":"USER_ACTIVATED","device":2,"pull":true,"lidDbMigrated":false},"msg":"logging in..."}
{"level":30,"time":1774720451107,"pid":70310,"hostname":"Mac.home","msg":"5 pre-keys found on server"}
{"level":30,"time":1774720451107,"pid":70310,"hostname":"Mac.home","msg":"Current prekey ID: 1867, exists in storage: true"}
{"level":30,"time":1774720451107,"pid":70310,"hostname":"Mac.home","msg":"Uploading PreKeys due to: server count low (5)"}
{"level":30,"time":1774720451107,"pid":70310,"hostname":"Mac.home","count":5,"retryCount":0,"msg":"uploading pre-keys"}
{"level":30,"time":1774720451305,"pid":70310,"hostname":"Mac.home","count":5,"msg":"uploaded pre-keys successfully"}
{"level":30,"time":1774720451513,"pid":70310,"hostname":"Mac.home","msg":"handled 0 offline messages/notifications"}
{"level":30,"time":1774720451513,"pid":70310,"hostname":"Mac.home","msg":"Connection is now AwaitingInitialSync, buffering events"}
{"level":30,"time":1774720451513,"pid":70310,"hostname":"Mac.home","msg":"History sync is disabled by config, not waiting for notification. Transitioning to Online."}
{"level":30,"time":1774720451618,"pid":70310,"hostname":"Mac.home","msg":"opened connection to WA"}
[WhatsApp] ✅ Bağlantı başarılı!
{"level":30,"time":1774720451629,"pid":70310,"hostname":"Mac.home","myPN":"905333559848:2@s.whatsapp.net","myLID":"129879995613400:2@lid","msg":"Own LID session created successfully"}
{"level":50,"time":1774720456810,"pid":70310,"hostname":"Mac.home","reasonNode":{"tag":"conflict","attrs":{"type":"replaced"}},"fullErrorNode":{"tag":"stream:error","attrs":{},"content":[{"tag":"conflict","attrs":{"type":"replaced"}}]},"msg":"stream errored out"}
{"level":30,"time":1774720456810,"pid":70310,"hostname":"Mac.home","trace":"Error: Stream Errored (conflict)\n    at WebSocketClient.<anonymous> (file:///Users/salihozgen/Desktop/psikolog-projesi/node_modules/@whiskeysockets/baileys/lib/Socket/socket.js:780:13)\n    at WebSocketClient.emit (node:events:518:28)\n    at file:///Users/salihozgen/Desktop/psikolog-projesi/node_modules/@whiskeysockets/baileys/lib/Socket/socket.js:464:35\n    at Object.decodeFrame (file:///Users/salihozgen/Desktop/psikolog-projesi/node_modules/@whiskeysockets/baileys/lib/Utils/noise-handler.js:141:17)\n    at process.processTicksAndRejections (node:internal/process/task_queues:105:5)\n    at async WebSocketClient.onMessageReceived (file:///Users/salihozgen/Desktop/psikolog-projesi/node_modules/@whiskeysockets/baileys/lib/Socket/socket.js:441:9)","msg":"connection errored"}
[WhatsApp] Bot süreci başlatılıyor...
{"level":30,"time":1774720462148,"pid":70310,"hostname":"Mac.home","browser":["Ubuntu","Chrome","122.0.0"],"helloMsg":{"clientHello":{"ephemeral":"PhsR2kdZD96DSPInz3sXwmsz56VC7l/LK6fqmw3yTBE="}},"msg":"connected to WA"}
{"level":30,"time":1774720462306,"pid":70310,"hostname":"Mac.home","node":{"username":"905333559848","passive":true,"userAgent":{"platform":"WEB","appVersion":{"primary":2,"secondary":3000,"tertiary":1035194821},"mcc":"000","mnc":"000","osVersion":"0.1","device":"Desktop","osBuildNumber":"0.1","releaseChannel":"RELEASE","localeLanguageIso6391":"en","localeCountryIso31661Alpha2":"US"},"webInfo":{"webSubPlatform":"WEB_BROWSER"},"connectType":"WIFI_UNKNOWN","connectReason":"USER_ACTIVATED","device":2,"pull":true,"lidDbMigrated":false},"msg":"logging in..."}
{"level":30,"time":1774720462634,"pid":70310,"hostname":"Mac.home","msg":"5 pre-keys found on server"}
{"level":30,"time":1774720462634,"pid":70310,"hostname":"Mac.home","msg":"Current prekey ID: 1877, exists in storage: true"}
{"level":30,"time":1774720462634,"pid":70310,"hostname":"Mac.home","msg":"Uploading PreKeys due to: server count low (5)"}
{"level":30,"time":1774720462634,"pid":70310,"hostname":"Mac.home","count":5,"retryCount":0,"msg":"uploading pre-keys"}
{"level":30,"time":1774720462856,"pid":70310,"hostname":"Mac.home","count":5,"msg":"uploaded pre-keys successfully"}
{"level":30,"time":1774720463009,"pid":70310,"hostname":"Mac.home","msg":"handled 0 offline messages/notifications"}
{"level":30,"time":1774720463009,"pid":70310,"hostname":"Mac.home","msg":"Connection is now AwaitingInitialSync, buffering events"}
{"level":30,"time":1774720463009,"pid":70310,"hostname":"Mac.home","msg":"History sync is disabled by config, not waiting for notification. Transitioning to Online."}
{"level":30,"time":1774720463170,"pid":70310,"hostname":"Mac.home","msg":"opened connection to WA"}
[WhatsApp] ✅ Bağlantı başarılı!
{"level":30,"time":1774720463186,"pid":70310,"hostname":"Mac.home","myPN":"905333559848:2@s.whatsapp.net","myLID":"129879995613400:2@lid","msg":"Own LID session created successfully"}
{"level":50,"time":1774720468387,"pid":70310,"hostname":"Mac.home","reasonNode":{"tag":"conflict","attrs":{"type":"replaced"}},"fullErrorNode":{"tag":"stream:error","attrs":{},"content":[{"tag":"conflict","attrs":{"type":"replaced"}}]},"msg":"stream errored out"}
{"level":30,"time":1774720468387,"pid":70310,"hostname":"Mac.home","trace":"Error: Stream Errored (conflict)\n    at WebSocketClient.<anonymous> (file:///Users/salihozgen/Desktop/psikolog-projesi/node_modules/@whiskeysockets/baileys/lib/Socket/socket.js:780:13)\n    at WebSocketClient.emit (node:events:518:28)\n    at file:///Users/salihozgen/Desktop/psikolog-projesi/node_modules/@whiskeysockets/baileys/lib/Socket/socket.js:464:35\n    at Object.decodeFrame (file:///Users/salihozgen/Desktop/psikolog-projesi/node_modules/@whiskeysockets/baileys/lib/Utils/noise-handler.js:141:17)\n    at process.processTicksAndRejections (node:internal/process/task_queues:105:5)\n    at async WebSocketClient.onMessageReceived (file:///Users/salihozgen/Desktop/psikolog-projesi/node_modules/@whiskeysockets/baileys/lib/Socket/socket.js:441:9)","msg":"connection errored"}
[WhatsApp] Bot süreci başlatılıyor...
{"level":30,"time":1774720473655,"pid":70310,"hostname":"Mac.home","browser":["Ubuntu","Chrome","122.0.0"],"helloMsg":{"clientHello":{"ephemeral":"9SVFyihXII5zcOryXHrQfsG09dsnMazeUTcxybD5PSM="}},"msg":"connected to WA"}
{"level":30,"time":1774720473745,"pid":70310,"hostname":"Mac.home","node":{"username":"905333559848","passive":true,"userAgent":{"platform":"WEB","appVersion":{"primary":2,"secondary":3000,"tertiary":1035194821},"mcc":"000","mnc":"000","osVersion":"0.1","device":"Desktop","osBuildNumber":"0.1","releaseChannel":"RELEASE","localeLanguageIso6391":"en","localeCountryIso31661Alpha2":"US"},"webInfo":{"webSubPlatform":"WEB_BROWSER"},"connectType":"WIFI_UNKNOWN","connectReason":"USER_ACTIVATED","device":2,"pull":true,"lidDbMigrated":false},"msg":"logging in..."}
{"level":30,"time":1774720474455,"pid":70310,"hostname":"Mac.home","msg":"5 pre-keys found on server"}
{"level":30,"time":1774720474455,"pid":70310,"hostname":"Mac.home","msg":"Current prekey ID: 1887, exists in storage: true"}
{"level":30,"time":1774720474455,"pid":70310,"hostname":"Mac.home","msg":"Uploading PreKeys due to: server count low (5)"}
{"level":30,"time":1774720474455,"pid":70310,"hostname":"Mac.home","count":5,"retryCount":0,"msg":"uploading pre-keys"}
{"level":30,"time":1774720475040,"pid":70310,"hostname":"Mac.home","count":5,"msg":"uploaded pre-keys successfully"}
{"level":30,"time":1774720475233,"pid":70310,"hostname":"Mac.home","msg":"handled 0 offline messages/notifications"}
{"level":30,"time":1774720475233,"pid":70310,"hostname":"Mac.home","msg":"Connection is now AwaitingInitialSync, buffering events"}
{"level":30,"time":1774720475233,"pid":70310,"hostname":"Mac.home","msg":"History sync is disabled by config, not waiting for notification. Transitioning to Online."}
{"level":30,"time":1774720475458,"pid":70310,"hostname":"Mac.home","msg":"opened connection to WA"}
[WhatsApp] ✅ Bağlantı başarılı!
{"level":30,"time":1774720475472,"pid":70310,"hostname":"Mac.home","myPN":"905333559848:2@s.whatsapp.net","myLID":"129879995613400:2@lid","msg":"Own LID session created successfully"}
{"level":50,"time":1774720479830,"pid":70310,"hostname":"Mac.home","reasonNode":{"tag":"conflict","attrs":{"type":"replaced"}},"fullErrorNode":{"tag":"stream:error","attrs":{},"content":[{"tag":"conflict","attrs":{"type":"replaced"}}]},"msg":"stream errored out"}
{"level":30,"time":1774720479830,"pid":70310,"hostname":"Mac.home","trace":"Error: Stream Errored (conflict)\n    at WebSocketClient.<anonymous> (file:///Users/salihozgen/Desktop/psikolog-projesi/node_modules/@whiskeysockets/baileys/lib/Socket/socket.js:780:13)\n    at WebSocketClient.emit (node:events:518:28)\n    at file:///Users/salihozgen/Desktop/psikolog-projesi/node_modules/@whiskeysockets/baileys/lib/Socket/socket.js:464:35\n    at Object.decodeFrame (file:///Users/salihozgen/Desktop/psikolog-projesi/node_modules/@whiskeysockets/baileys/lib/Utils/noise-handler.js:141:17)\n    at process.processTicksAndRejections (node:internal/process/task_queues:105:5)\n    at async WebSocketClient.onMessageReceived (file:///Users/salihozgen/Desktop/psikolog-projesi/node_modules/@whiskeysockets/baileys/lib/Socket/socket.js:441:9)","msg":"connection errored"}
[WhatsApp] Bot süreci başlatılıyor...
{"level":30,"time":1774720485085,"pid":70310,"hostname":"Mac.home","browser":["Ubuntu","Chrome","122.0.0"],"helloMsg":{"clientHello":{"ephemeral":"5VfY5hlFBhQ7yHALkyL+dGZPyvQbfSw7qq7p0j4SbQQ="}},"msg":"connected to WA"}
{"level":30,"time":1774720485166,"pid":70310,"hostname":"Mac.home","node":{"username":"905333559848","passive":true,"userAgent":{"platform":"WEB","appVersion":{"primary":2,"secondary":3000,"tertiary":1035194821},"mcc":"000","mnc":"000","osVersion":"0.1","device":"Desktop","osBuildNumber":"0.1","releaseChannel":"RELEASE","localeLanguageIso6391":"en","localeCountryIso31661Alpha2":"US"},"webInfo":{"webSubPlatform":"WEB_BROWSER"},"connectType":"WIFI_UNKNOWN","connectReason":"USER_ACTIVATED","device":2,"pull":true,"lidDbMigrated":false},"msg":"logging in..."}
{"level":30,"time":1774720485880,"pid":70310,"hostname":"Mac.home","msg":"5 pre-keys found on server"}
{"level":30,"time":1774720485880,"pid":70310,"hostname":"Mac.home","msg":"Current prekey ID: 1897, exists in storage: true"}
{"level":30,"time":1774720485880,"pid":70310,"hostname":"Mac.home","msg":"Uploading PreKeys due to: server count low (5)"}
{"level":30,"time":1774720485880,"pid":70310,"hostname":"Mac.home","count":5,"retryCount":0,"msg":"uploading pre-keys"}
{"level":30,"time":1774720486286,"pid":70310,"hostname":"Mac.home","count":5,"msg":"uploaded pre-keys successfully"}
{"level":30,"time":1774720486487,"pid":70310,"hostname":"Mac.home","msg":"handled 0 offline messages/notifications"}
{"level":30,"time":1774720486487,"pid":70310,"hostname":"Mac.home","msg":"Connection is now AwaitingInitialSync, buffering events"}
{"level":30,"time":1774720486487,"pid":70310,"hostname":"Mac.home","msg":"History sync is disabled by config, not waiting for notification. Transitioning to Online."}
{"level":30,"time":1774720486533,"pid":70310,"hostname":"Mac.home","msg":"opened connection to WA"}
[WhatsApp] ✅ Bağlantı başarılı!
{"level":30,"time":1774720486546,"pid":70310,"hostname":"Mac.home","myPN":"905333559848:2@s.whatsapp.net","myLID":"129879995613400:2@lid","msg":"Own LID session created successfully"}
{"level":50,"time":1774720491226,"pid":70310,"hostname":"Mac.home","reasonNode":{"tag":"conflict","attrs":{"type":"replaced"}},"fullErrorNode":{"tag":"stream:error","attrs":{},"content":[{"tag":"conflict","attrs":{"type":"replaced"}}]},"msg":"stream errored out"}
{"level":30,"time":1774720491226,"pid":70310,"hostname":"Mac.home","trace":"Error: Stream Errored (conflict)\n    at WebSocketClient.<anonymous> (file:///Users/salihozgen/Desktop/psikolog-projesi/node_modules/@whiskeysockets/baileys/lib/Socket/socket.js:780:13)\n    at WebSocketClient.emit (node:events:518:28)\n    at file:///Users/salihozgen/Desktop/psikolog-projesi/node_modules/@whiskeysockets/baileys/lib/Socket/socket.js:464:35\n    at Object.decodeFrame (file:///Users/salihozgen/Desktop/psikolog-projesi/node_modules/@whiskeysockets/baileys/lib/Utils/noise-handler.js:141:17)\n    at process.processTicksAndRejections (node:internal/process/task_queues:105:5)\n    at async WebSocketClient.onMessageReceived (file:///Users/salihozgen/Desktop/psikolog-projesi/node_modules/@whiskeysockets/baileys/lib/Socket/socket.js:441:9)","msg":"connection errored"}
[WhatsApp] Bot süreci başlatılıyor...
{"level":30,"time":1774720496493,"pid":70310,"hostname":"Mac.home","browser":["Ubuntu","Chrome","122.0.0"],"helloMsg":{"clientHello":{"ephemeral":"KQ+62gbIeF97bhiUWXWZegLlVvWQUSe8IxOeytYIQVA="}},"msg":"connected to WA"}
{"level":30,"time":1774720496573,"pid":70310,"hostname":"Mac.home","node":{"username":"905333559848","passive":true,"userAgent":{"platform":"WEB","appVersion":{"primary":2,"secondary":3000,"tertiary":1035194821},"mcc":"000","mnc":"000","osVersion":"0.1","device":"Desktop","osBuildNumber":"0.1","releaseChannel":"RELEASE","localeLanguageIso6391":"en","localeCountryIso31661Alpha2":"US"},"webInfo":{"webSubPlatform":"WEB_BROWSER"},"connectType":"WIFI_UNKNOWN","connectReason":"USER_ACTIVATED","device":2,"pull":true,"lidDbMigrated":false},"msg":"logging in..."}
{"level":30,"time":1774720497245,"pid":70310,"hostname":"Mac.home","msg":"5 pre-keys found on server"}
{"level":30,"time":1774720497245,"pid":70310,"hostname":"Mac.home","msg":"Current prekey ID: 1907, exists in storage: true"}
{"level":30,"time":1774720497245,"pid":70310,"hostname":"Mac.home","msg":"Uploading PreKeys due to: server count low (5)"}
{"level":30,"time":1774720497245,"pid":70310,"hostname":"Mac.home","count":5,"retryCount":0,"msg":"uploading pre-keys"}
{"level":30,"time":1774720497798,"pid":70310,"hostname":"Mac.home","count":5,"msg":"uploaded pre-keys successfully"}
{"level":30,"time":1774720497999,"pid":70310,"hostname":"Mac.home","msg":"handled 0 offline messages/notifications"}
{"level":30,"time":1774720497999,"pid":70310,"hostname":"Mac.home","msg":"Connection is now AwaitingInitialSync, buffering events"}
{"level":30,"time":1774720497999,"pid":70310,"hostname":"Mac.home","msg":"History sync is disabled by config, not waiting for notification. Transitioning to Online."}
{"level":30,"time":1774720498206,"pid":70310,"hostname":"Mac.home","msg":"opened connection to WA"}
[WhatsApp] ✅ Bağlantı başarılı!
{"level":30,"time":1774720498221,"pid":70310,"hostname":"Mac.home","myPN":"905333559848:2@s.whatsapp.net","myLID":"129879995613400:2@lid","msg":"Own LID session created successfully"}
{"level":50,"time":1774720502646,"pid":70310,"hostname":"Mac.home","reasonNode":{"tag":"conflict","attrs":{"type":"replaced"}},"fullErrorNode":{"tag":"stream:error","attrs":{},"content":[{"tag":"conflict","attrs":{"type":"replaced"}}]},"msg":"stream errored out"}
{"level":30,"time":1774720502646,"pid":70310,"hostname":"Mac.home","trace":"Error: Stream Errored (conflict)\n    at WebSocketClient.<anonymous> (file:///Users/salihozgen/Desktop/psikolog-projesi/node_modules/@whiskeysockets/baileys/lib/Socket/socket.js:780:13)\n    at WebSocketClient.emit (node:events:518:28)\n    at file:///Users/salihozgen/Desktop/psikolog-projesi/node_modules/@whiskeysockets/baileys/lib/Socket/socket.js:464:35\n    at Object.decodeFrame (file:///Users/salihozgen/Desktop/psikolog-projesi/node_modules/@whiskeysockets/baileys/lib/Utils/noise-handler.js:141:17)\n    at process.processTicksAndRejections (node:internal/process/task_queues:105:5)\n    at async WebSocketClient.onMessageReceived (file:///Users/salihozgen/Desktop/psikolog-projesi/node_modules/@whiskeysockets/baileys/lib/Socket/socket.js:441:9)","msg":"connection errored"}
[WhatsApp] Bot süreci başlatılıyor...
{"level":30,"time":1774720508059,"pid":70310,"hostname":"Mac.home","browser":["Ubuntu","Chrome","122.0.0"],"helloMsg":{"clientHello":{"ephemeral":"ivowCZZj4HibgmNPfCkA/UYyymEuFm6kyJtiO2Wg+Bw="}},"msg":"connected to WA"}
{"level":30,"time":1774720508160,"pid":70310,"hostname":"Mac.home","node":{"username":"905333559848","passive":true,"userAgent":{"platform":"WEB","appVersion":{"primary":2,"secondary":3000,"tertiary":1035194821},"mcc":"000","mnc":"000","osVersion":"0.1","device":"Desktop","osBuildNumber":"0.1","releaseChannel":"RELEASE","localeLanguageIso6391":"en","localeCountryIso31661Alpha2":"US"},"webInfo":{"webSubPlatform":"WEB_BROWSER"},"connectType":"WIFI_UNKNOWN","connectReason":"USER_ACTIVATED","device":2,"pull":true,"lidDbMigrated":false},"msg":"logging in..."}
{"level":30,"time":1774720508976,"pid":70310,"hostname":"Mac.home","msg":"5 pre-keys found on server"}
{"level":30,"time":1774720508976,"pid":70310,"hostname":"Mac.home","msg":"Current prekey ID: 1917, exists in storage: true"}
{"level":30,"time":1774720508976,"pid":70310,"hostname":"Mac.home","msg":"Uploading PreKeys due to: server count low (5)"}
{"level":30,"time":1774720508976,"pid":70310,"hostname":"Mac.home","count":5,"retryCount":0,"msg":"uploading pre-keys"}
{"level":30,"time":1774720509652,"pid":70310,"hostname":"Mac.home","count":5,"msg":"uploaded pre-keys successfully"}
{"level":30,"time":1774720509891,"pid":70310,"hostname":"Mac.home","msg":"handled 0 offline messages/notifications"}
{"level":30,"time":1774720509891,"pid":70310,"hostname":"Mac.home","msg":"Connection is now AwaitingInitialSync, buffering events"}
{"level":30,"time":1774720509891,"pid":70310,"hostname":"Mac.home","msg":"History sync is disabled by config, not waiting for notification. Transitioning to Online."}
{"level":30,"time":1774720509952,"pid":70310,"hostname":"Mac.home","msg":"opened connection to WA"}
[WhatsApp] ✅ Bağlantı başarılı!
{"level":30,"time":1774720509967,"pid":70310,"hostname":"Mac.home","myPN":"905333559848:2@s.whatsapp.net","myLID":"129879995613400:2@lid","msg":"Own LID session created successfully"}
{"level":50,"time":1774720514051,"pid":70310,"hostname":"Mac.home","reasonNode":{"tag":"conflict","attrs":{"type":"replaced"}},"fullErrorNode":{"tag":"stream:error","attrs":{},"content":[{"tag":"conflict","attrs":{"type":"replaced"}}]},"msg":"stream errored out"}
{"level":30,"time":1774720514051,"pid":70310,"hostname":"Mac.home","trace":"Error: Stream Errored (conflict)\n    at WebSocketClient.<anonymous> (file:///Users/salihozgen/Desktop/psikolog-projesi/node_modules/@whiskeysockets/baileys/lib/Socket/socket.js:780:13)\n    at WebSocketClient.emit (node:events:518:28)\n    at file:///Users/salihozgen/Desktop/psikolog-projesi/node_modules/@whiskeysockets/baileys/lib/Socket/socket.js:464:35\n    at Object.decodeFrame (file:///Users/salihozgen/Desktop/psikolog-projesi/node_modules/@whiskeysockets/baileys/lib/Utils/noise-handler.js:141:17)\n    at process.processTicksAndRejections (node:internal/process/task_queues:105:5)\n    at async WebSocketClient.onMessageReceived (file:///Users/salihozgen/Desktop/psikolog-projesi/node_modules/@whiskeysockets/baileys/lib/Socket/socket.js:441:9)","msg":"connection errored"}
[WhatsApp] Bot süreci başlatılıyor...
{"level":30,"time":1774720519417,"pid":70310,"hostname":"Mac.home","browser":["Ubuntu","Chrome","122.0.0"],"helloMsg":{"clientHello":{"ephemeral":"NNMYvktdYpzMc5KQYHEdzEZugcBhOm22zmamtQy/G0c="}},"msg":"connected to WA"}
{"level":30,"time":1774720519597,"pid":70310,"hostname":"Mac.home","node":{"username":"905333559848","passive":true,"userAgent":{"platform":"WEB","appVersion":{"primary":2,"secondary":3000,"tertiary":1035194821},"mcc":"000","mnc":"000","osVersion":"0.1","device":"Desktop","osBuildNumber":"0.1","releaseChannel":"RELEASE","localeLanguageIso6391":"en","localeCountryIso31661Alpha2":"US"},"webInfo":{"webSubPlatform":"WEB_BROWSER"},"connectType":"WIFI_UNKNOWN","connectReason":"USER_ACTIVATED","device":2,"pull":true,"lidDbMigrated":false},"msg":"logging in..."}
{"level":30,"time":1774720520001,"pid":70310,"hostname":"Mac.home","msg":"5 pre-keys found on server"}
{"level":30,"time":1774720520001,"pid":70310,"hostname":"Mac.home","msg":"Current prekey ID: 1927, exists in storage: true"}
{"level":30,"time":1774720520001,"pid":70310,"hostname":"Mac.home","msg":"Uploading PreKeys due to: server count low (5)"}
{"level":30,"time":1774720520001,"pid":70310,"hostname":"Mac.home","count":5,"retryCount":0,"msg":"uploading pre-keys"}
{"level":30,"time":1774720520308,"pid":70310,"hostname":"Mac.home","count":5,"msg":"uploaded pre-keys successfully"}
{"level":30,"time":1774720520503,"pid":70310,"hostname":"Mac.home","msg":"handled 0 offline messages/notifications"}
{"level":30,"time":1774720520503,"pid":70310,"hostname":"Mac.home","msg":"Connection is now AwaitingInitialSync, buffering events"}
{"level":30,"time":1774720520503,"pid":70310,"hostname":"Mac.home","msg":"History sync is disabled by config, not waiting for notification. Transitioning to Online."}
{"level":30,"time":1774720520681,"pid":70310,"hostname":"Mac.home","msg":"opened connection to WA"}
[WhatsApp] ✅ Bağlantı başarılı!
{"level":30,"time":1774720520695,"pid":70310,"hostname":"Mac.home","myPN":"905333559848:2@s.whatsapp.net","myLID":"129879995613400:2@lid","msg":"Own LID session created successfully"}
{"level":50,"time":1774720525650,"pid":70310,"hostname":"Mac.home","reasonNode":{"tag":"conflict","attrs":{"type":"replaced"}},"fullErrorNode":{"tag":"stream:error","attrs":{},"content":[{"tag":"conflict","attrs":{"type":"replaced"}}]},"msg":"stream errored out"}
{"level":30,"time":1774720525650,"pid":70310,"hostname":"Mac.home","trace":"Error: Stream Errored (conflict)\n    at WebSocketClient.<anonymous> (file:///Users/salihozgen/Desktop/psikolog-projesi/node_modules/@whiskeysockets/baileys/lib/Socket/socket.js:780:13)\n    at WebSocketClient.emit (node:events:518:28)\n    at file:///Users/salihozgen/Desktop/psikolog-projesi/node_modules/@whiskeysockets/baileys/lib/Socket/socket.js:464:35\n    at Object.decodeFrame (file:///Users/salihozgen/Desktop/psikolog-projesi/node_modules/@whiskeysockets/baileys/lib/Utils/noise-handler.js:141:17)\n    at process.processTicksAndRejections (node:internal/process/task_queues:105:5)\n    at async WebSocketClient.onMessageReceived (file:///Users/salihozgen/Desktop/psikolog-projesi/node_modules/@whiskeysockets/baileys/lib/Socket/socket.js:441:9)","msg":"connection errored"}
[WhatsApp] Bot süreci başlatılıyor...
{"level":30,"time":1774720531003,"pid":70310,"hostname":"Mac.home","browser":["Ubuntu","Chrome","122.0.0"],"helloMsg":{"clientHello":{"ephemeral":"+roC5d1vA2ZEBAYwNd1QW5DAedBVUmCseLklEdWnGn8="}},"msg":"connected to WA"}
{"level":30,"time":1774720531179,"pid":70310,"hostname":"Mac.home","node":{"username":"905333559848","passive":true,"userAgent":{"platform":"WEB","appVersion":{"primary":2,"secondary":3000,"tertiary":1035194821},"mcc":"000","mnc":"000","osVersion":"0.1","device":"Desktop","osBuildNumber":"0.1","releaseChannel":"RELEASE","localeLanguageIso6391":"en","localeCountryIso31661Alpha2":"US"},"webInfo":{"webSubPlatform":"WEB_BROWSER"},"connectType":"WIFI_UNKNOWN","connectReason":"USER_ACTIVATED","device":2,"pull":true,"lidDbMigrated":false},"msg":"logging in..."}
{"level":30,"time":1774720531588,"pid":70310,"hostname":"Mac.home","msg":"5 pre-keys found on server"}
{"level":30,"time":1774720531588,"pid":70310,"hostname":"Mac.home","msg":"Current prekey ID: 1937, exists in storage: true"}
{"level":30,"time":1774720531588,"pid":70310,"hostname":"Mac.home","msg":"Uploading PreKeys due to: server count low (5)"}
{"level":30,"time":1774720531588,"pid":70310,"hostname":"Mac.home","count":5,"retryCount":0,"msg":"uploading pre-keys"}
{"level":30,"time":1774720531890,"pid":70310,"hostname":"Mac.home","count":5,"msg":"uploaded pre-keys successfully"}
{"level":30,"time":1774720532087,"pid":70310,"hostname":"Mac.home","msg":"handled 0 offline messages/notifications"}
{"level":30,"time":1774720532088,"pid":70310,"hostname":"Mac.home","msg":"Connection is now AwaitingInitialSync, buffering events"}
{"level":30,"time":1774720532088,"pid":70310,"hostname":"Mac.home","msg":"History sync is disabled by config, not waiting for notification. Transitioning to Online."}
{"level":30,"time":1774720532268,"pid":70310,"hostname":"Mac.home","msg":"opened connection to WA"}
[WhatsApp] ✅ Bağlantı başarılı!
{"level":30,"time":1774720532281,"pid":70310,"hostname":"Mac.home","myPN":"905333559848:2@s.whatsapp.net","myLID":"129879995613400:2@lid","msg":"Own LID session created successfully"}
{"level":50,"time":1774720537298,"pid":70310,"hostname":"Mac.home","reasonNode":{"tag":"conflict","attrs":{"type":"replaced"}},"fullErrorNode":{"tag":"stream:error","attrs":{},"content":[{"tag":"conflict","attrs":{"type":"replaced"}}]},"msg":"stream errored out"}
{"level":30,"time":1774720537298,"pid":70310,"hostname":"Mac.home","trace":"Error: Stream Errored (conflict)\n    at WebSocketClient.<anonymous> (file:///Users/salihozgen/Desktop/psikolog-projesi/node_modules/@whiskeysockets/baileys/lib/Socket/socket.js:780:13)\n    at WebSocketClient.emit (node:events:518:28)\n    at file:///Users/salihozgen/Desktop/psikolog-projesi/node_modules/@whiskeysockets/baileys/lib/Socket/socket.js:464:35\n    at Object.decodeFrame (file:///Users/salihozgen/Desktop/psikolog-projesi/node_modules/@whiskeysockets/baileys/lib/Utils/noise-handler.js:141:17)\n    at process.processTicksAndRejections (node:internal/process/task_queues:105:5)\n    at async WebSocketClient.onMessageReceived (file:///Users/salihozgen/Desktop/psikolog-projesi/node_modules/@whiskeysockets/baileys/lib/Socket/socket.js:441:9)","msg":"connection errored"}
[WhatsApp] Bot süreci başlatılıyor...
{"level":30,"time":1774720542630,"pid":70310,"hostname":"Mac.home","browser":["Ubuntu","Chrome","122.0.0"],"helloMsg":{"clientHello":{"ephemeral":"9qV6LDXTlhyjn8qeS/ESHlv+htGQ7TshTc1dk0Ov2Vg="}},"msg":"connected to WA"}
{"level":30,"time":1774720542786,"pid":70310,"hostname":"Mac.home","node":{"username":"905333559848","passive":true,"userAgent":{"platform":"WEB","appVersion":{"primary":2,"secondary":3000,"tertiary":1035194821},"mcc":"000","mnc":"000","osVersion":"0.1","device":"Desktop","osBuildNumber":"0.1","releaseChannel":"RELEASE","localeLanguageIso6391":"en","localeCountryIso31661Alpha2":"US"},"webInfo":{"webSubPlatform":"WEB_BROWSER"},"connectType":"WIFI_UNKNOWN","connectReason":"USER_ACTIVATED","device":2,"pull":true,"lidDbMigrated":false},"msg":"logging in..."}
{"level":30,"time":1774720543118,"pid":70310,"hostname":"Mac.home","msg":"5 pre-keys found on server"}
{"level":30,"time":1774720543118,"pid":70310,"hostname":"Mac.home","msg":"Current prekey ID: 1947, exists in storage: true"}
{"level":30,"time":1774720543118,"pid":70310,"hostname":"Mac.home","msg":"Uploading PreKeys due to: server count low (5)"}
{"level":30,"time":1774720543118,"pid":70310,"hostname":"Mac.home","count":5,"retryCount":0,"msg":"uploading pre-keys"}
{"level":30,"time":1774720543339,"pid":70310,"hostname":"Mac.home","count":5,"msg":"uploaded pre-keys successfully"}
{"level":30,"time":1774720543492,"pid":70310,"hostname":"Mac.home","msg":"handled 0 offline messages/notifications"}
{"level":30,"time":1774720543492,"pid":70310,"hostname":"Mac.home","msg":"Connection is now AwaitingInitialSync, buffering events"}
{"level":30,"time":1774720543492,"pid":70310,"hostname":"Mac.home","msg":"History sync is disabled by config, not waiting for notification. Transitioning to Online."}
{"level":30,"time":1774720543654,"pid":70310,"hostname":"Mac.home","msg":"opened connection to WA"}
[WhatsApp] ✅ Bağlantı başarılı!
{"level":30,"time":1774720543669,"pid":70310,"hostname":"Mac.home","myPN":"905333559848:2@s.whatsapp.net","myLID":"129879995613400:2@lid","msg":"Own LID session created successfully"}
{"level":50,"time":1774720549039,"pid":70310,"hostname":"Mac.home","reasonNode":{"tag":"conflict","attrs":{"type":"replaced"}},"fullErrorNode":{"tag":"stream:error","attrs":{},"content":[{"tag":"conflict","attrs":{"type":"replaced"}}]},"msg":"stream errored out"}
{"level":30,"time":1774720549039,"pid":70310,"hostname":"Mac.home","trace":"Error: Stream Errored (conflict)\n    at WebSocketClient.<anonymous> (file:///Users/salihozgen/Desktop/psikolog-projesi/node_modules/@whiskeysockets/baileys/lib/Socket/socket.js:780:13)\n    at WebSocketClient.emit (node:events:518:28)\n    at file:///Users/salihozgen/Desktop/psikolog-projesi/node_modules/@whiskeysockets/baileys/lib/Socket/socket.js:464:35\n    at Object.decodeFrame (file:///Users/salihozgen/Desktop/psikolog-projesi/node_modules/@whiskeysockets/baileys/lib/Utils/noise-handler.js:141:17)\n    at process.processTicksAndRejections (node:internal/process/task_queues:105:5)\n    at async WebSocketClient.onMessageReceived (file:///Users/salihozgen/Desktop/psikolog-projesi/node_modules/@whiskeysockets/baileys/lib/Socket/socket.js:441:9)","msg":"connection errored"}
[WhatsApp] Bot süreci başlatılıyor...
{"level":30,"time":1774720554308,"pid":70310,"hostname":"Mac.home","browser":["Ubuntu","Chrome","122.0.0"],"helloMsg":{"clientHello":{"ephemeral":"I0e3KzSunjx5qBvPoUawScjw4Qh5ZWxW5R5jMiEZLjk="}},"msg":"connected to WA"}
{"level":30,"time":1774720554404,"pid":70310,"hostname":"Mac.home","node":{"username":"905333559848","passive":true,"userAgent":{"platform":"WEB","appVersion":{"primary":2,"secondary":3000,"tertiary":1035194821},"mcc":"000","mnc":"000","osVersion":"0.1","device":"Desktop","osBuildNumber":"0.1","releaseChannel":"RELEASE","localeLanguageIso6391":"en","localeCountryIso31661Alpha2":"US"},"webInfo":{"webSubPlatform":"WEB_BROWSER"},"connectType":"WIFI_UNKNOWN","connectReason":"USER_ACTIVATED","device":2,"pull":true,"lidDbMigrated":false},"msg":"logging in..."}
{"level":30,"time":1774720555224,"pid":70310,"hostname":"Mac.home","msg":"5 pre-keys found on server"}
{"level":30,"time":1774720555224,"pid":70310,"hostname":"Mac.home","msg":"Current prekey ID: 1957, exists in storage: true"}
{"level":30,"time":1774720555224,"pid":70310,"hostname":"Mac.home","msg":"Uploading PreKeys due to: server count low (5)"}
{"level":30,"time":1774720555224,"pid":70310,"hostname":"Mac.home","count":5,"retryCount":0,"msg":"uploading pre-keys"}
{"level":30,"time":1774720555917,"pid":70310,"hostname":"Mac.home","count":5,"msg":"uploaded pre-keys successfully"}
{"level":30,"time":1774720556157,"pid":70310,"hostname":"Mac.home","msg":"handled 0 offline messages/notifications"}
{"level":30,"time":1774720556157,"pid":70310,"hostname":"Mac.home","msg":"Connection is now AwaitingInitialSync, buffering events"}
{"level":30,"time":1774720556157,"pid":70310,"hostname":"Mac.home","msg":"History sync is disabled by config, not waiting for notification. Transitioning to Online."}
{"level":30,"time":1774720556415,"pid":70310,"hostname":"Mac.home","msg":"opened connection to WA"}
[WhatsApp] ✅ Bağlantı başarılı!
{"level":30,"time":1774720556419,"pid":70310,"hostname":"Mac.home","myPN":"905333559848:2@s.whatsapp.net","myLID":"129879995613400:2@lid","msg":"Own LID session created successfully"}
{"level":50,"time":1774720560795,"pid":70310,"hostname":"Mac.home","reasonNode":{"tag":"conflict","attrs":{"type":"replaced"}},"fullErrorNode":{"tag":"stream:error","attrs":{},"content":[{"tag":"conflict","attrs":{"type":"replaced"}}]},"msg":"stream errored out"}
{"level":30,"time":1774720560796,"pid":70310,"hostname":"Mac.home","trace":"Error: Stream Errored (conflict)\n    at WebSocketClient.<anonymous> (file:///Users/salihozgen/Desktop/psikolog-projesi/node_modules/@whiskeysockets/baileys/lib/Socket/socket.js:780:13)\n    at WebSocketClient.emit (node:events:518:28)\n    at file:///Users/salihozgen/Desktop/psikolog-projesi/node_modules/@whiskeysockets/baileys/lib/Socket/socket.js:464:35\n    at Object.decodeFrame (file:///Users/salihozgen/Desktop/psikolog-projesi/node_modules/@whiskeysockets/baileys/lib/Utils/noise-handler.js:141:17)\n    at process.processTicksAndRejections (node:internal/process/task_queues:105:5)\n    at async WebSocketClient.onMessageReceived (file:///Users/salihozgen/Desktop/psikolog-projesi/node_modules/@whiskeysockets/baileys/lib/Socket/socket.js:441:9)","msg":"connection errored"}
[WhatsApp] Bot süreci başlatılıyor...
{"level":30,"time":1774720566071,"pid":70310,"hostname":"Mac.home","browser":["Ubuntu","Chrome","122.0.0"],"helloMsg":{"clientHello":{"ephemeral":"l87vZ4ghdfZmXX4u0bQnyfx7oq7H2URIZjidOiId/zU="}},"msg":"connected to WA"}
{"level":30,"time":1774720566172,"pid":70310,"hostname":"Mac.home","node":{"username":"905333559848","passive":true,"userAgent":{"platform":"WEB","appVersion":{"primary":2,"secondary":3000,"tertiary":1035194821},"mcc":"000","mnc":"000","osVersion":"0.1","device":"Desktop","osBuildNumber":"0.1","releaseChannel":"RELEASE","localeLanguageIso6391":"en","localeCountryIso31661Alpha2":"US"},"webInfo":{"webSubPlatform":"WEB_BROWSER"},"connectType":"WIFI_UNKNOWN","connectReason":"USER_ACTIVATED","device":2,"pull":true,"lidDbMigrated":false},"msg":"logging in..."}
{"level":30,"time":1774720566787,"pid":70310,"hostname":"Mac.home","msg":"5 pre-keys found on server"}
{"level":30,"time":1774720566787,"pid":70310,"hostname":"Mac.home","msg":"Current prekey ID: 1967, exists in storage: true"}
{"level":30,"time":1774720566787,"pid":70310,"hostname":"Mac.home","msg":"Uploading PreKeys due to: server count low (5)"}
{"level":30,"time":1774720566787,"pid":70310,"hostname":"Mac.home","count":5,"retryCount":0,"msg":"uploading pre-keys"}
{"level":30,"time":1774720567506,"pid":70310,"hostname":"Mac.home","count":5,"msg":"uploaded pre-keys successfully"}
{"level":30,"time":1774720567752,"pid":70310,"hostname":"Mac.home","msg":"handled 0 offline messages/notifications"}
{"level":30,"time":1774720567752,"pid":70310,"hostname":"Mac.home","msg":"Connection is now AwaitingInitialSync, buffering events"}
{"level":30,"time":1774720567752,"pid":70310,"hostname":"Mac.home","msg":"History sync is disabled by config, not waiting for notification. Transitioning to Online."}
{"level":30,"time":1774720568036,"pid":70310,"hostname":"Mac.home","msg":"opened connection to WA"}
[WhatsApp] ✅ Bağlantı başarılı!
{"level":30,"time":1774720568040,"pid":70310,"hostname":"Mac.home","myPN":"905333559848:2@s.whatsapp.net","myLID":"129879995613400:2@lid","msg":"Own LID session created successfully"}
{"level":50,"time":1774720572150,"pid":70310,"hostname":"Mac.home","reasonNode":{"tag":"conflict","attrs":{"type":"replaced"}},"fullErrorNode":{"tag":"stream:error","attrs":{},"content":[{"tag":"conflict","attrs":{"type":"replaced"}}]},"msg":"stream errored out"}
{"level":30,"time":1774720572150,"pid":70310,"hostname":"Mac.home","trace":"Error: Stream Errored (conflict)\n    at WebSocketClient.<anonymous> (file:///Users/salihozgen/Desktop/psikolog-projesi/node_modules/@whiskeysockets/baileys/lib/Socket/socket.js:780:13)\n    at WebSocketClient.emit (node:events:518:28)\n    at file:///Users/salihozgen/Desktop/psikolog-projesi/node_modules/@whiskeysockets/baileys/lib/Socket/socket.js:464:35\n    at Object.decodeFrame (file:///Users/salihozgen/Desktop/psikolog-projesi/node_modules/@whiskeysockets/baileys/lib/Utils/noise-handler.js:141:17)\n    at process.processTicksAndRejections (node:internal/process/task_queues:105:5)\n    at async WebSocketClient.onMessageReceived (file:///Users/salihozgen/Desktop/psikolog-projesi/node_modules/@whiskeysockets/baileys/lib/Socket/socket.js:441:9)","msg":"connection errored"}
[WhatsApp] Bot süreci başlatılıyor...
{"level":30,"time":1774720577858,"pid":70310,"hostname":"Mac.home","browser":["Ubuntu","Chrome","122.0.0"],"helloMsg":{"clientHello":{"ephemeral":"xxUSlzFlCB/F/Rw2ZsW+oMuBv8qsR0C9TVbpOYpE/nk="}},"msg":"connected to WA"}
{"level":30,"time":1774720578057,"pid":70310,"hostname":"Mac.home","node":{"username":"905333559848","passive":true,"userAgent":{"platform":"WEB","appVersion":{"primary":2,"secondary":3000,"tertiary":1035194821},"mcc":"000","mnc":"000","osVersion":"0.1","device":"Desktop","osBuildNumber":"0.1","releaseChannel":"RELEASE","localeLanguageIso6391":"en","localeCountryIso31661Alpha2":"US"},"webInfo":{"webSubPlatform":"WEB_BROWSER"},"connectType":"WIFI_UNKNOWN","connectReason":"USER_ACTIVATED","device":2,"pull":true,"lidDbMigrated":false},"msg":"logging in..."}
{"level":30,"time":1774720578537,"pid":70310,"hostname":"Mac.home","msg":"5 pre-keys found on server"}
{"level":30,"time":1774720578537,"pid":70310,"hostname":"Mac.home","msg":"Current prekey ID: 1977, exists in storage: true"}
{"level":30,"time":1774720578537,"pid":70310,"hostname":"Mac.home","msg":"Uploading PreKeys due to: server count low (5)"}
{"level":30,"time":1774720578537,"pid":70310,"hostname":"Mac.home","count":5,"retryCount":0,"msg":"uploading pre-keys"}
{"level":30,"time":1774720578890,"pid":70310,"hostname":"Mac.home","count":5,"msg":"uploaded pre-keys successfully"}
{"level":30,"time":1774720579131,"pid":70310,"hostname":"Mac.home","msg":"handled 0 offline messages/notifications"}
{"level":30,"time":1774720579131,"pid":70310,"hostname":"Mac.home","msg":"Connection is now AwaitingInitialSync, buffering events"}
{"level":30,"time":1774720579131,"pid":70310,"hostname":"Mac.home","msg":"History sync is disabled by config, not waiting for notification. Transitioning to Online."}
{"level":30,"time":1774720579314,"pid":70310,"hostname":"Mac.home","msg":"opened connection to WA"}
[WhatsApp] ✅ Bağlantı başarılı!
{"level":30,"time":1774720579318,"pid":70310,"hostname":"Mac.home","myPN":"905333559848:2@s.whatsapp.net","myLID":"129879995613400:2@lid","msg":"Own LID session created successfully"}
{"level":50,"time":1774720584460,"pid":70310,"hostname":"Mac.home","reasonNode":{"tag":"conflict","attrs":{"type":"replaced"}},"fullErrorNode":{"tag":"stream:error","attrs":{},"content":[{"tag":"conflict","attrs":{"type":"replaced"}}]},"msg":"stream errored out"}
{"level":30,"time":1774720584461,"pid":70310,"hostname":"Mac.home","trace":"Error: Stream Errored (conflict)\n    at WebSocketClient.<anonymous> (file:///Users/salihozgen/Desktop/psikolog-projesi/node_modules/@whiskeysockets/baileys/lib/Socket/socket.js:780:13)\n    at WebSocketClient.emit (node:events:518:28)\n    at file:///Users/salihozgen/Desktop/psikolog-projesi/node_modules/@whiskeysockets/baileys/lib/Socket/socket.js:464:35\n    at Object.decodeFrame (file:///Users/salihozgen/Desktop/psikolog-projesi/node_modules/@whiskeysockets/baileys/lib/Utils/noise-handler.js:141:17)\n    at process.processTicksAndRejections (node:internal/process/task_queues:105:5)\n    at async WebSocketClient.onMessageReceived (file:///Users/salihozgen/Desktop/psikolog-projesi/node_modules/@whiskeysockets/baileys/lib/Socket/socket.js:441:9)","msg":"connection errored"}
[WhatsApp] Bot süreci başlatılıyor...
{"level":30,"time":1774720589847,"pid":70310,"hostname":"Mac.home","browser":["Ubuntu","Chrome","122.0.0"],"helloMsg":{"clientHello":{"ephemeral":"tHBwedYEjqnS1cGYCj4xTiuV2xI8FWBxmvbZZDdXq2Q="}},"msg":"connected to WA"}
{"level":30,"time":1774720590042,"pid":70310,"hostname":"Mac.home","node":{"username":"905333559848","passive":true,"userAgent":{"platform":"WEB","appVersion":{"primary":2,"secondary":3000,"tertiary":1035194821},"mcc":"000","mnc":"000","osVersion":"0.1","device":"Desktop","osBuildNumber":"0.1","releaseChannel":"RELEASE","localeLanguageIso6391":"en","localeCountryIso31661Alpha2":"US"},"webInfo":{"webSubPlatform":"WEB_BROWSER"},"connectType":"WIFI_UNKNOWN","connectReason":"USER_ACTIVATED","device":2,"pull":true,"lidDbMigrated":false},"msg":"logging in..."}
{"level":30,"time":1774720590507,"pid":70310,"hostname":"Mac.home","msg":"5 pre-keys found on server"}
{"level":30,"time":1774720590507,"pid":70310,"hostname":"Mac.home","msg":"Current prekey ID: 1987, exists in storage: true"}
{"level":30,"time":1774720590507,"pid":70310,"hostname":"Mac.home","msg":"Uploading PreKeys due to: server count low (5)"}
{"level":30,"time":1774720590507,"pid":70310,"hostname":"Mac.home","count":5,"retryCount":0,"msg":"uploading pre-keys"}
{"level":30,"time":1774720590853,"pid":70310,"hostname":"Mac.home","count":5,"msg":"uploaded pre-keys successfully"}
{"level":30,"time":1774720591092,"pid":70310,"hostname":"Mac.home","msg":"handled 0 offline messages/notifications"}
{"level":30,"time":1774720591092,"pid":70310,"hostname":"Mac.home","msg":"Connection is now AwaitingInitialSync, buffering events"}
{"level":30,"time":1774720591093,"pid":70310,"hostname":"Mac.home","msg":"History sync is disabled by config, not waiting for notification. Transitioning to Online."}
{"level":30,"time":1774720591273,"pid":70310,"hostname":"Mac.home","msg":"opened connection to WA"}
[WhatsApp] ✅ Bağlantı başarılı!
{"level":30,"time":1774720591287,"pid":70310,"hostname":"Mac.home","myPN":"905333559848:2@s.whatsapp.net","myLID":"129879995613400:2@lid","msg":"Own LID session created successfully"}
{"level":50,"time":1774720596067,"pid":70310,"hostname":"Mac.home","reasonNode":{"tag":"conflict","attrs":{"type":"replaced"}},"fullErrorNode":{"tag":"stream:error","attrs":{},"content":[{"tag":"conflict","attrs":{"type":"replaced"}}]},"msg":"stream errored out"}
{"level":30,"time":1774720596068,"pid":70310,"hostname":"Mac.home","trace":"Error: Stream Errored (conflict)\n    at WebSocketClient.<anonymous> (file:///Users/salihozgen/Desktop/psikolog-projesi/node_modules/@whiskeysockets/baileys/lib/Socket/socket.js:780:13)\n    at WebSocketClient.emit (node:events:518:28)\n    at file:///Users/salihozgen/Desktop/psikolog-projesi/node_modules/@whiskeysockets/baileys/lib/Socket/socket.js:464:35\n    at Object.decodeFrame (file:///Users/salihozgen/Desktop/psikolog-projesi/node_modules/@whiskeysockets/baileys/lib/Utils/noise-handler.js:141:17)\n    at process.processTicksAndRejections (node:internal/process/task_queues:105:5)\n    at async WebSocketClient.onMessageReceived (file:///Users/salihozgen/Desktop/psikolog-projesi/node_modules/@whiskeysockets/baileys/lib/Socket/socket.js:441:9)","msg":"connection errored"}
[WhatsApp] Bot süreci başlatılıyor...
{"level":30,"time":1774720601411,"pid":70310,"hostname":"Mac.home","browser":["Ubuntu","Chrome","122.0.0"],"helloMsg":{"clientHello":{"ephemeral":"jnDtrdjC0gevbSyc33IjHRrqEoTFXKewcXgA2yYyrQ0="}},"msg":"connected to WA"}
{"level":30,"time":1774720601568,"pid":70310,"hostname":"Mac.home","node":{"username":"905333559848","passive":true,"userAgent":{"platform":"WEB","appVersion":{"primary":2,"secondary":3000,"tertiary":1035194821},"mcc":"000","mnc":"000","osVersion":"0.1","device":"Desktop","osBuildNumber":"0.1","releaseChannel":"RELEASE","localeLanguageIso6391":"en","localeCountryIso31661Alpha2":"US"},"webInfo":{"webSubPlatform":"WEB_BROWSER"},"connectType":"WIFI_UNKNOWN","connectReason":"USER_ACTIVATED","device":2,"pull":true,"lidDbMigrated":false},"msg":"logging in..."}
{"level":30,"time":1774720601898,"pid":70310,"hostname":"Mac.home","msg":"5 pre-keys found on server"}
{"level":30,"time":1774720601898,"pid":70310,"hostname":"Mac.home","msg":"Current prekey ID: 1997, exists in storage: true"}
{"level":30,"time":1774720601898,"pid":70310,"hostname":"Mac.home","msg":"Uploading PreKeys due to: server count low (5)"}
{"level":30,"time":1774720601898,"pid":70310,"hostname":"Mac.home","count":5,"retryCount":0,"msg":"uploading pre-keys"}
{"level":30,"time":1774720602119,"pid":70310,"hostname":"Mac.home","count":5,"msg":"uploaded pre-keys successfully"}
{"level":30,"time":1774720602267,"pid":70310,"hostname":"Mac.home","msg":"handled 0 offline messages/notifications"}
{"level":30,"time":1774720602267,"pid":70310,"hostname":"Mac.home","msg":"Connection is now AwaitingInitialSync, buffering events"}
{"level":30,"time":1774720602267,"pid":70310,"hostname":"Mac.home","msg":"History sync is disabled by config, not waiting for notification. Transitioning to Online."}
{"level":30,"time":1774720602424,"pid":70310,"hostname":"Mac.home","msg":"opened connection to WA"}
[WhatsApp] ✅ Bağlantı başarılı!
{"level":30,"time":1774720602438,"pid":70310,"hostname":"Mac.home","myPN":"905333559848:2@s.whatsapp.net","myLID":"129879995613400:2@lid","msg":"Own LID session created successfully"}
{"level":50,"time":1774720607857,"pid":70310,"hostname":"Mac.home","reasonNode":{"tag":"conflict","attrs":{"type":"replaced"}},"fullErrorNode":{"tag":"stream:error","attrs":{},"content":[{"tag":"conflict","attrs":{"type":"replaced"}}]},"msg":"stream errored out"}
{"level":30,"time":1774720607858,"pid":70310,"hostname":"Mac.home","trace":"Error: Stream Errored (conflict)\n    at WebSocketClient.<anonymous> (file:///Users/salihozgen/Desktop/psikolog-projesi/node_modules/@whiskeysockets/baileys/lib/Socket/socket.js:780:13)\n    at WebSocketClient.emit (node:events:518:28)\n    at file:///Users/salihozgen/Desktop/psikolog-projesi/node_modules/@whiskeysockets/baileys/lib/Socket/socket.js:464:35\n    at Object.decodeFrame (file:///Users/salihozgen/Desktop/psikolog-projesi/node_modules/@whiskeysockets/baileys/lib/Utils/noise-handler.js:141:17)\n    at process.processTicksAndRejections (node:internal/process/task_queues:105:5)\n    at async WebSocketClient.onMessageReceived (file:///Users/salihozgen/Desktop/psikolog-projesi/node_modules/@whiskeysockets/baileys/lib/Socket/socket.js:441:9)","msg":"connection errored"}
[WhatsApp] Bot süreci başlatılıyor...
{"level":30,"time":1774720613259,"pid":70310,"hostname":"Mac.home","browser":["Ubuntu","Chrome","122.0.0"],"helloMsg":{"clientHello":{"ephemeral":"ew1CmFTfeHIRTLiRDWZePEQZryqjVzGgefOZ1QZJ3XM="}},"msg":"connected to WA"}
{"level":30,"time":1774720613474,"pid":70310,"hostname":"Mac.home","node":{"username":"905333559848","passive":true,"userAgent":{"platform":"WEB","appVersion":{"primary":2,"secondary":3000,"tertiary":1035194821},"mcc":"000","mnc":"000","osVersion":"0.1","device":"Desktop","osBuildNumber":"0.1","releaseChannel":"RELEASE","localeLanguageIso6391":"en","localeCountryIso31661Alpha2":"US"},"webInfo":{"webSubPlatform":"WEB_BROWSER"},"connectType":"WIFI_UNKNOWN","connectReason":"USER_ACTIVATED","device":2,"pull":true,"lidDbMigrated":false},"msg":"logging in..."}
{"level":30,"time":1774720614013,"pid":70310,"hostname":"Mac.home","msg":"5 pre-keys found on server"}
{"level":30,"time":1774720614013,"pid":70310,"hostname":"Mac.home","msg":"Current prekey ID: 2007, exists in storage: true"}
{"level":30,"time":1774720614013,"pid":70310,"hostname":"Mac.home","msg":"Uploading PreKeys due to: server count low (5)"}
{"level":30,"time":1774720614013,"pid":70310,"hostname":"Mac.home","count":5,"retryCount":0,"msg":"uploading pre-keys"}
{"level":30,"time":1774720614441,"pid":70310,"hostname":"Mac.home","count":5,"msg":"uploaded pre-keys successfully"}
{"level":30,"time":1774720614709,"pid":70310,"hostname":"Mac.home","msg":"handled 0 offline messages/notifications"}
{"level":30,"time":1774720614709,"pid":70310,"hostname":"Mac.home","msg":"Connection is now AwaitingInitialSync, buffering events"}
{"level":30,"time":1774720614709,"pid":70310,"hostname":"Mac.home","msg":"History sync is disabled by config, not waiting for notification. Transitioning to Online."}
{"level":30,"time":1774720614911,"pid":70310,"hostname":"Mac.home","msg":"opened connection to WA"}
[WhatsApp] ✅ Bağlantı başarılı!
{"level":30,"time":1774720614927,"pid":70310,"hostname":"Mac.home","myPN":"905333559848:2@s.whatsapp.net","myLID":"129879995613400:2@lid","msg":"Own LID session created successfully"}
{"level":50,"time":1774720619683,"pid":70310,"hostname":"Mac.home","reasonNode":{"tag":"conflict","attrs":{"type":"replaced"}},"fullErrorNode":{"tag":"stream:error","attrs":{},"content":[{"tag":"conflict","attrs":{"type":"replaced"}}]},"msg":"stream errored out"}
{"level":30,"time":1774720619684,"pid":70310,"hostname":"Mac.home","trace":"Error: Stream Errored (conflict)\n    at WebSocketClient.<anonymous> (file:///Users/salihozgen/Desktop/psikolog-projesi/node_modules/@whiskeysockets/baileys/lib/Socket/socket.js:780:13)\n    at WebSocketClient.emit (node:events:518:28)\n    at file:///Users/salihozgen/Desktop/psikolog-projesi/node_modules/@whiskeysockets/baileys/lib/Socket/socket.js:464:35\n    at Object.decodeFrame (file:///Users/salihozgen/Desktop/psikolog-projesi/node_modules/@whiskeysockets/baileys/lib/Utils/noise-handler.js:141:17)\n    at process.processTicksAndRejections (node:internal/process/task_queues:105:5)\n    at async WebSocketClient.onMessageReceived (file:///Users/salihozgen/Desktop/psikolog-projesi/node_modules/@whiskeysockets/baileys/lib/Socket/socket.js:441:9)","msg":"connection errored"}
[WhatsApp] Bot süreci başlatılıyor...
{"level":30,"time":1774720625030,"pid":70310,"hostname":"Mac.home","browser":["Ubuntu","Chrome","122.0.0"],"helloMsg":{"clientHello":{"ephemeral":"x9QgzAIFrVWFUGwX6rgVzbyBmYWK6+xS2Ggm/niDGSc="}},"msg":"connected to WA"}
{"level":30,"time":1774720625194,"pid":70310,"hostname":"Mac.home","node":{"username":"905333559848","passive":true,"userAgent":{"platform":"WEB","appVersion":{"primary":2,"secondary":3000,"tertiary":1035194821},"mcc":"000","mnc":"000","osVersion":"0.1","device":"Desktop","osBuildNumber":"0.1","releaseChannel":"RELEASE","localeLanguageIso6391":"en","localeCountryIso31661Alpha2":"US"},"webInfo":{"webSubPlatform":"WEB_BROWSER"},"connectType":"WIFI_UNKNOWN","connectReason":"USER_ACTIVATED","device":2,"pull":true,"lidDbMigrated":false},"msg":"logging in..."}
{"level":30,"time":1774720625544,"pid":70310,"hostname":"Mac.home","msg":"5 pre-keys found on server"}
{"level":30,"time":1774720625544,"pid":70310,"hostname":"Mac.home","msg":"Current prekey ID: 2017, exists in storage: true"}
{"level":30,"time":1774720625544,"pid":70310,"hostname":"Mac.home","msg":"Uploading PreKeys due to: server count low (5)"}
{"level":30,"time":1774720625544,"pid":70310,"hostname":"Mac.home","count":5,"retryCount":0,"msg":"uploading pre-keys"}
{"level":30,"time":1774720625790,"pid":70310,"hostname":"Mac.home","count":5,"msg":"uploaded pre-keys successfully"}
{"level":30,"time":1774720625948,"pid":70310,"hostname":"Mac.home","msg":"handled 0 offline messages/notifications"}
{"level":30,"time":1774720625948,"pid":70310,"hostname":"Mac.home","msg":"Connection is now AwaitingInitialSync, buffering events"}
{"level":30,"time":1774720625949,"pid":70310,"hostname":"Mac.home","msg":"History sync is disabled by config, not waiting for notification. Transitioning to Online."}
{"level":30,"time":1774720626113,"pid":70310,"hostname":"Mac.home","msg":"opened connection to WA"}
[WhatsApp] ✅ Bağlantı başarılı!
{"level":30,"time":1774720626125,"pid":70310,"hostname":"Mac.home","myPN":"905333559848:2@s.whatsapp.net","myLID":"129879995613400:2@lid","msg":"Own LID session created successfully"}
{"level":50,"time":1774720631193,"pid":70310,"hostname":"Mac.home","reasonNode":{"tag":"conflict","attrs":{"type":"replaced"}},"fullErrorNode":{"tag":"stream:error","attrs":{},"content":[{"tag":"conflict","attrs":{"type":"replaced"}}]},"msg":"stream errored out"}
{"level":30,"time":1774720631193,"pid":70310,"hostname":"Mac.home","trace":"Error: Stream Errored (conflict)\n    at WebSocketClient.<anonymous> (file:///Users/salihozgen/Desktop/psikolog-projesi/node_modules/@whiskeysockets/baileys/lib/Socket/socket.js:780:13)\n    at WebSocketClient.emit (node:events:518:28)\n    at file:///Users/salihozgen/Desktop/psikolog-projesi/node_modules/@whiskeysockets/baileys/lib/Socket/socket.js:464:35\n    at Object.decodeFrame (file:///Users/salihozgen/Desktop/psikolog-projesi/node_modules/@whiskeysockets/baileys/lib/Utils/noise-handler.js:141:17)\n    at process.processTicksAndRejections (node:internal/process/task_queues:105:5)\n    at async WebSocketClient.onMessageReceived (file:///Users/salihozgen/Desktop/psikolog-projesi/node_modules/@whiskeysockets/baileys/lib/Socket/socket.js:441:9)","msg":"connection errored"}
[WhatsApp] Bot süreci başlatılıyor...
{"level":30,"time":1774720636532,"pid":70310,"hostname":"Mac.home","browser":["Ubuntu","Chrome","122.0.0"],"helloMsg":{"clientHello":{"ephemeral":"la22YKNc4kaCIVJl9sGtMtoSFMNSm1B3o9FprhEdLy0="}},"msg":"connected to WA"}
{"level":30,"time":1774720636691,"pid":70310,"hostname":"Mac.home","node":{"username":"905333559848","passive":true,"userAgent":{"platform":"WEB","appVersion":{"primary":2,"secondary":3000,"tertiary":1035194821},"mcc":"000","mnc":"000","osVersion":"0.1","device":"Desktop","osBuildNumber":"0.1","releaseChannel":"RELEASE","localeLanguageIso6391":"en","localeCountryIso31661Alpha2":"US"},"webInfo":{"webSubPlatform":"WEB_BROWSER"},"connectType":"WIFI_UNKNOWN","connectReason":"USER_ACTIVATED","device":2,"pull":true,"lidDbMigrated":false},"msg":"logging in..."}
{"level":30,"time":1774720637018,"pid":70310,"hostname":"Mac.home","msg":"5 pre-keys found on server"}
{"level":30,"time":1774720637018,"pid":70310,"hostname":"Mac.home","msg":"Current prekey ID: 2027, exists in storage: true"}
{"level":30,"time":1774720637018,"pid":70310,"hostname":"Mac.home","msg":"Uploading PreKeys due to: server count low (5)"}
{"level":30,"time":1774720637018,"pid":70310,"hostname":"Mac.home","count":5,"retryCount":0,"msg":"uploading pre-keys"}
{"level":30,"time":1774720637243,"pid":70310,"hostname":"Mac.home","count":5,"msg":"uploaded pre-keys successfully"}
{"level":30,"time":1774720637395,"pid":70310,"hostname":"Mac.home","msg":"handled 0 offline messages/notifications"}
{"level":30,"time":1774720637395,"pid":70310,"hostname":"Mac.home","msg":"Connection is now AwaitingInitialSync, buffering events"}
{"level":30,"time":1774720637396,"pid":70310,"hostname":"Mac.home","msg":"History sync is disabled by config, not waiting for notification. Transitioning to Online."}
{"level":30,"time":1774720637556,"pid":70310,"hostname":"Mac.home","msg":"opened connection to WA"}
[WhatsApp] ✅ Bağlantı başarılı!
{"level":30,"time":1774720637572,"pid":70310,"hostname":"Mac.home","myPN":"905333559848:2@s.whatsapp.net","myLID":"129879995613400:2@lid","msg":"Own LID session created successfully"}
{"level":50,"time":1774720642791,"pid":70310,"hostname":"Mac.home","reasonNode":{"tag":"conflict","attrs":{"type":"replaced"}},"fullErrorNode":{"tag":"stream:error","attrs":{},"content":[{"tag":"conflict","attrs":{"type":"replaced"}}]},"msg":"stream errored out"}
{"level":30,"time":1774720642792,"pid":70310,"hostname":"Mac.home","trace":"Error: Stream Errored (conflict)\n    at WebSocketClient.<anonymous> (file:///Users/salihozgen/Desktop/psikolog-projesi/node_modules/@whiskeysockets/baileys/lib/Socket/socket.js:780:13)\n    at WebSocketClient.emit (node:events:518:28)\n    at file:///Users/salihozgen/Desktop/psikolog-projesi/node_modules/@whiskeysockets/baileys/lib/Socket/socket.js:464:35\n    at Object.decodeFrame (file:///Users/salihozgen/Desktop/psikolog-projesi/node_modules/@whiskeysockets/baileys/lib/Utils/noise-handler.js:141:17)\n    at process.processTicksAndRejections (node:internal/process/task_queues:105:5)\n    at async WebSocketClient.onMessageReceived (file:///Users/salihozgen/Desktop/psikolog-projesi/node_modules/@whiskeysockets/baileys/lib/Socket/socket.js:441:9)","msg":"connection errored"}
[WhatsApp] Bot süreci başlatılıyor...
{"level":30,"time":1774720648391,"pid":70310,"hostname":"Mac.home","browser":["Ubuntu","Chrome","122.0.0"],"helloMsg":{"clientHello":{"ephemeral":"GLcagExPA0BfnBOnk3+G+ITaO+GRXMEu2Z4kdUyO3no="}},"msg":"connected to WA"}
{"level":30,"time":1774720648556,"pid":70310,"hostname":"Mac.home","node":{"username":"905333559848","passive":true,"userAgent":{"platform":"WEB","appVersion":{"primary":2,"secondary":3000,"tertiary":1035194821},"mcc":"000","mnc":"000","osVersion":"0.1","device":"Desktop","osBuildNumber":"0.1","releaseChannel":"RELEASE","localeLanguageIso6391":"en","localeCountryIso31661Alpha2":"US"},"webInfo":{"webSubPlatform":"WEB_BROWSER"},"connectType":"WIFI_UNKNOWN","connectReason":"USER_ACTIVATED","device":2,"pull":true,"lidDbMigrated":false},"msg":"logging in..."}
{"level":30,"time":1774720648876,"pid":70310,"hostname":"Mac.home","msg":"5 pre-keys found on server"}
{"level":30,"time":1774720648876,"pid":70310,"hostname":"Mac.home","msg":"Current prekey ID: 2037, exists in storage: true"}
{"level":30,"time":1774720648876,"pid":70310,"hostname":"Mac.home","msg":"Uploading PreKeys due to: server count low (5)"}
{"level":30,"time":1774720648876,"pid":70310,"hostname":"Mac.home","count":5,"retryCount":0,"msg":"uploading pre-keys"}
{"level":30,"time":1774720649076,"pid":70310,"hostname":"Mac.home","count":5,"msg":"uploaded pre-keys successfully"}
{"level":30,"time":1774720649288,"pid":70310,"hostname":"Mac.home","msg":"handled 0 offline messages/notifications"}
{"level":30,"time":1774720649288,"pid":70310,"hostname":"Mac.home","msg":"Connection is now AwaitingInitialSync, buffering events"}
{"level":30,"time":1774720649288,"pid":70310,"hostname":"Mac.home","msg":"History sync is disabled by config, not waiting for notification. Transitioning to Online."}
{"level":30,"time":1774720649388,"pid":70310,"hostname":"Mac.home","msg":"opened connection to WA"}
[WhatsApp] ✅ Bağlantı başarılı!
{"level":30,"time":1774720649403,"pid":70310,"hostname":"Mac.home","myPN":"905333559848:2@s.whatsapp.net","myLID":"129879995613400:2@lid","msg":"Own LID session created successfully"}
{"level":50,"time":1774720654563,"pid":70310,"hostname":"Mac.home","reasonNode":{"tag":"conflict","attrs":{"type":"replaced"}},"fullErrorNode":{"tag":"stream:error","attrs":{},"content":[{"tag":"conflict","attrs":{"type":"replaced"}}]},"msg":"stream errored out"}
{"level":30,"time":1774720654563,"pid":70310,"hostname":"Mac.home","trace":"Error: Stream Errored (conflict)\n    at WebSocketClient.<anonymous> (file:///Users/salihozgen/Desktop/psikolog-projesi/node_modules/@whiskeysockets/baileys/lib/Socket/socket.js:780:13)\n    at WebSocketClient.emit (node:events:518:28)\n    at file:///Users/salihozgen/Desktop/psikolog-projesi/node_modules/@whiskeysockets/baileys/lib/Socket/socket.js:464:35\n    at Object.decodeFrame (file:///Users/salihozgen/Desktop/psikolog-projesi/node_modules/@whiskeysockets/baileys/lib/Utils/noise-handler.js:141:17)\n    at process.processTicksAndRejections (node:internal/process/task_queues:105:5)\n    at async WebSocketClient.onMessageReceived (file:///Users/salihozgen/Desktop/psikolog-projesi/node_modules/@whiskeysockets/baileys/lib/Socket/socket.js:441:9)","msg":"connection errored"}
[WhatsApp] Bot süreci başlatılıyor...
{"level":30,"time":1774720659827,"pid":70310,"hostname":"Mac.home","browser":["Ubuntu","Chrome","122.0.0"],"helloMsg":{"clientHello":{"ephemeral":"TrWKcPDBbB4MhbaBkgc+FjU7/XuuW6xk+QZgZWlyoWA="}},"msg":"connected to WA"}
{"level":30,"time":1774720659905,"pid":70310,"hostname":"Mac.home","node":{"username":"905333559848","passive":true,"userAgent":{"platform":"WEB","appVersion":{"primary":2,"secondary":3000,"tertiary":1035194821},"mcc":"000","mnc":"000","osVersion":"0.1","device":"Desktop","osBuildNumber":"0.1","releaseChannel":"RELEASE","localeLanguageIso6391":"en","localeCountryIso31661Alpha2":"US"},"webInfo":{"webSubPlatform":"WEB_BROWSER"},"connectType":"WIFI_UNKNOWN","connectReason":"USER_ACTIVATED","device":2,"pull":true,"lidDbMigrated":false},"msg":"logging in..."}
{"level":30,"time":1774720660815,"pid":70310,"hostname":"Mac.home","msg":"5 pre-keys found on server"}
{"level":30,"time":1774720660815,"pid":70310,"hostname":"Mac.home","msg":"Current prekey ID: 2047, exists in storage: true"}
{"level":30,"time":1774720660815,"pid":70310,"hostname":"Mac.home","msg":"Uploading PreKeys due to: server count low (5)"}
{"level":30,"time":1774720660815,"pid":70310,"hostname":"Mac.home","count":5,"retryCount":0,"msg":"uploading pre-keys"}
{"level":30,"time":1774720661220,"pid":70310,"hostname":"Mac.home","count":5,"msg":"uploaded pre-keys successfully"}
{"level":30,"time":1774720661425,"pid":70310,"hostname":"Mac.home","msg":"handled 0 offline messages/notifications"}
{"level":30,"time":1774720661425,"pid":70310,"hostname":"Mac.home","msg":"Connection is now AwaitingInitialSync, buffering events"}
{"level":30,"time":1774720661425,"pid":70310,"hostname":"Mac.home","msg":"History sync is disabled by config, not waiting for notification. Transitioning to Online."}
{"level":30,"time":1774720661659,"pid":70310,"hostname":"Mac.home","msg":"opened connection to WA"}
[WhatsApp] ✅ Bağlantı başarılı!
{"level":30,"time":1774720661669,"pid":70310,"hostname":"Mac.home","myPN":"905333559848:2@s.whatsapp.net","myLID":"129879995613400:2@lid","msg":"Own LID session created successfully"}
{"level":50,"time":1774720665678,"pid":70310,"hostname":"Mac.home","reasonNode":{"tag":"conflict","attrs":{"type":"replaced"}},"fullErrorNode":{"tag":"stream:error","attrs":{},"content":[{"tag":"conflict","attrs":{"type":"replaced"}}]},"msg":"stream errored out"}
{"level":30,"time":1774720665679,"pid":70310,"hostname":"Mac.home","trace":"Error: Stream Errored (conflict)\n    at WebSocketClient.<anonymous> (file:///Users/salihozgen/Desktop/psikolog-projesi/node_modules/@whiskeysockets/baileys/lib/Socket/socket.js:780:13)\n    at WebSocketClient.emit (node:events:518:28)\n    at file:///Users/salihozgen/Desktop/psikolog-projesi/node_modules/@whiskeysockets/baileys/lib/Socket/socket.js:464:35\n    at Object.decodeFrame (file:///Users/salihozgen/Desktop/psikolog-projesi/node_modules/@whiskeysockets/baileys/lib/Utils/noise-handler.js:141:17)\n    at process.processTicksAndRejections (node:internal/process/task_queues:105:5)\n    at async WebSocketClient.onMessageReceived (file:///Users/salihozgen/Desktop/psikolog-projesi/node_modules/@whiskeysockets/baileys/lib/Socket/socket.js:441:9)","msg":"connection errored"}
[WhatsApp] Bot süreci başlatılıyor...
{"level":30,"time":1774720671143,"pid":70310,"hostname":"Mac.home","browser":["Ubuntu","Chrome","122.0.0"],"helloMsg":{"clientHello":{"ephemeral":"0FYjFDlSwuJTAeG6IyDUDHZpkgsZtH0a+xg/kckCdVg="}},"msg":"connected to WA"}
{"level":30,"time":1774720671307,"pid":70310,"hostname":"Mac.home","node":{"username":"905333559848","passive":true,"userAgent":{"platform":"WEB","appVersion":{"primary":2,"secondary":3000,"tertiary":1035194821},"mcc":"000","mnc":"000","osVersion":"0.1","device":"Desktop","osBuildNumber":"0.1","releaseChannel":"RELEASE","localeLanguageIso6391":"en","localeCountryIso31661Alpha2":"US"},"webInfo":{"webSubPlatform":"WEB_BROWSER"},"connectType":"WIFI_UNKNOWN","connectReason":"USER_ACTIVATED","device":2,"pull":true,"lidDbMigrated":false},"msg":"logging in..."}
{"level":30,"time":1774720671626,"pid":70310,"hostname":"Mac.home","msg":"5 pre-keys found on server"}
{"level":30,"time":1774720671626,"pid":70310,"hostname":"Mac.home","msg":"Current prekey ID: 2057, exists in storage: true"}
{"level":30,"time":1774720671626,"pid":70310,"hostname":"Mac.home","msg":"Uploading PreKeys due to: server count low (5)"}
{"level":30,"time":1774720671626,"pid":70310,"hostname":"Mac.home","count":5,"retryCount":0,"msg":"uploading pre-keys"}
{"level":30,"time":1774720671827,"pid":70310,"hostname":"Mac.home","count":5,"msg":"uploaded pre-keys successfully"}
{"level":30,"time":1774720672036,"pid":70310,"hostname":"Mac.home","msg":"handled 0 offline messages/notifications"}
{"level":30,"time":1774720672036,"pid":70310,"hostname":"Mac.home","msg":"Connection is now AwaitingInitialSync, buffering events"}
{"level":30,"time":1774720672036,"pid":70310,"hostname":"Mac.home","msg":"History sync is disabled by config, not waiting for notification. Transitioning to Online."}
{"level":30,"time":1774720672141,"pid":70310,"hostname":"Mac.home","msg":"opened connection to WA"}
[WhatsApp] ✅ Bağlantı başarılı!
{"level":30,"time":1774720672153,"pid":70310,"hostname":"Mac.home","myPN":"905333559848:2@s.whatsapp.net","myLID":"129879995613400:2@lid","msg":"Own LID session created successfully"}
{"level":30,"time":1774720731323,"pid":70310,"hostname":"Mac.home","trace":"Error: Connection Terminated\n    at WebSocketClient.<anonymous> (file:///Users/salihozgen/Desktop/psikolog-projesi/node_modules/@whiskeysockets/baileys/lib/Socket/socket.js:679:30)\n    at WebSocketClient.emit (node:events:530:35)\n    at WebSocket.<anonymous> (file:///Users/salihozgen/Desktop/psikolog-projesi/node_modules/@whiskeysockets/baileys/lib/Socket/Client/websocket.js:35:54)\n    at WebSocket.emit (node:events:518:28)\n    at WebSocket.emitClose (/Users/salihozgen/Desktop/psikolog-projesi/node_modules/ws/lib/websocket.js:273:10)\n    at Receiver.receiverOnFinish (/Users/salihozgen/Desktop/psikolog-projesi/node_modules/ws/lib/websocket.js:1214:20)\n    at Receiver.emit (node:events:518:28)\n    at finish (node:internal/streams/writable:955:10)\n    at node:internal/streams/writable:936:13\n    at process.processTicksAndRejections (node:internal/process/task_queues:90:21)","msg":"connection errored"}
{"level":50,"time":1774720731324,"pid":70310,"hostname":"Mac.home","msg":"error in sending keep alive"}
[WhatsApp] Bot süreci başlatılıyor...
{"level":30,"time":1774720736690,"pid":70310,"hostname":"Mac.home","browser":["Ubuntu","Chrome","122.0.0"],"helloMsg":{"clientHello":{"ephemeral":"q+4+iOHtVPnJ91gJRlxpdtSipO84aYHiNZTSPcXPjyw="}},"msg":"connected to WA"}
{"level":30,"time":1774720736864,"pid":70310,"hostname":"Mac.home","node":{"username":"905333559848","passive":true,"userAgent":{"platform":"WEB","appVersion":{"primary":2,"secondary":3000,"tertiary":1035194821},"mcc":"000","mnc":"000","osVersion":"0.1","device":"Desktop","osBuildNumber":"0.1","releaseChannel":"RELEASE","localeLanguageIso6391":"en","localeCountryIso31661Alpha2":"US"},"webInfo":{"webSubPlatform":"WEB_BROWSER"},"connectType":"WIFI_UNKNOWN","connectReason":"USER_ACTIVATED","device":2,"pull":true,"lidDbMigrated":false},"msg":"logging in..."}
{"level":30,"time":1774720737270,"pid":70310,"hostname":"Mac.home","msg":"5 pre-keys found on server"}
{"level":30,"time":1774720737271,"pid":70310,"hostname":"Mac.home","msg":"Current prekey ID: 2067, exists in storage: true"}
{"level":30,"time":1774720737271,"pid":70310,"hostname":"Mac.home","msg":"Uploading PreKeys due to: server count low (5)"}
{"level":30,"time":1774720737271,"pid":70310,"hostname":"Mac.home","count":5,"retryCount":0,"msg":"uploading pre-keys"}
{"level":30,"time":1774720737575,"pid":70310,"hostname":"Mac.home","count":5,"msg":"uploaded pre-keys successfully"}
{"level":30,"time":1774720737765,"pid":70310,"hostname":"Mac.home","msg":"handled 0 offline messages/notifications"}
{"level":30,"time":1774720737765,"pid":70310,"hostname":"Mac.home","msg":"Connection is now AwaitingInitialSync, buffering events"}
{"level":30,"time":1774720737765,"pid":70310,"hostname":"Mac.home","msg":"History sync is disabled by config, not waiting for notification. Transitioning to Online."}
{"level":30,"time":1774720737935,"pid":70310,"hostname":"Mac.home","msg":"opened connection to WA"}
[WhatsApp] ✅ Bağlantı başarılı!
{"level":30,"time":1774720737949,"pid":70310,"hostname":"Mac.home","myPN":"905333559848:2@s.whatsapp.net","myLID":"129879995613400:2@lid","msg":"Own LID session created successfully"}
{"level":50,"time":1774720741301,"pid":70310,"hostname":"Mac.home","reasonNode":{"tag":"conflict","attrs":{"type":"replaced"}},"fullErrorNode":{"tag":"stream:error","attrs":{},"content":[{"tag":"conflict","attrs":{"type":"replaced"}}]},"msg":"stream errored out"}
{"level":30,"time":1774720741301,"pid":70310,"hostname":"Mac.home","trace":"Error: Stream Errored (conflict)\n    at WebSocketClient.<anonymous> (file:///Users/salihozgen/Desktop/psikolog-projesi/node_modules/@whiskeysockets/baileys/lib/Socket/socket.js:780:13)\n    at WebSocketClient.emit (node:events:518:28)\n    at file:///Users/salihozgen/Desktop/psikolog-projesi/node_modules/@whiskeysockets/baileys/lib/Socket/socket.js:464:35\n    at Object.decodeFrame (file:///Users/salihozgen/Desktop/psikolog-projesi/node_modules/@whiskeysockets/baileys/lib/Utils/noise-handler.js:141:17)\n    at process.processTicksAndRejections (node:internal/process/task_queues:105:5)\n    at async WebSocketClient.onMessageReceived (file:///Users/salihozgen/Desktop/psikolog-projesi/node_modules/@whiskeysockets/baileys/lib/Socket/socket.js:441:9)","msg":"connection errored"}
[WhatsApp] Bot süreci başlatılıyor...
{"level":30,"time":1774720746662,"pid":70310,"hostname":"Mac.home","browser":["Ubuntu","Chrome","122.0.0"],"helloMsg":{"clientHello":{"ephemeral":"6kW3/NPN+Uuh44XhE+4OEE30jhjfybg9TovKoyKtZC8="}},"msg":"connected to WA"}
{"level":30,"time":1774720746842,"pid":70310,"hostname":"Mac.home","node":{"username":"905333559848","passive":true,"userAgent":{"platform":"WEB","appVersion":{"primary":2,"secondary":3000,"tertiary":1035194821},"mcc":"000","mnc":"000","osVersion":"0.1","device":"Desktop","osBuildNumber":"0.1","releaseChannel":"RELEASE","localeLanguageIso6391":"en","localeCountryIso31661Alpha2":"US"},"webInfo":{"webSubPlatform":"WEB_BROWSER"},"connectType":"WIFI_UNKNOWN","connectReason":"USER_ACTIVATED","device":2,"pull":true,"lidDbMigrated":false},"msg":"logging in..."}
{"level":30,"time":1774720747254,"pid":70310,"hostname":"Mac.home","msg":"5 pre-keys found on server"}
{"level":30,"time":1774720747254,"pid":70310,"hostname":"Mac.home","msg":"Current prekey ID: 2077, exists in storage: true"}
{"level":30,"time":1774720747254,"pid":70310,"hostname":"Mac.home","msg":"Uploading PreKeys due to: server count low (5)"}
{"level":30,"time":1774720747254,"pid":70310,"hostname":"Mac.home","count":5,"retryCount":0,"msg":"uploading pre-keys"}
{"level":30,"time":1774720747556,"pid":70310,"hostname":"Mac.home","count":5,"msg":"uploaded pre-keys successfully"}
{"level":30,"time":1774720747752,"pid":70310,"hostname":"Mac.home","msg":"handled 0 offline messages/notifications"}
{"level":30,"time":1774720747752,"pid":70310,"hostname":"Mac.home","msg":"Connection is now AwaitingInitialSync, buffering events"}
{"level":30,"time":1774720747752,"pid":70310,"hostname":"Mac.home","msg":"History sync is disabled by config, not waiting for notification. Transitioning to Online."}
{"level":30,"time":1774720747929,"pid":70310,"hostname":"Mac.home","msg":"opened connection to WA"}
[WhatsApp] ✅ Bağlantı başarılı!
{"level":30,"time":1774720747940,"pid":70310,"hostname":"Mac.home","myPN":"905333559848:2@s.whatsapp.net","myLID":"129879995613400:2@lid","msg":"Own LID session created successfully"}
{"level":50,"time":1774720753102,"pid":70310,"hostname":"Mac.home","reasonNode":{"tag":"conflict","attrs":{"type":"replaced"}},"fullErrorNode":{"tag":"stream:error","attrs":{},"content":[{"tag":"conflict","attrs":{"type":"replaced"}}]},"msg":"stream errored out"}
{"level":30,"time":1774720753102,"pid":70310,"hostname":"Mac.home","trace":"Error: Stream Errored (conflict)\n    at WebSocketClient.<anonymous> (file:///Users/salihozgen/Desktop/psikolog-projesi/node_modules/@whiskeysockets/baileys/lib/Socket/socket.js:780:13)\n    at WebSocketClient.emit (node:events:518:28)\n    at file:///Users/salihozgen/Desktop/psikolog-projesi/node_modules/@whiskeysockets/baileys/lib/Socket/socket.js:464:35\n    at Object.decodeFrame (file:///Users/salihozgen/Desktop/psikolog-projesi/node_modules/@whiskeysockets/baileys/lib/Utils/noise-handler.js:141:17)\n    at process.processTicksAndRejections (node:internal/process/task_queues:105:5)\n    at async WebSocketClient.onMessageReceived (file:///Users/salihozgen/Desktop/psikolog-projesi/node_modules/@whiskeysockets/baileys/lib/Socket/socket.js:441:9)","msg":"connection errored"}
[WhatsApp] Bot süreci başlatılıyor...
{"level":30,"time":1774720758382,"pid":70310,"hostname":"Mac.home","browser":["Ubuntu","Chrome","122.0.0"],"helloMsg":{"clientHello":{"ephemeral":"CFqsV/jLaAED9z7q31IqDTOvelp5rghLFrI2W+t3Sy8="}},"msg":"connected to WA"}
{"level":30,"time":1774720758471,"pid":70310,"hostname":"Mac.home","node":{"username":"905333559848","passive":true,"userAgent":{"platform":"WEB","appVersion":{"primary":2,"secondary":3000,"tertiary":1035194821},"mcc":"000","mnc":"000","osVersion":"0.1","device":"Desktop","osBuildNumber":"0.1","releaseChannel":"RELEASE","localeLanguageIso6391":"en","localeCountryIso31661Alpha2":"US"},"webInfo":{"webSubPlatform":"WEB_BROWSER"},"connectType":"WIFI_UNKNOWN","connectReason":"USER_ACTIVATED","device":2,"pull":true,"lidDbMigrated":false},"msg":"logging in..."}
{"level":30,"time":1774720758993,"pid":70310,"hostname":"Mac.home","msg":"5 pre-keys found on server"}
{"level":30,"time":1774720758993,"pid":70310,"hostname":"Mac.home","msg":"Current prekey ID: 2087, exists in storage: true"}
{"level":30,"time":1774720758993,"pid":70310,"hostname":"Mac.home","msg":"Uploading PreKeys due to: server count low (5)"}
{"level":30,"time":1774720758993,"pid":70310,"hostname":"Mac.home","count":5,"retryCount":0,"msg":"uploading pre-keys"}
{"level":30,"time":1774720759566,"pid":70310,"hostname":"Mac.home","count":5,"msg":"uploaded pre-keys successfully"}
{"level":30,"time":1774720759760,"pid":70310,"hostname":"Mac.home","msg":"handled 0 offline messages/notifications"}
{"level":30,"time":1774720759760,"pid":70310,"hostname":"Mac.home","msg":"Connection is now AwaitingInitialSync, buffering events"}
{"level":30,"time":1774720759760,"pid":70310,"hostname":"Mac.home","msg":"History sync is disabled by config, not waiting for notification. Transitioning to Online."}
{"level":30,"time":1774720759818,"pid":70310,"hostname":"Mac.home","msg":"opened connection to WA"}
[WhatsApp] ✅ Bağlantı başarılı!
{"level":30,"time":1774720759821,"pid":70310,"hostname":"Mac.home","myPN":"905333559848:2@s.whatsapp.net","myLID":"129879995613400:2@lid","msg":"Own LID session created successfully"}
{"level":50,"time":1774720764575,"pid":70310,"hostname":"Mac.home","reasonNode":{"tag":"conflict","attrs":{"type":"replaced"}},"fullErrorNode":{"tag":"stream:error","attrs":{},"content":[{"tag":"conflict","attrs":{"type":"replaced"}}]},"msg":"stream errored out"}
{"level":30,"time":1774720764575,"pid":70310,"hostname":"Mac.home","trace":"Error: Stream Errored (conflict)\n    at WebSocketClient.<anonymous> (file:///Users/salihozgen/Desktop/psikolog-projesi/node_modules/@whiskeysockets/baileys/lib/Socket/socket.js:780:13)\n    at WebSocketClient.emit (node:events:518:28)\n    at file:///Users/salihozgen/Desktop/psikolog-projesi/node_modules/@whiskeysockets/baileys/lib/Socket/socket.js:464:35\n    at Object.decodeFrame (file:///Users/salihozgen/Desktop/psikolog-projesi/node_modules/@whiskeysockets/baileys/lib/Utils/noise-handler.js:141:17)\n    at process.processTicksAndRejections (node:internal/process/task_queues:105:5)\n    at async WebSocketClient.onMessageReceived (file:///Users/salihozgen/Desktop/psikolog-projesi/node_modules/@whiskeysockets/baileys/lib/Socket/socket.js:441:9)","msg":"connection errored"}
[WhatsApp] Bot süreci başlatılıyor...
{"level":30,"time":1774720769969,"pid":70310,"hostname":"Mac.home","browser":["Ubuntu","Chrome","122.0.0"],"helloMsg":{"clientHello":{"ephemeral":"6j7MaNVKjsEK4C02674AeIUjhGID/ARpdpvctJD32nA="}},"msg":"connected to WA"}
{"level":30,"time":1774720770182,"pid":70310,"hostname":"Mac.home","node":{"username":"905333559848","passive":true,"userAgent":{"platform":"WEB","appVersion":{"primary":2,"secondary":3000,"tertiary":1035194821},"mcc":"000","mnc":"000","osVersion":"0.1","device":"Desktop","osBuildNumber":"0.1","releaseChannel":"RELEASE","localeLanguageIso6391":"en","localeCountryIso31661Alpha2":"US"},"webInfo":{"webSubPlatform":"WEB_BROWSER"},"connectType":"WIFI_UNKNOWN","connectReason":"USER_ACTIVATED","device":2,"pull":true,"lidDbMigrated":false},"msg":"logging in..."}
{"level":30,"time":1774720770721,"pid":70310,"hostname":"Mac.home","msg":"5 pre-keys found on server"}
{"level":30,"time":1774720770721,"pid":70310,"hostname":"Mac.home","msg":"Current prekey ID: 2097, exists in storage: true"}
{"level":30,"time":1774720770721,"pid":70310,"hostname":"Mac.home","msg":"Uploading PreKeys due to: server count low (5)"}
{"level":30,"time":1774720770721,"pid":70310,"hostname":"Mac.home","count":5,"retryCount":0,"msg":"uploading pre-keys"}
{"level":30,"time":1774720771143,"pid":70310,"hostname":"Mac.home","count":5,"msg":"uploaded pre-keys successfully"}
{"level":30,"time":1774720771413,"pid":70310,"hostname":"Mac.home","msg":"handled 0 offline messages/notifications"}
{"level":30,"time":1774720771414,"pid":70310,"hostname":"Mac.home","msg":"Connection is now AwaitingInitialSync, buffering events"}
{"level":30,"time":1774720771414,"pid":70310,"hostname":"Mac.home","msg":"History sync is disabled by config, not waiting for notification. Transitioning to Online."}
{"level":30,"time":1774720771613,"pid":70310,"hostname":"Mac.home","msg":"opened connection to WA"}
[WhatsApp] ✅ Bağlantı başarılı!
{"level":30,"time":1774720771628,"pid":70310,"hostname":"Mac.home","myPN":"905333559848:2@s.whatsapp.net","myLID":"129879995613400:2@lid","msg":"Own LID session created successfully"}
{"level":50,"time":1774720776396,"pid":70310,"hostname":"Mac.home","reasonNode":{"tag":"conflict","attrs":{"type":"replaced"}},"fullErrorNode":{"tag":"stream:error","attrs":{},"content":[{"tag":"conflict","attrs":{"type":"replaced"}}]},"msg":"stream errored out"}
{"level":30,"time":1774720776396,"pid":70310,"hostname":"Mac.home","trace":"Error: Stream Errored (conflict)\n    at WebSocketClient.<anonymous> (file:///Users/salihozgen/Desktop/psikolog-projesi/node_modules/@whiskeysockets/baileys/lib/Socket/socket.js:780:13)\n    at WebSocketClient.emit (node:events:518:28)\n    at file:///Users/salihozgen/Desktop/psikolog-projesi/node_modules/@whiskeysockets/baileys/lib/Socket/socket.js:464:35\n    at Object.decodeFrame (file:///Users/salihozgen/Desktop/psikolog-projesi/node_modules/@whiskeysockets/baileys/lib/Utils/noise-handler.js:141:17)\n    at process.processTicksAndRejections (node:internal/process/task_queues:105:5)\n    at async WebSocketClient.onMessageReceived (file:///Users/salihozgen/Desktop/psikolog-projesi/node_modules/@whiskeysockets/baileys/lib/Socket/socket.js:441:9)","msg":"connection errored"}
[WhatsApp] Bot süreci başlatılıyor...
{"level":30,"time":1774720781757,"pid":70310,"hostname":"Mac.home","browser":["Ubuntu","Chrome","122.0.0"],"helloMsg":{"clientHello":{"ephemeral":"n47MO8UnjLOP7lxPGyVcoJtFwoYgOwpPiy166T6JvXQ="}},"msg":"connected to WA"}
{"level":30,"time":1774720781933,"pid":70310,"hostname":"Mac.home","node":{"username":"905333559848","passive":true,"userAgent":{"platform":"WEB","appVersion":{"primary":2,"secondary":3000,"tertiary":1035194821},"mcc":"000","mnc":"000","osVersion":"0.1","device":"Desktop","osBuildNumber":"0.1","releaseChannel":"RELEASE","localeLanguageIso6391":"en","localeCountryIso31661Alpha2":"US"},"webInfo":{"webSubPlatform":"WEB_BROWSER"},"connectType":"WIFI_UNKNOWN","connectReason":"USER_ACTIVATED","device":2,"pull":true,"lidDbMigrated":false},"msg":"logging in..."}
{"level":30,"time":1774720782336,"pid":70310,"hostname":"Mac.home","msg":"5 pre-keys found on server"}
{"level":30,"time":1774720782336,"pid":70310,"hostname":"Mac.home","msg":"Current prekey ID: 2107, exists in storage: true"}
{"level":30,"time":1774720782336,"pid":70310,"hostname":"Mac.home","msg":"Uploading PreKeys due to: server count low (5)"}
{"level":30,"time":1774720782336,"pid":70310,"hostname":"Mac.home","count":5,"retryCount":0,"msg":"uploading pre-keys"}
{"level":30,"time":1774720782637,"pid":70310,"hostname":"Mac.home","count":5,"msg":"uploaded pre-keys successfully"}
{"level":30,"time":1774720782830,"pid":70310,"hostname":"Mac.home","msg":"handled 0 offline messages/notifications"}
{"level":30,"time":1774720782831,"pid":70310,"hostname":"Mac.home","msg":"Connection is now AwaitingInitialSync, buffering events"}
{"level":30,"time":1774720782831,"pid":70310,"hostname":"Mac.home","msg":"History sync is disabled by config, not waiting for notification. Transitioning to Online."}
{"level":30,"time":1774720783007,"pid":70310,"hostname":"Mac.home","msg":"opened connection to WA"}
[WhatsApp] ✅ Bağlantı başarılı!
{"level":30,"time":1774720783018,"pid":70310,"hostname":"Mac.home","myPN":"905333559848:2@s.whatsapp.net","myLID":"129879995613400:2@lid","msg":"Own LID session created successfully"}
{"level":50,"time":1774720787892,"pid":70310,"hostname":"Mac.home","reasonNode":{"tag":"conflict","attrs":{"type":"replaced"}},"fullErrorNode":{"tag":"stream:error","attrs":{},"content":[{"tag":"conflict","attrs":{"type":"replaced"}}]},"msg":"stream errored out"}
{"level":30,"time":1774720787893,"pid":70310,"hostname":"Mac.home","trace":"Error: Stream Errored (conflict)\n    at WebSocketClient.<anonymous> (file:///Users/salihozgen/Desktop/psikolog-projesi/node_modules/@whiskeysockets/baileys/lib/Socket/socket.js:780:13)\n    at WebSocketClient.emit (node:events:518:28)\n    at file:///Users/salihozgen/Desktop/psikolog-projesi/node_modules/@whiskeysockets/baileys/lib/Socket/socket.js:464:35\n    at Object.decodeFrame (file:///Users/salihozgen/Desktop/psikolog-projesi/node_modules/@whiskeysockets/baileys/lib/Utils/noise-handler.js:141:17)\n    at process.processTicksAndRejections (node:internal/process/task_queues:105:5)\n    at async WebSocketClient.onMessageReceived (file:///Users/salihozgen/Desktop/psikolog-projesi/node_modules/@whiskeysockets/baileys/lib/Socket/socket.js:441:9)","msg":"connection errored"}
[WhatsApp] Bot süreci başlatılıyor...
{"level":30,"time":1774720793303,"pid":70310,"hostname":"Mac.home","browser":["Ubuntu","Chrome","122.0.0"],"helloMsg":{"clientHello":{"ephemeral":"RmrOWx7rDSUZ0w/uJZwdk46D7uzphgJTeuDkbfFKyg8="}},"msg":"connected to WA"}
{"level":30,"time":1774720793403,"pid":70310,"hostname":"Mac.home","node":{"username":"905333559848","passive":true,"userAgent":{"platform":"WEB","appVersion":{"primary":2,"secondary":3000,"tertiary":1035194821},"mcc":"000","mnc":"000","osVersion":"0.1","device":"Desktop","osBuildNumber":"0.1","releaseChannel":"RELEASE","localeLanguageIso6391":"en","localeCountryIso31661Alpha2":"US"},"webInfo":{"webSubPlatform":"WEB_BROWSER"},"connectType":"WIFI_UNKNOWN","connectReason":"USER_ACTIVATED","device":2,"pull":true,"lidDbMigrated":false},"msg":"logging in..."}
{"level":30,"time":1774720794270,"pid":70310,"hostname":"Mac.home","msg":"5 pre-keys found on server"}
{"level":30,"time":1774720794270,"pid":70310,"hostname":"Mac.home","msg":"Current prekey ID: 2117, exists in storage: true"}
{"level":30,"time":1774720794270,"pid":70310,"hostname":"Mac.home","msg":"Uploading PreKeys due to: server count low (5)"}
{"level":30,"time":1774720794270,"pid":70310,"hostname":"Mac.home","count":5,"retryCount":0,"msg":"uploading pre-keys"}
{"level":30,"time":1774720794975,"pid":70310,"hostname":"Mac.home","count":5,"msg":"uploaded pre-keys successfully"}
{"level":30,"time":1774720795215,"pid":70310,"hostname":"Mac.home","msg":"handled 0 offline messages/notifications"}
{"level":30,"time":1774720795216,"pid":70310,"hostname":"Mac.home","msg":"Connection is now AwaitingInitialSync, buffering events"}
{"level":30,"time":1774720795216,"pid":70310,"hostname":"Mac.home","msg":"History sync is disabled by config, not waiting for notification. Transitioning to Online."}
{"level":30,"time":1774720795479,"pid":70310,"hostname":"Mac.home","msg":"opened connection to WA"}
[WhatsApp] ✅ Bağlantı başarılı!
{"level":30,"time":1774720795483,"pid":70310,"hostname":"Mac.home","myPN":"905333559848:2@s.whatsapp.net","myLID":"129879995613400:2@lid","msg":"Own LID session created successfully"}
{"level":50,"time":1774720799909,"pid":70310,"hostname":"Mac.home","reasonNode":{"tag":"conflict","attrs":{"type":"replaced"}},"fullErrorNode":{"tag":"stream:error","attrs":{},"content":[{"tag":"conflict","attrs":{"type":"replaced"}}]},"msg":"stream errored out"}
{"level":30,"time":1774720799909,"pid":70310,"hostname":"Mac.home","trace":"Error: Stream Errored (conflict)\n    at WebSocketClient.<anonymous> (file:///Users/salihozgen/Desktop/psikolog-projesi/node_modules/@whiskeysockets/baileys/lib/Socket/socket.js:780:13)\n    at WebSocketClient.emit (node:events:518:28)\n    at file:///Users/salihozgen/Desktop/psikolog-projesi/node_modules/@whiskeysockets/baileys/lib/Socket/socket.js:464:35\n    at Object.decodeFrame (file:///Users/salihozgen/Desktop/psikolog-projesi/node_modules/@whiskeysockets/baileys/lib/Utils/noise-handler.js:141:17)\n    at process.processTicksAndRejections (node:internal/process/task_queues:105:5)\n    at async WebSocketClient.onMessageReceived (file:///Users/salihozgen/Desktop/psikolog-projesi/node_modules/@whiskeysockets/baileys/lib/Socket/socket.js:441:9)","msg":"connection errored"}
[WhatsApp] Bot süreci başlatılıyor...
{"level":30,"time":1774720805299,"pid":70310,"hostname":"Mac.home","browser":["Ubuntu","Chrome","122.0.0"],"helloMsg":{"clientHello":{"ephemeral":"5J29YcnlKTWNfsKe441jFShfRX7MOc6L25PhWQq38D4="}},"msg":"connected to WA"}
{"level":30,"time":1774720805511,"pid":70310,"hostname":"Mac.home","node":{"username":"905333559848","passive":true,"userAgent":{"platform":"WEB","appVersion":{"primary":2,"secondary":3000,"tertiary":1035194821},"mcc":"000","mnc":"000","osVersion":"0.1","device":"Desktop","osBuildNumber":"0.1","releaseChannel":"RELEASE","localeLanguageIso6391":"en","localeCountryIso31661Alpha2":"US"},"webInfo":{"webSubPlatform":"WEB_BROWSER"},"connectType":"WIFI_UNKNOWN","connectReason":"USER_ACTIVATED","device":2,"pull":true,"lidDbMigrated":false},"msg":"logging in..."}
{"level":30,"time":1774720806068,"pid":70310,"hostname":"Mac.home","msg":"5 pre-keys found on server"}
{"level":30,"time":1774720806068,"pid":70310,"hostname":"Mac.home","msg":"Current prekey ID: 2127, exists in storage: true"}
{"level":30,"time":1774720806068,"pid":70310,"hostname":"Mac.home","msg":"Uploading PreKeys due to: server count low (5)"}
{"level":30,"time":1774720806068,"pid":70310,"hostname":"Mac.home","count":5,"retryCount":0,"msg":"uploading pre-keys"}
{"level":30,"time":1774720806510,"pid":70310,"hostname":"Mac.home","count":5,"msg":"uploaded pre-keys successfully"}
{"level":30,"time":1774720806778,"pid":70310,"hostname":"Mac.home","msg":"handled 0 offline messages/notifications"}
{"level":30,"time":1774720806779,"pid":70310,"hostname":"Mac.home","msg":"Connection is now AwaitingInitialSync, buffering events"}
{"level":30,"time":1774720806779,"pid":70310,"hostname":"Mac.home","msg":"History sync is disabled by config, not waiting for notification. Transitioning to Online."}
{"level":30,"time":1774720806981,"pid":70310,"hostname":"Mac.home","msg":"opened connection to WA"}
[WhatsApp] ✅ Bağlantı başarılı!
{"level":30,"time":1774720806986,"pid":70310,"hostname":"Mac.home","myPN":"905333559848:2@s.whatsapp.net","myLID":"129879995613400:2@lid","msg":"Own LID session created successfully"}
{"level":50,"time":1774720811590,"pid":70310,"hostname":"Mac.home","reasonNode":{"tag":"conflict","attrs":{"type":"replaced"}},"fullErrorNode":{"tag":"stream:error","attrs":{},"content":[{"tag":"conflict","attrs":{"type":"replaced"}}]},"msg":"stream errored out"}
{"level":30,"time":1774720811590,"pid":70310,"hostname":"Mac.home","trace":"Error: Stream Errored (conflict)\n    at WebSocketClient.<anonymous> (file:///Users/salihozgen/Desktop/psikolog-projesi/node_modules/@whiskeysockets/baileys/lib/Socket/socket.js:780:13)\n    at WebSocketClient.emit (node:events:518:28)\n    at file:///Users/salihozgen/Desktop/psikolog-projesi/node_modules/@whiskeysockets/baileys/lib/Socket/socket.js:464:35\n    at Object.decodeFrame (file:///Users/salihozgen/Desktop/psikolog-projesi/node_modules/@whiskeysockets/baileys/lib/Utils/noise-handler.js:141:17)\n    at process.processTicksAndRejections (node:internal/process/task_queues:105:5)\n    at async WebSocketClient.onMessageReceived (file:///Users/salihozgen/Desktop/psikolog-projesi/node_modules/@whiskeysockets/baileys/lib/Socket/socket.js:441:9)","msg":"connection errored"}
[WhatsApp] Bot süreci başlatılıyor...
{"level":30,"time":1774720817173,"pid":70310,"hostname":"Mac.home","browser":["Ubuntu","Chrome","122.0.0"],"helloMsg":{"clientHello":{"ephemeral":"b+r1m782nB8V/JQ7gizb0KxoR5t1Fectjzns3praQh4="}},"msg":"connected to WA"}
{"level":30,"time":1774720817331,"pid":70310,"hostname":"Mac.home","node":{"username":"905333559848","passive":true,"userAgent":{"platform":"WEB","appVersion":{"primary":2,"secondary":3000,"tertiary":1035194821},"mcc":"000","mnc":"000","osVersion":"0.1","device":"Desktop","osBuildNumber":"0.1","releaseChannel":"RELEASE","localeLanguageIso6391":"en","localeCountryIso31661Alpha2":"US"},"webInfo":{"webSubPlatform":"WEB_BROWSER"},"connectType":"WIFI_UNKNOWN","connectReason":"USER_ACTIVATED","device":2,"pull":true,"lidDbMigrated":false},"msg":"logging in..."}
{"level":30,"time":1774720817658,"pid":70310,"hostname":"Mac.home","msg":"5 pre-keys found on server"}
{"level":30,"time":1774720817658,"pid":70310,"hostname":"Mac.home","msg":"Current prekey ID: 2137, exists in storage: true"}
{"level":30,"time":1774720817658,"pid":70310,"hostname":"Mac.home","msg":"Uploading PreKeys due to: server count low (5)"}
{"level":30,"time":1774720817658,"pid":70310,"hostname":"Mac.home","count":5,"retryCount":0,"msg":"uploading pre-keys"}
{"level":30,"time":1774720817881,"pid":70310,"hostname":"Mac.home","count":5,"msg":"uploaded pre-keys successfully"}
{"level":30,"time":1774720818031,"pid":70310,"hostname":"Mac.home","msg":"handled 0 offline messages/notifications"}
{"level":30,"time":1774720818031,"pid":70310,"hostname":"Mac.home","msg":"Connection is now AwaitingInitialSync, buffering events"}
{"level":30,"time":1774720818031,"pid":70310,"hostname":"Mac.home","msg":"History sync is disabled by config, not waiting for notification. Transitioning to Online."}
{"level":30,"time":1774720818188,"pid":70310,"hostname":"Mac.home","msg":"opened connection to WA"}
[WhatsApp] ✅ Bağlantı başarılı!
{"level":30,"time":1774720818202,"pid":70310,"hostname":"Mac.home","myPN":"905333559848:2@s.whatsapp.net","myLID":"129879995613400:2@lid","msg":"Own LID session created successfully"}
{"level":50,"time":1774720823507,"pid":70310,"hostname":"Mac.home","reasonNode":{"tag":"conflict","attrs":{"type":"replaced"}},"fullErrorNode":{"tag":"stream:error","attrs":{},"content":[{"tag":"conflict","attrs":{"type":"replaced"}}]},"msg":"stream errored out"}
{"level":30,"time":1774720823508,"pid":70310,"hostname":"Mac.home","trace":"Error: Stream Errored (conflict)\n    at WebSocketClient.<anonymous> (file:///Users/salihozgen/Desktop/psikolog-projesi/node_modules/@whiskeysockets/baileys/lib/Socket/socket.js:780:13)\n    at WebSocketClient.emit (node:events:518:28)\n    at file:///Users/salihozgen/Desktop/psikolog-projesi/node_modules/@whiskeysockets/baileys/lib/Socket/socket.js:464:35\n    at Object.decodeFrame (file:///Users/salihozgen/Desktop/psikolog-projesi/node_modules/@whiskeysockets/baileys/lib/Utils/noise-handler.js:141:17)\n    at process.processTicksAndRejections (node:internal/process/task_queues:105:5)\n    at async WebSocketClient.onMessageReceived (file:///Users/salihozgen/Desktop/psikolog-projesi/node_modules/@whiskeysockets/baileys/lib/Socket/socket.js:441:9)","msg":"connection errored"}
[WhatsApp] Bot süreci başlatılıyor...
{"level":30,"time":1774720828786,"pid":70310,"hostname":"Mac.home","browser":["Ubuntu","Chrome","122.0.0"],"helloMsg":{"clientHello":{"ephemeral":"Pama+z9Kl8xEu7g2m2foP7sQyoh3Ju6qYhHy42H8dwY="}},"msg":"connected to WA"}
{"level":30,"time":1774720828882,"pid":70310,"hostname":"Mac.home","node":{"username":"905333559848","passive":true,"userAgent":{"platform":"WEB","appVersion":{"primary":2,"secondary":3000,"tertiary":1035194821},"mcc":"000","mnc":"000","osVersion":"0.1","device":"Desktop","osBuildNumber":"0.1","releaseChannel":"RELEASE","localeLanguageIso6391":"en","localeCountryIso31661Alpha2":"US"},"webInfo":{"webSubPlatform":"WEB_BROWSER"},"connectType":"WIFI_UNKNOWN","connectReason":"USER_ACTIVATED","device":2,"pull":true,"lidDbMigrated":false},"msg":"logging in..."}
{"level":30,"time":1774720829705,"pid":70310,"hostname":"Mac.home","msg":"5 pre-keys found on server"}
{"level":30,"time":1774720829705,"pid":70310,"hostname":"Mac.home","msg":"Current prekey ID: 2147, exists in storage: true"}
{"level":30,"time":1774720829705,"pid":70310,"hostname":"Mac.home","msg":"Uploading PreKeys due to: server count low (5)"}
{"level":30,"time":1774720829705,"pid":70310,"hostname":"Mac.home","count":5,"retryCount":0,"msg":"uploading pre-keys"}
{"level":30,"time":1774720830438,"pid":70310,"hostname":"Mac.home","count":5,"msg":"uploaded pre-keys successfully"}
{"level":30,"time":1774720830680,"pid":70310,"hostname":"Mac.home","msg":"handled 0 offline messages/notifications"}
{"level":30,"time":1774720830680,"pid":70310,"hostname":"Mac.home","msg":"Connection is now AwaitingInitialSync, buffering events"}
{"level":30,"time":1774720830680,"pid":70310,"hostname":"Mac.home","msg":"History sync is disabled by config, not waiting for notification. Transitioning to Online."}
{"level":30,"time":1774720830973,"pid":70310,"hostname":"Mac.home","msg":"opened connection to WA"}
[WhatsApp] ✅ Bağlantı başarılı!
{"level":30,"time":1774720830986,"pid":70310,"hostname":"Mac.home","myPN":"905333559848:2@s.whatsapp.net","myLID":"129879995613400:2@lid","msg":"Own LID session created successfully"}
{"level":50,"time":1774720835287,"pid":70310,"hostname":"Mac.home","reasonNode":{"tag":"conflict","attrs":{"type":"replaced"}},"fullErrorNode":{"tag":"stream:error","attrs":{},"content":[{"tag":"conflict","attrs":{"type":"replaced"}}]},"msg":"stream errored out"}
{"level":30,"time":1774720835287,"pid":70310,"hostname":"Mac.home","trace":"Error: Stream Errored (conflict)\n    at WebSocketClient.<anonymous> (file:///Users/salihozgen/Desktop/psikolog-projesi/node_modules/@whiskeysockets/baileys/lib/Socket/socket.js:780:13)\n    at WebSocketClient.emit (node:events:518:28)\n    at file:///Users/salihozgen/Desktop/psikolog-projesi/node_modules/@whiskeysockets/baileys/lib/Socket/socket.js:464:35\n    at Object.decodeFrame (file:///Users/salihozgen/Desktop/psikolog-projesi/node_modules/@whiskeysockets/baileys/lib/Utils/noise-handler.js:141:17)\n    at process.processTicksAndRejections (node:internal/process/task_queues:105:5)\n    at async WebSocketClient.onMessageReceived (file:///Users/salihozgen/Desktop/psikolog-projesi/node_modules/@whiskeysockets/baileys/lib/Socket/socket.js:441:9)","msg":"connection errored"}
[WhatsApp] Bot süreci başlatılıyor...
{"level":30,"time":1774720840672,"pid":70310,"hostname":"Mac.home","browser":["Ubuntu","Chrome","122.0.0"],"helloMsg":{"clientHello":{"ephemeral":"7Fw/Z1oEO4U9nIXVP16vUMycVlu76KdWdYy3osIqcwU="}},"msg":"connected to WA"}
{"level":30,"time":1774720840872,"pid":70310,"hostname":"Mac.home","node":{"username":"905333559848","passive":true,"userAgent":{"platform":"WEB","appVersion":{"primary":2,"secondary":3000,"tertiary":1035194821},"mcc":"000","mnc":"000","osVersion":"0.1","device":"Desktop","osBuildNumber":"0.1","releaseChannel":"RELEASE","localeLanguageIso6391":"en","localeCountryIso31661Alpha2":"US"},"webInfo":{"webSubPlatform":"WEB_BROWSER"},"connectType":"WIFI_UNKNOWN","connectReason":"USER_ACTIVATED","device":2,"pull":true,"lidDbMigrated":false},"msg":"logging in..."}
{"level":30,"time":1774720841337,"pid":70310,"hostname":"Mac.home","msg":"5 pre-keys found on server"}
{"level":30,"time":1774720841337,"pid":70310,"hostname":"Mac.home","msg":"Current prekey ID: 2157, exists in storage: true"}
{"level":30,"time":1774720841337,"pid":70310,"hostname":"Mac.home","msg":"Uploading PreKeys due to: server count low (5)"}
{"level":30,"time":1774720841337,"pid":70310,"hostname":"Mac.home","count":5,"retryCount":0,"msg":"uploading pre-keys"}
{"level":30,"time":1774720841673,"pid":70310,"hostname":"Mac.home","count":5,"msg":"uploaded pre-keys successfully"}
{"level":30,"time":1774720841910,"pid":70310,"hostname":"Mac.home","msg":"handled 0 offline messages/notifications"}
{"level":30,"time":1774720841910,"pid":70310,"hostname":"Mac.home","msg":"Connection is now AwaitingInitialSync, buffering events"}
{"level":30,"time":1774720841910,"pid":70310,"hostname":"Mac.home","msg":"History sync is disabled by config, not waiting for notification. Transitioning to Online."}
{"level":30,"time":1774720842088,"pid":70310,"hostname":"Mac.home","msg":"opened connection to WA"}
[WhatsApp] ✅ Bağlantı başarılı!
{"level":30,"time":1774720842092,"pid":70310,"hostname":"Mac.home","myPN":"905333559848:2@s.whatsapp.net","myLID":"129879995613400:2@lid","msg":"Own LID session created successfully"}
{"level":50,"time":1774720847539,"pid":70310,"hostname":"Mac.home","reasonNode":{"tag":"conflict","attrs":{"type":"replaced"}},"fullErrorNode":{"tag":"stream:error","attrs":{},"content":[{"tag":"conflict","attrs":{"type":"replaced"}}]},"msg":"stream errored out"}
{"level":30,"time":1774720847539,"pid":70310,"hostname":"Mac.home","trace":"Error: Stream Errored (conflict)\n    at WebSocketClient.<anonymous> (file:///Users/salihozgen/Desktop/psikolog-projesi/node_modules/@whiskeysockets/baileys/lib/Socket/socket.js:780:13)\n    at WebSocketClient.emit (node:events:518:28)\n    at file:///Users/salihozgen/Desktop/psikolog-projesi/node_modules/@whiskeysockets/baileys/lib/Socket/socket.js:464:35\n    at Object.decodeFrame (file:///Users/salihozgen/Desktop/psikolog-projesi/node_modules/@whiskeysockets/baileys/lib/Utils/noise-handler.js:141:17)\n    at process.processTicksAndRejections (node:internal/process/task_queues:105:5)\n    at async WebSocketClient.onMessageReceived (file:///Users/salihozgen/Desktop/psikolog-projesi/node_modules/@whiskeysockets/baileys/lib/Socket/socket.js:441:9)","msg":"connection errored"}
[WhatsApp] Bot süreci başlatılıyor...
{"level":30,"time":1774720852865,"pid":70310,"hostname":"Mac.home","browser":["Ubuntu","Chrome","122.0.0"],"helloMsg":{"clientHello":{"ephemeral":"lE+wOOBokjk7S4P60Od9GzyFVT+t2I6aeu1uXUCzPEw="}},"msg":"connected to WA"}
{"level":30,"time":1774720853025,"pid":70310,"hostname":"Mac.home","node":{"username":"905333559848","passive":true,"userAgent":{"platform":"WEB","appVersion":{"primary":2,"secondary":3000,"tertiary":1035194821},"mcc":"000","mnc":"000","osVersion":"0.1","device":"Desktop","osBuildNumber":"0.1","releaseChannel":"RELEASE","localeLanguageIso6391":"en","localeCountryIso31661Alpha2":"US"},"webInfo":{"webSubPlatform":"WEB_BROWSER"},"connectType":"WIFI_UNKNOWN","connectReason":"USER_ACTIVATED","device":2,"pull":true,"lidDbMigrated":false},"msg":"logging in..."}
{"level":30,"time":1774720853368,"pid":70310,"hostname":"Mac.home","msg":"5 pre-keys found on server"}
{"level":30,"time":1774720853368,"pid":70310,"hostname":"Mac.home","msg":"Current prekey ID: 2167, exists in storage: true"}
{"level":30,"time":1774720853368,"pid":70310,"hostname":"Mac.home","msg":"Uploading PreKeys due to: server count low (5)"}
{"level":30,"time":1774720853368,"pid":70310,"hostname":"Mac.home","count":5,"retryCount":0,"msg":"uploading pre-keys"}
{"level":30,"time":1774720853595,"pid":70310,"hostname":"Mac.home","count":5,"msg":"uploaded pre-keys successfully"}
{"level":30,"time":1774720853749,"pid":70310,"hostname":"Mac.home","msg":"handled 0 offline messages/notifications"}
{"level":30,"time":1774720853750,"pid":70310,"hostname":"Mac.home","msg":"Connection is now AwaitingInitialSync, buffering events"}
{"level":30,"time":1774720853750,"pid":70310,"hostname":"Mac.home","msg":"History sync is disabled by config, not waiting for notification. Transitioning to Online."}
{"level":30,"time":1774720853911,"pid":70310,"hostname":"Mac.home","msg":"opened connection to WA"}
[WhatsApp] ✅ Bağlantı başarılı!
{"level":30,"time":1774720853927,"pid":70310,"hostname":"Mac.home","myPN":"905333559848:2@s.whatsapp.net","myLID":"129879995613400:2@lid","msg":"Own LID session created successfully"}
{"level":50,"time":1774720859092,"pid":70310,"hostname":"Mac.home","reasonNode":{"tag":"conflict","attrs":{"type":"replaced"}},"fullErrorNode":{"tag":"stream:error","attrs":{},"content":[{"tag":"conflict","attrs":{"type":"replaced"}}]},"msg":"stream errored out"}
{"level":30,"time":1774720859092,"pid":70310,"hostname":"Mac.home","trace":"Error: Stream Errored (conflict)\n    at WebSocketClient.<anonymous> (file:///Users/salihozgen/Desktop/psikolog-projesi/node_modules/@whiskeysockets/baileys/lib/Socket/socket.js:780:13)\n    at WebSocketClient.emit (node:events:518:28)\n    at file:///Users/salihozgen/Desktop/psikolog-projesi/node_modules/@whiskeysockets/baileys/lib/Socket/socket.js:464:35\n    at Object.decodeFrame (file:///Users/salihozgen/Desktop/psikolog-projesi/node_modules/@whiskeysockets/baileys/lib/Utils/noise-handler.js:141:17)\n    at process.processTicksAndRejections (node:internal/process/task_queues:105:5)\n    at async WebSocketClient.onMessageReceived (file:///Users/salihozgen/Desktop/psikolog-projesi/node_modules/@whiskeysockets/baileys/lib/Socket/socket.js:441:9)","msg":"connection errored"}
[WhatsApp] Bot süreci başlatılıyor...
{"level":30,"time":1774720864456,"pid":70310,"hostname":"Mac.home","browser":["Ubuntu","Chrome","122.0.0"],"helloMsg":{"clientHello":{"ephemeral":"gK+MkbIV3czaBGf0BRbW8N+0EZ3B/bhGiL8kodSqpRM="}},"msg":"connected to WA"}
{"level":30,"time":1774720864636,"pid":70310,"hostname":"Mac.home","node":{"username":"905333559848","passive":true,"userAgent":{"platform":"WEB","appVersion":{"primary":2,"secondary":3000,"tertiary":1035194821},"mcc":"000","mnc":"000","osVersion":"0.1","device":"Desktop","osBuildNumber":"0.1","releaseChannel":"RELEASE","localeLanguageIso6391":"en","localeCountryIso31661Alpha2":"US"},"webInfo":{"webSubPlatform":"WEB_BROWSER"},"connectType":"WIFI_UNKNOWN","connectReason":"USER_ACTIVATED","device":2,"pull":true,"lidDbMigrated":false},"msg":"logging in..."}
{"level":30,"time":1774720865045,"pid":70310,"hostname":"Mac.home","msg":"5 pre-keys found on server"}
{"level":30,"time":1774720865045,"pid":70310,"hostname":"Mac.home","msg":"Current prekey ID: 2177, exists in storage: true"}
{"level":30,"time":1774720865045,"pid":70310,"hostname":"Mac.home","msg":"Uploading PreKeys due to: server count low (5)"}
{"level":30,"time":1774720865045,"pid":70310,"hostname":"Mac.home","count":5,"retryCount":0,"msg":"uploading pre-keys"}
{"level":30,"time":1774720865344,"pid":70310,"hostname":"Mac.home","count":5,"msg":"uploaded pre-keys successfully"}
{"level":30,"time":1774720865540,"pid":70310,"hostname":"Mac.home","msg":"handled 0 offline messages/notifications"}
{"level":30,"time":1774720865541,"pid":70310,"hostname":"Mac.home","msg":"Connection is now AwaitingInitialSync, buffering events"}
{"level":30,"time":1774720865541,"pid":70310,"hostname":"Mac.home","msg":"History sync is disabled by config, not waiting for notification. Transitioning to Online."}
{"level":30,"time":1774720865718,"pid":70310,"hostname":"Mac.home","msg":"opened connection to WA"}
[WhatsApp] ✅ Bağlantı başarılı!
{"level":30,"time":1774720865731,"pid":70310,"hostname":"Mac.home","myPN":"905333559848:2@s.whatsapp.net","myLID":"129879995613400:2@lid","msg":"Own LID session created successfully"}
{"level":50,"time":1774720870585,"pid":70310,"hostname":"Mac.home","reasonNode":{"tag":"conflict","attrs":{"type":"replaced"}},"fullErrorNode":{"tag":"stream:error","attrs":{},"content":[{"tag":"conflict","attrs":{"type":"replaced"}}]},"msg":"stream errored out"}
{"level":30,"time":1774720870585,"pid":70310,"hostname":"Mac.home","trace":"Error: Stream Errored (conflict)\n    at WebSocketClient.<anonymous> (file:///Users/salihozgen/Desktop/psikolog-projesi/node_modules/@whiskeysockets/baileys/lib/Socket/socket.js:780:13)\n    at WebSocketClient.emit (node:events:518:28)\n    at file:///Users/salihozgen/Desktop/psikolog-projesi/node_modules/@whiskeysockets/baileys/lib/Socket/socket.js:464:35\n    at Object.decodeFrame (file:///Users/salihozgen/Desktop/psikolog-projesi/node_modules/@whiskeysockets/baileys/lib/Utils/noise-handler.js:141:17)\n    at process.processTicksAndRejections (node:internal/process/task_queues:105:5)\n    at async WebSocketClient.onMessageReceived (file:///Users/salihozgen/Desktop/psikolog-projesi/node_modules/@whiskeysockets/baileys/lib/Socket/socket.js:441:9)","msg":"connection errored"}
[WhatsApp] Bot süreci başlatılıyor...
{"level":30,"time":1774720875861,"pid":70310,"hostname":"Mac.home","browser":["Ubuntu","Chrome","122.0.0"],"helloMsg":{"clientHello":{"ephemeral":"IUUc10i/A1J0PDGLroQ5L8H+2A8ncZAgtAlcRciODG8="}},"msg":"connected to WA"}
{"level":30,"time":1774720875950,"pid":70310,"hostname":"Mac.home","node":{"username":"905333559848","passive":true,"userAgent":{"platform":"WEB","appVersion":{"primary":2,"secondary":3000,"tertiary":1035194821},"mcc":"000","mnc":"000","osVersion":"0.1","device":"Desktop","osBuildNumber":"0.1","releaseChannel":"RELEASE","localeLanguageIso6391":"en","localeCountryIso31661Alpha2":"US"},"webInfo":{"webSubPlatform":"WEB_BROWSER"},"connectType":"WIFI_UNKNOWN","connectReason":"USER_ACTIVATED","device":2,"pull":true,"lidDbMigrated":false},"msg":"logging in..."}
{"level":30,"time":1774720876611,"pid":70310,"hostname":"Mac.home","msg":"5 pre-keys found on server"}
{"level":30,"time":1774720876611,"pid":70310,"hostname":"Mac.home","msg":"Current prekey ID: 2187, exists in storage: true"}
{"level":30,"time":1774720876611,"pid":70310,"hostname":"Mac.home","msg":"Uploading PreKeys due to: server count low (5)"}
{"level":30,"time":1774720876611,"pid":70310,"hostname":"Mac.home","count":5,"retryCount":0,"msg":"uploading pre-keys"}
{"level":30,"time":1774720877041,"pid":70310,"hostname":"Mac.home","count":5,"msg":"uploaded pre-keys successfully"}
{"level":30,"time":1774720877240,"pid":70310,"hostname":"Mac.home","msg":"handled 0 offline messages/notifications"}
{"level":30,"time":1774720877241,"pid":70310,"hostname":"Mac.home","msg":"Connection is now AwaitingInitialSync, buffering events"}
{"level":30,"time":1774720877241,"pid":70310,"hostname":"Mac.home","msg":"History sync is disabled by config, not waiting for notification. Transitioning to Online."}
{"level":30,"time":1774720877473,"pid":70310,"hostname":"Mac.home","msg":"opened connection to WA"}
[WhatsApp] ✅ Bağlantı başarılı!
{"level":30,"time":1774720877477,"pid":70310,"hostname":"Mac.home","myPN":"905333559848:2@s.whatsapp.net","myLID":"129879995613400:2@lid","msg":"Own LID session created successfully"}
{"level":50,"time":1774720881892,"pid":70310,"hostname":"Mac.home","reasonNode":{"tag":"conflict","attrs":{"type":"replaced"}},"fullErrorNode":{"tag":"stream:error","attrs":{},"content":[{"tag":"conflict","attrs":{"type":"replaced"}}]},"msg":"stream errored out"}
{"level":30,"time":1774720881892,"pid":70310,"hostname":"Mac.home","trace":"Error: Stream Errored (conflict)\n    at WebSocketClient.<anonymous> (file:///Users/salihozgen/Desktop/psikolog-projesi/node_modules/@whiskeysockets/baileys/lib/Socket/socket.js:780:13)\n    at WebSocketClient.emit (node:events:518:28)\n    at file:///Users/salihozgen/Desktop/psikolog-projesi/node_modules/@whiskeysockets/baileys/lib/Socket/socket.js:464:35\n    at Object.decodeFrame (file:///Users/salihozgen/Desktop/psikolog-projesi/node_modules/@whiskeysockets/baileys/lib/Utils/noise-handler.js:141:17)\n    at process.processTicksAndRejections (node:internal/process/task_queues:105:5)\n    at async WebSocketClient.onMessageReceived (file:///Users/salihozgen/Desktop/psikolog-projesi/node_modules/@whiskeysockets/baileys/lib/Socket/socket.js:441:9)","msg":"connection errored"}
[WhatsApp] Bot süreci başlatılıyor...
{"level":30,"time":1774720887263,"pid":70310,"hostname":"Mac.home","browser":["Ubuntu","Chrome","122.0.0"],"helloMsg":{"clientHello":{"ephemeral":"rGZ3bMtU9rO1jnciegEl1fsykz+Ga3qeSQUk/dm9bHU="}},"msg":"connected to WA"}
{"level":30,"time":1774720887478,"pid":70310,"hostname":"Mac.home","node":{"username":"905333559848","passive":true,"userAgent":{"platform":"WEB","appVersion":{"primary":2,"secondary":3000,"tertiary":1035194821},"mcc":"000","mnc":"000","osVersion":"0.1","device":"Desktop","osBuildNumber":"0.1","releaseChannel":"RELEASE","localeLanguageIso6391":"en","localeCountryIso31661Alpha2":"US"},"webInfo":{"webSubPlatform":"WEB_BROWSER"},"connectType":"WIFI_UNKNOWN","connectReason":"USER_ACTIVATED","device":2,"pull":true,"lidDbMigrated":false},"msg":"logging in..."}
{"level":30,"time":1774720888020,"pid":70310,"hostname":"Mac.home","msg":"5 pre-keys found on server"}
{"level":30,"time":1774720888020,"pid":70310,"hostname":"Mac.home","msg":"Current prekey ID: 2197, exists in storage: true"}
{"level":30,"time":1774720888020,"pid":70310,"hostname":"Mac.home","msg":"Uploading PreKeys due to: server count low (5)"}
{"level":30,"time":1774720888020,"pid":70310,"hostname":"Mac.home","count":5,"retryCount":0,"msg":"uploading pre-keys"}
{"level":30,"time":1774720888615,"pid":70310,"hostname":"Mac.home","count":5,"msg":"uploaded pre-keys successfully"}
{"level":30,"time":1774720888885,"pid":70310,"hostname":"Mac.home","msg":"handled 0 offline messages/notifications"}
{"level":30,"time":1774720888885,"pid":70310,"hostname":"Mac.home","msg":"Connection is now AwaitingInitialSync, buffering events"}
{"level":30,"time":1774720888885,"pid":70310,"hostname":"Mac.home","msg":"History sync is disabled by config, not waiting for notification. Transitioning to Online."}
{"level":30,"time":1774720889095,"pid":70310,"hostname":"Mac.home","msg":"opened connection to WA"}
[WhatsApp] ✅ Bağlantı başarılı!
{"level":30,"time":1774720889113,"pid":70310,"hostname":"Mac.home","myPN":"905333559848:2@s.whatsapp.net","myLID":"129879995613400:2@lid","msg":"Own LID session created successfully"}
{"level":50,"time":1774720893569,"pid":70310,"hostname":"Mac.home","reasonNode":{"tag":"conflict","attrs":{"type":"replaced"}},"fullErrorNode":{"tag":"stream:error","attrs":{},"content":[{"tag":"conflict","attrs":{"type":"replaced"}}]},"msg":"stream errored out"}
{"level":30,"time":1774720893569,"pid":70310,"hostname":"Mac.home","trace":"Error: Stream Errored (conflict)\n    at WebSocketClient.<anonymous> (file:///Users/salihozgen/Desktop/psikolog-projesi/node_modules/@whiskeysockets/baileys/lib/Socket/socket.js:780:13)\n    at WebSocketClient.emit (node:events:518:28)\n    at file:///Users/salihozgen/Desktop/psikolog-projesi/node_modules/@whiskeysockets/baileys/lib/Socket/socket.js:464:35\n    at Object.decodeFrame (file:///Users/salihozgen/Desktop/psikolog-projesi/node_modules/@whiskeysockets/baileys/lib/Utils/noise-handler.js:141:17)\n    at process.processTicksAndRejections (node:internal/process/task_queues:105:5)\n    at async WebSocketClient.onMessageReceived (file:///Users/salihozgen/Desktop/psikolog-projesi/node_modules/@whiskeysockets/baileys/lib/Socket/socket.js:441:9)","msg":"connection errored"}
[WhatsApp] Bot süreci başlatılıyor...
{"level":30,"time":1774720898918,"pid":70310,"hostname":"Mac.home","browser":["Ubuntu","Chrome","122.0.0"],"helloMsg":{"clientHello":{"ephemeral":"2G41I7dBEHdPhEOJHyoNnoTOstq5DqV3iI3oq7L6Fxw="}},"msg":"connected to WA"}
{"level":30,"time":1774720899075,"pid":70310,"hostname":"Mac.home","node":{"username":"905333559848","passive":true,"userAgent":{"platform":"WEB","appVersion":{"primary":2,"secondary":3000,"tertiary":1035194821},"mcc":"000","mnc":"000","osVersion":"0.1","device":"Desktop","osBuildNumber":"0.1","releaseChannel":"RELEASE","localeLanguageIso6391":"en","localeCountryIso31661Alpha2":"US"},"webInfo":{"webSubPlatform":"WEB_BROWSER"},"connectType":"WIFI_UNKNOWN","connectReason":"USER_ACTIVATED","device":2,"pull":true,"lidDbMigrated":false},"msg":"logging in..."}
{"level":30,"time":1774720899393,"pid":70310,"hostname":"Mac.home","msg":"5 pre-keys found on server"}
{"level":30,"time":1774720899393,"pid":70310,"hostname":"Mac.home","msg":"Current prekey ID: 2207, exists in storage: true"}
{"level":30,"time":1774720899393,"pid":70310,"hostname":"Mac.home","msg":"Uploading PreKeys due to: server count low (5)"}
{"level":30,"time":1774720899393,"pid":70310,"hostname":"Mac.home","count":5,"retryCount":0,"msg":"uploading pre-keys"}
{"level":30,"time":1774720899591,"pid":70310,"hostname":"Mac.home","count":5,"msg":"uploaded pre-keys successfully"}
{"level":30,"time":1774720899802,"pid":70310,"hostname":"Mac.home","msg":"handled 0 offline messages/notifications"}
{"level":30,"time":1774720899802,"pid":70310,"hostname":"Mac.home","msg":"Connection is now AwaitingInitialSync, buffering events"}
{"level":30,"time":1774720899802,"pid":70310,"hostname":"Mac.home","msg":"History sync is disabled by config, not waiting for notification. Transitioning to Online."}
{"level":30,"time":1774720899907,"pid":70310,"hostname":"Mac.home","msg":"opened connection to WA"}
[WhatsApp] ✅ Bağlantı başarılı!
{"level":30,"time":1774720899920,"pid":70310,"hostname":"Mac.home","myPN":"905333559848:2@s.whatsapp.net","myLID":"129879995613400:2@lid","msg":"Own LID session created successfully"}
{"level":50,"time":1774720905116,"pid":70310,"hostname":"Mac.home","reasonNode":{"tag":"conflict","attrs":{"type":"replaced"}},"fullErrorNode":{"tag":"stream:error","attrs":{},"content":[{"tag":"conflict","attrs":{"type":"replaced"}}]},"msg":"stream errored out"}
{"level":30,"time":1774720905117,"pid":70310,"hostname":"Mac.home","trace":"Error: Stream Errored (conflict)\n    at WebSocketClient.<anonymous> (file:///Users/salihozgen/Desktop/psikolog-projesi/node_modules/@whiskeysockets/baileys/lib/Socket/socket.js:780:13)\n    at WebSocketClient.emit (node:events:518:28)\n    at file:///Users/salihozgen/Desktop/psikolog-projesi/node_modules/@whiskeysockets/baileys/lib/Socket/socket.js:464:35\n    at Object.decodeFrame (file:///Users/salihozgen/Desktop/psikolog-projesi/node_modules/@whiskeysockets/baileys/lib/Utils/noise-handler.js:141:17)\n    at process.processTicksAndRejections (node:internal/process/task_queues:105:5)\n    at async WebSocketClient.onMessageReceived (file:///Users/salihozgen/Desktop/psikolog-projesi/node_modules/@whiskeysockets/baileys/lib/Socket/socket.js:441:9)","msg":"connection errored"}
[WhatsApp] Bot süreci başlatılıyor...
{"level":30,"time":1774720910468,"pid":70310,"hostname":"Mac.home","browser":["Ubuntu","Chrome","122.0.0"],"helloMsg":{"clientHello":{"ephemeral":"f4l+Ozc/zgXJrRW52Zbnw9e2qA6pk4eL7I0NkW/07gg="}},"msg":"connected to WA"}
{"level":30,"time":1774720910629,"pid":70310,"hostname":"Mac.home","node":{"username":"905333559848","passive":true,"userAgent":{"platform":"WEB","appVersion":{"primary":2,"secondary":3000,"tertiary":1035194821},"mcc":"000","mnc":"000","osVersion":"0.1","device":"Desktop","osBuildNumber":"0.1","releaseChannel":"RELEASE","localeLanguageIso6391":"en","localeCountryIso31661Alpha2":"US"},"webInfo":{"webSubPlatform":"WEB_BROWSER"},"connectType":"WIFI_UNKNOWN","connectReason":"USER_ACTIVATED","device":2,"pull":true,"lidDbMigrated":false},"msg":"logging in..."}
{"level":30,"time":1774720910951,"pid":70310,"hostname":"Mac.home","msg":"5 pre-keys found on server"}
{"level":30,"time":1774720910951,"pid":70310,"hostname":"Mac.home","msg":"Current prekey ID: 2217, exists in storage: true"}
{"level":30,"time":1774720910951,"pid":70310,"hostname":"Mac.home","msg":"Uploading PreKeys due to: server count low (5)"}
{"level":30,"time":1774720910951,"pid":70310,"hostname":"Mac.home","count":5,"retryCount":0,"msg":"uploading pre-keys"}
{"level":30,"time":1774720911151,"pid":70310,"hostname":"Mac.home","count":5,"msg":"uploaded pre-keys successfully"}
{"level":30,"time":1774720911352,"pid":70310,"hostname":"Mac.home","msg":"handled 0 offline messages/notifications"}
{"level":30,"time":1774720911352,"pid":70310,"hostname":"Mac.home","msg":"Connection is now AwaitingInitialSync, buffering events"}
{"level":30,"time":1774720911352,"pid":70310,"hostname":"Mac.home","msg":"History sync is disabled by config, not waiting for notification. Transitioning to Online."}
{"level":30,"time":1774720911465,"pid":70310,"hostname":"Mac.home","msg":"opened connection to WA"}
[WhatsApp] ✅ Bağlantı başarılı!
{"level":30,"time":1774720911477,"pid":70310,"hostname":"Mac.home","myPN":"905333559848:2@s.whatsapp.net","myLID":"129879995613400:2@lid","msg":"Own LID session created successfully"}
{"level":50,"time":1774720916543,"pid":70310,"hostname":"Mac.home","reasonNode":{"tag":"conflict","attrs":{"type":"replaced"}},"fullErrorNode":{"tag":"stream:error","attrs":{},"content":[{"tag":"conflict","attrs":{"type":"replaced"}}]},"msg":"stream errored out"}
{"level":30,"time":1774720916543,"pid":70310,"hostname":"Mac.home","trace":"Error: Stream Errored (conflict)\n    at WebSocketClient.<anonymous> (file:///Users/salihozgen/Desktop/psikolog-projesi/node_modules/@whiskeysockets/baileys/lib/Socket/socket.js:780:13)\n    at WebSocketClient.emit (node:events:518:28)\n    at file:///Users/salihozgen/Desktop/psikolog-projesi/node_modules/@whiskeysockets/baileys/lib/Socket/socket.js:464:35\n    at Object.decodeFrame (file:///Users/salihozgen/Desktop/psikolog-projesi/node_modules/@whiskeysockets/baileys/lib/Utils/noise-handler.js:141:17)\n    at process.processTicksAndRejections (node:internal/process/task_queues:105:5)\n    at async WebSocketClient.onMessageReceived (file:///Users/salihozgen/Desktop/psikolog-projesi/node_modules/@whiskeysockets/baileys/lib/Socket/socket.js:441:9)","msg":"connection errored"}
[WhatsApp] Bot süreci başlatılıyor...
{"level":30,"time":1774720921868,"pid":70310,"hostname":"Mac.home","browser":["Ubuntu","Chrome","122.0.0"],"helloMsg":{"clientHello":{"ephemeral":"+YzyimANmyEzRBChq0blQyi1gMskO81cK79cwuBCPwM="}},"msg":"connected to WA"}
{"level":30,"time":1774720922029,"pid":70310,"hostname":"Mac.home","node":{"username":"905333559848","passive":true,"userAgent":{"platform":"WEB","appVersion":{"primary":2,"secondary":3000,"tertiary":1035194821},"mcc":"000","mnc":"000","osVersion":"0.1","device":"Desktop","osBuildNumber":"0.1","releaseChannel":"RELEASE","localeLanguageIso6391":"en","localeCountryIso31661Alpha2":"US"},"webInfo":{"webSubPlatform":"WEB_BROWSER"},"connectType":"WIFI_UNKNOWN","connectReason":"USER_ACTIVATED","device":2,"pull":true,"lidDbMigrated":false},"msg":"logging in..."}
{"level":30,"time":1774720922357,"pid":70310,"hostname":"Mac.home","msg":"5 pre-keys found on server"}
{"level":30,"time":1774720922357,"pid":70310,"hostname":"Mac.home","msg":"Current prekey ID: 2227, exists in storage: true"}
{"level":30,"time":1774720922357,"pid":70310,"hostname":"Mac.home","msg":"Uploading PreKeys due to: server count low (5)"}
{"level":30,"time":1774720922357,"pid":70310,"hostname":"Mac.home","count":5,"retryCount":0,"msg":"uploading pre-keys"}
{"level":30,"time":1774720922583,"pid":70310,"hostname":"Mac.home","count":5,"msg":"uploaded pre-keys successfully"}
{"level":30,"time":1774720922739,"pid":70310,"hostname":"Mac.home","msg":"handled 0 offline messages/notifications"}
{"level":30,"time":1774720922740,"pid":70310,"hostname":"Mac.home","msg":"Connection is now AwaitingInitialSync, buffering events"}
{"level":30,"time":1774720922740,"pid":70310,"hostname":"Mac.home","msg":"History sync is disabled by config, not waiting for notification. Transitioning to Online."}
{"level":30,"time":1774720922900,"pid":70310,"hostname":"Mac.home","msg":"opened connection to WA"}
[WhatsApp] ✅ Bağlantı başarılı!
{"level":30,"time":1774720922916,"pid":70310,"hostname":"Mac.home","myPN":"905333559848:2@s.whatsapp.net","myLID":"129879995613400:2@lid","msg":"Own LID session created successfully"}
{"level":50,"time":1774720928048,"pid":70310,"hostname":"Mac.home","reasonNode":{"tag":"conflict","attrs":{"type":"replaced"}},"fullErrorNode":{"tag":"stream:error","attrs":{},"content":[{"tag":"conflict","attrs":{"type":"replaced"}}]},"msg":"stream errored out"}
{"level":30,"time":1774720928048,"pid":70310,"hostname":"Mac.home","trace":"Error: Stream Errored (conflict)\n    at WebSocketClient.<anonymous> (file:///Users/salihozgen/Desktop/psikolog-projesi/node_modules/@whiskeysockets/baileys/lib/Socket/socket.js:780:13)\n    at WebSocketClient.emit (node:events:518:28)\n    at file:///Users/salihozgen/Desktop/psikolog-projesi/node_modules/@whiskeysockets/baileys/lib/Socket/socket.js:464:35\n    at Object.decodeFrame (file:///Users/salihozgen/Desktop/psikolog-projesi/node_modules/@whiskeysockets/baileys/lib/Utils/noise-handler.js:141:17)\n    at process.processTicksAndRejections (node:internal/process/task_queues:105:5)\n    at async WebSocketClient.onMessageReceived (file:///Users/salihozgen/Desktop/psikolog-projesi/node_modules/@whiskeysockets/baileys/lib/Socket/socket.js:441:9)","msg":"connection errored"}
[WhatsApp] Bot süreci başlatılıyor...
{"level":30,"time":1774720933424,"pid":70310,"hostname":"Mac.home","browser":["Ubuntu","Chrome","122.0.0"],"helloMsg":{"clientHello":{"ephemeral":"KnxwB05AZASlCuKZF68P582MR3PMSrduvfIqXqzjDmk="}},"msg":"connected to WA"}
{"level":30,"time":1774720933623,"pid":70310,"hostname":"Mac.home","node":{"username":"905333559848","passive":true,"userAgent":{"platform":"WEB","appVersion":{"primary":2,"secondary":3000,"tertiary":1035194821},"mcc":"000","mnc":"000","osVersion":"0.1","device":"Desktop","osBuildNumber":"0.1","releaseChannel":"RELEASE","localeLanguageIso6391":"en","localeCountryIso31661Alpha2":"US"},"webInfo":{"webSubPlatform":"WEB_BROWSER"},"connectType":"WIFI_UNKNOWN","connectReason":"USER_ACTIVATED","device":2,"pull":true,"lidDbMigrated":false},"msg":"logging in..."}
{"level":30,"time":1774720934087,"pid":70310,"hostname":"Mac.home","msg":"5 pre-keys found on server"}
{"level":30,"time":1774720934087,"pid":70310,"hostname":"Mac.home","msg":"Current prekey ID: 2237, exists in storage: true"}
{"level":30,"time":1774720934087,"pid":70310,"hostname":"Mac.home","msg":"Uploading PreKeys due to: server count low (5)"}
{"level":30,"time":1774720934087,"pid":70310,"hostname":"Mac.home","count":5,"retryCount":0,"msg":"uploading pre-keys"}
{"level":30,"time":1774720934431,"pid":70310,"hostname":"Mac.home","count":5,"msg":"uploaded pre-keys successfully"}
{"level":30,"time":1774720934669,"pid":70310,"hostname":"Mac.home","msg":"handled 0 offline messages/notifications"}
{"level":30,"time":1774720934669,"pid":70310,"hostname":"Mac.home","msg":"Connection is now AwaitingInitialSync, buffering events"}
{"level":30,"time":1774720934670,"pid":70310,"hostname":"Mac.home","msg":"History sync is disabled by config, not waiting for notification. Transitioning to Online."}
{"level":30,"time":1774720934856,"pid":70310,"hostname":"Mac.home","msg":"opened connection to WA"}
[WhatsApp] ✅ Bağlantı başarılı!
{"level":30,"time":1774720934869,"pid":70310,"hostname":"Mac.home","myPN":"905333559848:2@s.whatsapp.net","myLID":"129879995613400:2@lid","msg":"Own LID session created successfully"}
{"level":50,"time":1774720939622,"pid":70310,"hostname":"Mac.home","reasonNode":{"tag":"conflict","attrs":{"type":"replaced"}},"fullErrorNode":{"tag":"stream:error","attrs":{},"content":[{"tag":"conflict","attrs":{"type":"replaced"}}]},"msg":"stream errored out"}
{"level":30,"time":1774720939622,"pid":70310,"hostname":"Mac.home","trace":"Error: Stream Errored (conflict)\n    at WebSocketClient.<anonymous> (file:///Users/salihozgen/Desktop/psikolog-projesi/node_modules/@whiskeysockets/baileys/lib/Socket/socket.js:780:13)\n    at WebSocketClient.emit (node:events:518:28)\n    at file:///Users/salihozgen/Desktop/psikolog-projesi/node_modules/@whiskeysockets/baileys/lib/Socket/socket.js:464:35\n    at Object.decodeFrame (file:///Users/salihozgen/Desktop/psikolog-projesi/node_modules/@whiskeysockets/baileys/lib/Utils/noise-handler.js:141:17)\n    at process.processTicksAndRejections (node:internal/process/task_queues:105:5)\n    at async WebSocketClient.onMessageReceived (file:///Users/salihozgen/Desktop/psikolog-projesi/node_modules/@whiskeysockets/baileys/lib/Socket/socket.js:441:9)","msg":"connection errored"}
[WhatsApp] Bot süreci başlatılıyor...
{"level":30,"time":1774720944942,"pid":70310,"hostname":"Mac.home","browser":["Ubuntu","Chrome","122.0.0"],"helloMsg":{"clientHello":{"ephemeral":"Tyij1xbHW8S/ZaqaHxBz0xn+oBGv1GcK8J9N0NfelW0="}},"msg":"connected to WA"}
{"level":30,"time":1774720945100,"pid":70310,"hostname":"Mac.home","node":{"username":"905333559848","passive":true,"userAgent":{"platform":"WEB","appVersion":{"primary":2,"secondary":3000,"tertiary":1035194821},"mcc":"000","mnc":"000","osVersion":"0.1","device":"Desktop","osBuildNumber":"0.1","releaseChannel":"RELEASE","localeLanguageIso6391":"en","localeCountryIso31661Alpha2":"US"},"webInfo":{"webSubPlatform":"WEB_BROWSER"},"connectType":"WIFI_UNKNOWN","connectReason":"USER_ACTIVATED","device":2,"pull":true,"lidDbMigrated":false},"msg":"logging in..."}
{"level":30,"time":1774720945442,"pid":70310,"hostname":"Mac.home","msg":"5 pre-keys found on server"}
{"level":30,"time":1774720945442,"pid":70310,"hostname":"Mac.home","msg":"Current prekey ID: 2247, exists in storage: true"}
{"level":30,"time":1774720945442,"pid":70310,"hostname":"Mac.home","msg":"Uploading PreKeys due to: server count low (5)"}
{"level":30,"time":1774720945442,"pid":70310,"hostname":"Mac.home","count":5,"retryCount":0,"msg":"uploading pre-keys"}
{"level":30,"time":1774720945649,"pid":70310,"hostname":"Mac.home","count":5,"msg":"uploaded pre-keys successfully"}
{"level":30,"time":1774720945861,"pid":70310,"hostname":"Mac.home","msg":"handled 0 offline messages/notifications"}
{"level":30,"time":1774720945861,"pid":70310,"hostname":"Mac.home","msg":"Connection is now AwaitingInitialSync, buffering events"}
{"level":30,"time":1774720945861,"pid":70310,"hostname":"Mac.home","msg":"History sync is disabled by config, not waiting for notification. Transitioning to Online."}
{"level":30,"time":1774720945965,"pid":70310,"hostname":"Mac.home","msg":"opened connection to WA"}
[WhatsApp] ✅ Bağlantı başarılı!
{"level":30,"time":1774720945976,"pid":70310,"hostname":"Mac.home","myPN":"905333559848:2@s.whatsapp.net","myLID":"129879995613400:2@lid","msg":"Own LID session created successfully"}
{"level":50,"time":1774720951131,"pid":70310,"hostname":"Mac.home","reasonNode":{"tag":"conflict","attrs":{"type":"replaced"}},"fullErrorNode":{"tag":"stream:error","attrs":{},"content":[{"tag":"conflict","attrs":{"type":"replaced"}}]},"msg":"stream errored out"}
{"level":30,"time":1774720951131,"pid":70310,"hostname":"Mac.home","trace":"Error: Stream Errored (conflict)\n    at WebSocketClient.<anonymous> (file:///Users/salihozgen/Desktop/psikolog-projesi/node_modules/@whiskeysockets/baileys/lib/Socket/socket.js:780:13)\n    at WebSocketClient.emit (node:events:518:28)\n    at file:///Users/salihozgen/Desktop/psikolog-projesi/node_modules/@whiskeysockets/baileys/lib/Socket/socket.js:464:35\n    at Object.decodeFrame (file:///Users/salihozgen/Desktop/psikolog-projesi/node_modules/@whiskeysockets/baileys/lib/Utils/noise-handler.js:141:17)\n    at process.processTicksAndRejections (node:internal/process/task_queues:105:5)\n    at async WebSocketClient.onMessageReceived (file:///Users/salihozgen/Desktop/psikolog-projesi/node_modules/@whiskeysockets/baileys/lib/Socket/socket.js:441:9)","msg":"connection errored"}
[WhatsApp] Bot süreci başlatılıyor...
{"level":30,"time":1774720956407,"pid":70310,"hostname":"Mac.home","browser":["Ubuntu","Chrome","122.0.0"],"helloMsg":{"clientHello":{"ephemeral":"Z4XA6EepbqVeV7G2RbVigmj5yZf3Dhzjfflex/jDNkE="}},"msg":"connected to WA"}
{"level":30,"time":1774720956507,"pid":70310,"hostname":"Mac.home","node":{"username":"905333559848","passive":true,"userAgent":{"platform":"WEB","appVersion":{"primary":2,"secondary":3000,"tertiary":1035194821},"mcc":"000","mnc":"000","osVersion":"0.1","device":"Desktop","osBuildNumber":"0.1","releaseChannel":"RELEASE","localeLanguageIso6391":"en","localeCountryIso31661Alpha2":"US"},"webInfo":{"webSubPlatform":"WEB_BROWSER"},"connectType":"WIFI_UNKNOWN","connectReason":"USER_ACTIVATED","device":2,"pull":true,"lidDbMigrated":false},"msg":"logging in..."}
{"level":30,"time":1774720957376,"pid":70310,"hostname":"Mac.home","msg":"5 pre-keys found on server"}
{"level":30,"time":1774720957376,"pid":70310,"hostname":"Mac.home","msg":"Current prekey ID: 2257, exists in storage: true"}
{"level":30,"time":1774720957376,"pid":70310,"hostname":"Mac.home","msg":"Uploading PreKeys due to: server count low (5)"}
{"level":30,"time":1774720957377,"pid":70310,"hostname":"Mac.home","count":5,"retryCount":0,"msg":"uploading pre-keys"}
{"level":30,"time":1774720957864,"pid":70310,"hostname":"Mac.home","count":5,"msg":"uploaded pre-keys successfully"}
{"level":30,"time":1774720958109,"pid":70310,"hostname":"Mac.home","msg":"handled 0 offline messages/notifications"}
{"level":30,"time":1774720958109,"pid":70310,"hostname":"Mac.home","msg":"Connection is now AwaitingInitialSync, buffering events"}
{"level":30,"time":1774720958109,"pid":70310,"hostname":"Mac.home","msg":"History sync is disabled by config, not waiting for notification. Transitioning to Online."}
{"level":30,"time":1774720958157,"pid":70310,"hostname":"Mac.home","msg":"opened connection to WA"}
[WhatsApp] ✅ Bağlantı başarılı!
{"level":30,"time":1774720958173,"pid":70310,"hostname":"Mac.home","myPN":"905333559848:2@s.whatsapp.net","myLID":"129879995613400:2@lid","msg":"Own LID session created successfully"}
{"level":50,"time":1774720962435,"pid":70310,"hostname":"Mac.home","reasonNode":{"tag":"conflict","attrs":{"type":"replaced"}},"fullErrorNode":{"tag":"stream:error","attrs":{},"content":[{"tag":"conflict","attrs":{"type":"replaced"}}]},"msg":"stream errored out"}
{"level":30,"time":1774720962435,"pid":70310,"hostname":"Mac.home","trace":"Error: Stream Errored (conflict)\n    at WebSocketClient.<anonymous> (file:///Users/salihozgen/Desktop/psikolog-projesi/node_modules/@whiskeysockets/baileys/lib/Socket/socket.js:780:13)\n    at WebSocketClient.emit (node:events:518:28)\n    at file:///Users/salihozgen/Desktop/psikolog-projesi/node_modules/@whiskeysockets/baileys/lib/Socket/socket.js:464:35\n    at Object.decodeFrame (file:///Users/salihozgen/Desktop/psikolog-projesi/node_modules/@whiskeysockets/baileys/lib/Utils/noise-handler.js:141:17)\n    at process.processTicksAndRejections (node:internal/process/task_queues:105:5)\n    at async WebSocketClient.onMessageReceived (file:///Users/salihozgen/Desktop/psikolog-projesi/node_modules/@whiskeysockets/baileys/lib/Socket/socket.js:441:9)","msg":"connection errored"}
[WhatsApp] Bot süreci başlatılıyor...
{"level":30,"time":1774720967681,"pid":70310,"hostname":"Mac.home","browser":["Ubuntu","Chrome","122.0.0"],"helloMsg":{"clientHello":{"ephemeral":"u0L296F9jK+mctCZJM3sk5PzBhnLt6wRBcCVqMcYyGU="}},"msg":"connected to WA"}
{"level":30,"time":1774720967756,"pid":70310,"hostname":"Mac.home","node":{"username":"905333559848","passive":true,"userAgent":{"platform":"WEB","appVersion":{"primary":2,"secondary":3000,"tertiary":1035194821},"mcc":"000","mnc":"000","osVersion":"0.1","device":"Desktop","osBuildNumber":"0.1","releaseChannel":"RELEASE","localeLanguageIso6391":"en","localeCountryIso31661Alpha2":"US"},"webInfo":{"webSubPlatform":"WEB_BROWSER"},"connectType":"WIFI_UNKNOWN","connectReason":"USER_ACTIVATED","device":2,"pull":true,"lidDbMigrated":false},"msg":"logging in..."}
{"level":30,"time":1774720968265,"pid":70310,"hostname":"Mac.home","msg":"5 pre-keys found on server"}
{"level":30,"time":1774720968265,"pid":70310,"hostname":"Mac.home","msg":"Current prekey ID: 2267, exists in storage: true"}
{"level":30,"time":1774720968265,"pid":70310,"hostname":"Mac.home","msg":"Uploading PreKeys due to: server count low (5)"}
{"level":30,"time":1774720968265,"pid":70310,"hostname":"Mac.home","count":5,"retryCount":0,"msg":"uploading pre-keys"}
{"level":30,"time":1774720968857,"pid":70310,"hostname":"Mac.home","count":5,"msg":"uploaded pre-keys successfully"}
{"level":30,"time":1774720969061,"pid":70310,"hostname":"Mac.home","msg":"handled 0 offline messages/notifications"}
{"level":30,"time":1774720969062,"pid":70310,"hostname":"Mac.home","msg":"Connection is now AwaitingInitialSync, buffering events"}
{"level":30,"time":1774720969062,"pid":70310,"hostname":"Mac.home","msg":"History sync is disabled by config, not waiting for notification. Transitioning to Online."}
{"level":30,"time":1774720969098,"pid":70310,"hostname":"Mac.home","msg":"opened connection to WA"}
[WhatsApp] ✅ Bağlantı başarılı!
{"level":30,"time":1774720969109,"pid":70310,"hostname":"Mac.home","myPN":"905333559848:2@s.whatsapp.net","myLID":"129879995613400:2@lid","msg":"Own LID session created successfully"}
{"level":50,"time":1774720973546,"pid":70310,"hostname":"Mac.home","reasonNode":{"tag":"conflict","attrs":{"type":"replaced"}},"fullErrorNode":{"tag":"stream:error","attrs":{},"content":[{"tag":"conflict","attrs":{"type":"replaced"}}]},"msg":"stream errored out"}
{"level":30,"time":1774720973546,"pid":70310,"hostname":"Mac.home","trace":"Error: Stream Errored (conflict)\n    at WebSocketClient.<anonymous> (file:///Users/salihozgen/Desktop/psikolog-projesi/node_modules/@whiskeysockets/baileys/lib/Socket/socket.js:780:13)\n    at WebSocketClient.emit (node:events:518:28)\n    at file:///Users/salihozgen/Desktop/psikolog-projesi/node_modules/@whiskeysockets/baileys/lib/Socket/socket.js:464:35\n    at Object.decodeFrame (file:///Users/salihozgen/Desktop/psikolog-projesi/node_modules/@whiskeysockets/baileys/lib/Utils/noise-handler.js:141:17)\n    at process.processTicksAndRejections (node:internal/process/task_queues:105:5)\n    at async WebSocketClient.onMessageReceived (file:///Users/salihozgen/Desktop/psikolog-projesi/node_modules/@whiskeysockets/baileys/lib/Socket/socket.js:441:9)","msg":"connection errored"}
[WhatsApp] Bot süreci başlatılıyor...
{"level":30,"time":1774720978887,"pid":70310,"hostname":"Mac.home","browser":["Ubuntu","Chrome","122.0.0"],"helloMsg":{"clientHello":{"ephemeral":"RepTJsS1rTiqEK15ovHZKAyFl8qcRwe61OSL2fmwpV4="}},"msg":"connected to WA"}
{"level":30,"time":1774720979052,"pid":70310,"hostname":"Mac.home","node":{"username":"905333559848","passive":true,"userAgent":{"platform":"WEB","appVersion":{"primary":2,"secondary":3000,"tertiary":1035194821},"mcc":"000","mnc":"000","osVersion":"0.1","device":"Desktop","osBuildNumber":"0.1","releaseChannel":"RELEASE","localeLanguageIso6391":"en","localeCountryIso31661Alpha2":"US"},"webInfo":{"webSubPlatform":"WEB_BROWSER"},"connectType":"WIFI_UNKNOWN","connectReason":"USER_ACTIVATED","device":2,"pull":true,"lidDbMigrated":false},"msg":"logging in..."}
{"level":30,"time":1774720979369,"pid":70310,"hostname":"Mac.home","msg":"5 pre-keys found on server"}
{"level":30,"time":1774720979369,"pid":70310,"hostname":"Mac.home","msg":"Current prekey ID: 2277, exists in storage: true"}
{"level":30,"time":1774720979369,"pid":70310,"hostname":"Mac.home","msg":"Uploading PreKeys due to: server count low (5)"}
{"level":30,"time":1774720979369,"pid":70310,"hostname":"Mac.home","count":5,"retryCount":0,"msg":"uploading pre-keys"}
{"level":30,"time":1774720979568,"pid":70310,"hostname":"Mac.home","count":5,"msg":"uploaded pre-keys successfully"}
{"level":30,"time":1774720979778,"pid":70310,"hostname":"Mac.home","msg":"handled 0 offline messages/notifications"}
{"level":30,"time":1774720979778,"pid":70310,"hostname":"Mac.home","msg":"Connection is now AwaitingInitialSync, buffering events"}
{"level":30,"time":1774720979778,"pid":70310,"hostname":"Mac.home","msg":"History sync is disabled by config, not waiting for notification. Transitioning to Online."}
{"level":30,"time":1774720979879,"pid":70310,"hostname":"Mac.home","msg":"opened connection to WA"}
[WhatsApp] ✅ Bağlantı başarılı!
{"level":30,"time":1774720979883,"pid":70310,"hostname":"Mac.home","myPN":"905333559848:2@s.whatsapp.net","myLID":"129879995613400:2@lid","msg":"Own LID session created successfully"}
{"level":50,"time":1774720985316,"pid":70310,"hostname":"Mac.home","reasonNode":{"tag":"conflict","attrs":{"type":"replaced"}},"fullErrorNode":{"tag":"stream:error","attrs":{},"content":[{"tag":"conflict","attrs":{"type":"replaced"}}]},"msg":"stream errored out"}
{"level":30,"time":1774720985316,"pid":70310,"hostname":"Mac.home","trace":"Error: Stream Errored (conflict)\n    at WebSocketClient.<anonymous> (file:///Users/salihozgen/Desktop/psikolog-projesi/node_modules/@whiskeysockets/baileys/lib/Socket/socket.js:780:13)\n    at WebSocketClient.emit (node:events:518:28)\n    at file:///Users/salihozgen/Desktop/psikolog-projesi/node_modules/@whiskeysockets/baileys/lib/Socket/socket.js:464:35\n    at Object.decodeFrame (file:///Users/salihozgen/Desktop/psikolog-projesi/node_modules/@whiskeysockets/baileys/lib/Utils/noise-handler.js:141:17)\n    at process.processTicksAndRejections (node:internal/process/task_queues:105:5)\n    at async WebSocketClient.onMessageReceived (file:///Users/salihozgen/Desktop/psikolog-projesi/node_modules/@whiskeysockets/baileys/lib/Socket/socket.js:441:9)","msg":"connection errored"}
[WhatsApp] Bot süreci başlatılıyor...
{"level":30,"time":1774720990587,"pid":70310,"hostname":"Mac.home","browser":["Ubuntu","Chrome","122.0.0"],"helloMsg":{"clientHello":{"ephemeral":"ZKt5b1w+X+uX8moBp5XZ5/TdvV2Q9tkRR/x1qweLAmQ="}},"msg":"connected to WA"}
{"level":30,"time":1774720990677,"pid":70310,"hostname":"Mac.home","node":{"username":"905333559848","passive":true,"userAgent":{"platform":"WEB","appVersion":{"primary":2,"secondary":3000,"tertiary":1035194821},"mcc":"000","mnc":"000","osVersion":"0.1","device":"Desktop","osBuildNumber":"0.1","releaseChannel":"RELEASE","localeLanguageIso6391":"en","localeCountryIso31661Alpha2":"US"},"webInfo":{"webSubPlatform":"WEB_BROWSER"},"connectType":"WIFI_UNKNOWN","connectReason":"USER_ACTIVATED","device":2,"pull":true,"lidDbMigrated":false},"msg":"logging in..."}
{"level":30,"time":1774720991603,"pid":70310,"hostname":"Mac.home","msg":"5 pre-keys found on server"}
{"level":30,"time":1774720991604,"pid":70310,"hostname":"Mac.home","msg":"Current prekey ID: 2287, exists in storage: true"}
{"level":30,"time":1774720991604,"pid":70310,"hostname":"Mac.home","msg":"Uploading PreKeys due to: server count low (5)"}
{"level":30,"time":1774720991604,"pid":70310,"hostname":"Mac.home","count":5,"retryCount":0,"msg":"uploading pre-keys"}
{"level":30,"time":1774720992186,"pid":70310,"hostname":"Mac.home","count":5,"msg":"uploaded pre-keys successfully"}
{"level":30,"time":1774720992382,"pid":70310,"hostname":"Mac.home","msg":"handled 0 offline messages/notifications"}
{"level":30,"time":1774720992383,"pid":70310,"hostname":"Mac.home","msg":"Connection is now AwaitingInitialSync, buffering events"}
{"level":30,"time":1774720992383,"pid":70310,"hostname":"Mac.home","msg":"History sync is disabled by config, not waiting for notification. Transitioning to Online."}
{"level":30,"time":1774720992603,"pid":70310,"hostname":"Mac.home","msg":"opened connection to WA"}
[WhatsApp] ✅ Bağlantı başarılı!
{"level":30,"time":1774720992608,"pid":70310,"hostname":"Mac.home","myPN":"905333559848:2@s.whatsapp.net","myLID":"129879995613400:2@lid","msg":"Own LID session created successfully"}
{"level":50,"time":1774720996988,"pid":70310,"hostname":"Mac.home","reasonNode":{"tag":"conflict","attrs":{"type":"replaced"}},"fullErrorNode":{"tag":"stream:error","attrs":{},"content":[{"tag":"conflict","attrs":{"type":"replaced"}}]},"msg":"stream errored out"}
{"level":30,"time":1774720996988,"pid":70310,"hostname":"Mac.home","trace":"Error: Stream Errored (conflict)\n    at WebSocketClient.<anonymous> (file:///Users/salihozgen/Desktop/psikolog-projesi/node_modules/@whiskeysockets/baileys/lib/Socket/socket.js:780:13)\n    at WebSocketClient.emit (node:events:518:28)\n    at file:///Users/salihozgen/Desktop/psikolog-projesi/node_modules/@whiskeysockets/baileys/lib/Socket/socket.js:464:35\n    at Object.decodeFrame (file:///Users/salihozgen/Desktop/psikolog-projesi/node_modules/@whiskeysockets/baileys/lib/Utils/noise-handler.js:141:17)\n    at process.processTicksAndRejections (node:internal/process/task_queues:105:5)\n    at async WebSocketClient.onMessageReceived (file:///Users/salihozgen/Desktop/psikolog-projesi/node_modules/@whiskeysockets/baileys/lib/Socket/socket.js:441:9)","msg":"connection errored"}
[WhatsApp] Bot süreci başlatılıyor...
{"level":30,"time":1774721002253,"pid":70310,"hostname":"Mac.home","browser":["Ubuntu","Chrome","122.0.0"],"helloMsg":{"clientHello":{"ephemeral":"dceAH0Ojw4Wgw8GTm4SJQCzXaJ5BTxp+J7cSveeLDVs="}},"msg":"connected to WA"}
{"level":30,"time":1774721002345,"pid":70310,"hostname":"Mac.home","node":{"username":"905333559848","passive":true,"userAgent":{"platform":"WEB","appVersion":{"primary":2,"secondary":3000,"tertiary":1035194821},"mcc":"000","mnc":"000","osVersion":"0.1","device":"Desktop","osBuildNumber":"0.1","releaseChannel":"RELEASE","localeLanguageIso6391":"en","localeCountryIso31661Alpha2":"US"},"webInfo":{"webSubPlatform":"WEB_BROWSER"},"connectType":"WIFI_UNKNOWN","connectReason":"USER_ACTIVATED","device":2,"pull":true,"lidDbMigrated":false},"msg":"logging in..."}
{"level":30,"time":1774721002993,"pid":70310,"hostname":"Mac.home","msg":"5 pre-keys found on server"}
{"level":30,"time":1774721002993,"pid":70310,"hostname":"Mac.home","msg":"Current prekey ID: 2297, exists in storage: true"}
{"level":30,"time":1774721002993,"pid":70310,"hostname":"Mac.home","msg":"Uploading PreKeys due to: server count low (5)"}
{"level":30,"time":1774721002993,"pid":70310,"hostname":"Mac.home","count":5,"retryCount":0,"msg":"uploading pre-keys"}
{"level":30,"time":1774721003626,"pid":70310,"hostname":"Mac.home","count":5,"msg":"uploaded pre-keys successfully"}
{"level":30,"time":1774721003820,"pid":70310,"hostname":"Mac.home","msg":"handled 0 offline messages/notifications"}
{"level":30,"time":1774721003820,"pid":70310,"hostname":"Mac.home","msg":"Connection is now AwaitingInitialSync, buffering events"}
{"level":30,"time":1774721003820,"pid":70310,"hostname":"Mac.home","msg":"History sync is disabled by config, not waiting for notification. Transitioning to Online."}
{"level":30,"time":1774721004019,"pid":70310,"hostname":"Mac.home","msg":"opened connection to WA"}
[WhatsApp] ✅ Bağlantı başarılı!
{"level":30,"time":1774721004024,"pid":70310,"hostname":"Mac.home","myPN":"905333559848:2@s.whatsapp.net","myLID":"129879995613400:2@lid","msg":"Own LID session created successfully"}
{"level":50,"time":1774721008453,"pid":70310,"hostname":"Mac.home","reasonNode":{"tag":"conflict","attrs":{"type":"replaced"}},"fullErrorNode":{"tag":"stream:error","attrs":{},"content":[{"tag":"conflict","attrs":{"type":"replaced"}}]},"msg":"stream errored out"}
{"level":30,"time":1774721008454,"pid":70310,"hostname":"Mac.home","trace":"Error: Stream Errored (conflict)\n    at WebSocketClient.<anonymous> (file:///Users/salihozgen/Desktop/psikolog-projesi/node_modules/@whiskeysockets/baileys/lib/Socket/socket.js:780:13)\n    at WebSocketClient.emit (node:events:518:28)\n    at file:///Users/salihozgen/Desktop/psikolog-projesi/node_modules/@whiskeysockets/baileys/lib/Socket/socket.js:464:35\n    at Object.decodeFrame (file:///Users/salihozgen/Desktop/psikolog-projesi/node_modules/@whiskeysockets/baileys/lib/Utils/noise-handler.js:141:17)\n    at process.processTicksAndRejections (node:internal/process/task_queues:105:5)\n    at async WebSocketClient.onMessageReceived (file:///Users/salihozgen/Desktop/psikolog-projesi/node_modules/@whiskeysockets/baileys/lib/Socket/socket.js:441:9)","msg":"connection errored"}
[WhatsApp] Bot süreci başlatılıyor...
{"level":30,"time":1774721013779,"pid":70310,"hostname":"Mac.home","browser":["Ubuntu","Chrome","122.0.0"],"helloMsg":{"clientHello":{"ephemeral":"n+CaCIX/OXPo523n7pbDkutsxZgDKxe93YrxS107mEc="}},"msg":"connected to WA"}
{"level":30,"time":1774721013943,"pid":70310,"hostname":"Mac.home","node":{"username":"905333559848","passive":true,"userAgent":{"platform":"WEB","appVersion":{"primary":2,"secondary":3000,"tertiary":1035194821},"mcc":"000","mnc":"000","osVersion":"0.1","device":"Desktop","osBuildNumber":"0.1","releaseChannel":"RELEASE","localeLanguageIso6391":"en","localeCountryIso31661Alpha2":"US"},"webInfo":{"webSubPlatform":"WEB_BROWSER"},"connectType":"WIFI_UNKNOWN","connectReason":"USER_ACTIVATED","device":2,"pull":true,"lidDbMigrated":false},"msg":"logging in..."}
{"level":30,"time":1774721014264,"pid":70310,"hostname":"Mac.home","msg":"5 pre-keys found on server"}
{"level":30,"time":1774721014264,"pid":70310,"hostname":"Mac.home","msg":"Current prekey ID: 2307, exists in storage: true"}
{"level":30,"time":1774721014264,"pid":70310,"hostname":"Mac.home","msg":"Uploading PreKeys due to: server count low (5)"}
{"level":30,"time":1774721014264,"pid":70310,"hostname":"Mac.home","count":5,"retryCount":0,"msg":"uploading pre-keys"}
{"level":30,"time":1774721014465,"pid":70310,"hostname":"Mac.home","count":5,"msg":"uploaded pre-keys successfully"}
{"level":30,"time":1774721014676,"pid":70310,"hostname":"Mac.home","msg":"handled 0 offline messages/notifications"}
{"level":30,"time":1774721014676,"pid":70310,"hostname":"Mac.home","msg":"Connection is now AwaitingInitialSync, buffering events"}
{"level":30,"time":1774721014676,"pid":70310,"hostname":"Mac.home","msg":"History sync is disabled by config, not waiting for notification. Transitioning to Online."}
{"level":30,"time":1774721014779,"pid":70310,"hostname":"Mac.home","msg":"opened connection to WA"}
[WhatsApp] ✅ Bağlantı başarılı!
{"level":30,"time":1774721014793,"pid":70310,"hostname":"Mac.home","myPN":"905333559848:2@s.whatsapp.net","myLID":"129879995613400:2@lid","msg":"Own LID session created successfully"}
{"level":50,"time":1774721020039,"pid":70310,"hostname":"Mac.home","reasonNode":{"tag":"conflict","attrs":{"type":"replaced"}},"fullErrorNode":{"tag":"stream:error","attrs":{},"content":[{"tag":"conflict","attrs":{"type":"replaced"}}]},"msg":"stream errored out"}
{"level":30,"time":1774721020039,"pid":70310,"hostname":"Mac.home","trace":"Error: Stream Errored (conflict)\n    at WebSocketClient.<anonymous> (file:///Users/salihozgen/Desktop/psikolog-projesi/node_modules/@whiskeysockets/baileys/lib/Socket/socket.js:780:13)\n    at WebSocketClient.emit (node:events:518:28)\n    at file:///Users/salihozgen/Desktop/psikolog-projesi/node_modules/@whiskeysockets/baileys/lib/Socket/socket.js:464:35\n    at Object.decodeFrame (file:///Users/salihozgen/Desktop/psikolog-projesi/node_modules/@whiskeysockets/baileys/lib/Utils/noise-handler.js:141:17)\n    at process.processTicksAndRejections (node:internal/process/task_queues:105:5)\n    at async WebSocketClient.onMessageReceived (file:///Users/salihozgen/Desktop/psikolog-projesi/node_modules/@whiskeysockets/baileys/lib/Socket/socket.js:441:9)","msg":"connection errored"}
[WhatsApp] Bot süreci başlatılıyor...
{"level":30,"time":1774721025424,"pid":70310,"hostname":"Mac.home","browser":["Ubuntu","Chrome","122.0.0"],"helloMsg":{"clientHello":{"ephemeral":"Rf00iCKWzmzFevcLg8BZKwp7SRXNQpxoTgQk7KVG1TM="}},"msg":"connected to WA"}
{"level":30,"time":1774721025622,"pid":70310,"hostname":"Mac.home","node":{"username":"905333559848","passive":true,"userAgent":{"platform":"WEB","appVersion":{"primary":2,"secondary":3000,"tertiary":1035194821},"mcc":"000","mnc":"000","osVersion":"0.1","device":"Desktop","osBuildNumber":"0.1","releaseChannel":"RELEASE","localeLanguageIso6391":"en","localeCountryIso31661Alpha2":"US"},"webInfo":{"webSubPlatform":"WEB_BROWSER"},"connectType":"WIFI_UNKNOWN","connectReason":"USER_ACTIVATED","device":2,"pull":true,"lidDbMigrated":false},"msg":"logging in..."}
{"level":30,"time":1774721026081,"pid":70310,"hostname":"Mac.home","msg":"5 pre-keys found on server"}
{"level":30,"time":1774721026081,"pid":70310,"hostname":"Mac.home","msg":"Current prekey ID: 2317, exists in storage: true"}
{"level":30,"time":1774721026081,"pid":70310,"hostname":"Mac.home","msg":"Uploading PreKeys due to: server count low (5)"}
{"level":30,"time":1774721026081,"pid":70310,"hostname":"Mac.home","count":5,"retryCount":0,"msg":"uploading pre-keys"}
{"level":30,"time":1774721026420,"pid":70310,"hostname":"Mac.home","count":5,"msg":"uploaded pre-keys successfully"}
{"level":30,"time":1774721026658,"pid":70310,"hostname":"Mac.home","msg":"handled 0 offline messages/notifications"}
{"level":30,"time":1774721026658,"pid":70310,"hostname":"Mac.home","msg":"Connection is now AwaitingInitialSync, buffering events"}
{"level":30,"time":1774721026658,"pid":70310,"hostname":"Mac.home","msg":"History sync is disabled by config, not waiting for notification. Transitioning to Online."}
{"level":30,"time":1774721026847,"pid":70310,"hostname":"Mac.home","msg":"opened connection to WA"}
[WhatsApp] ✅ Bağlantı başarılı!
{"level":30,"time":1774721026863,"pid":70310,"hostname":"Mac.home","myPN":"905333559848:2@s.whatsapp.net","myLID":"129879995613400:2@lid","msg":"Own LID session created successfully"}
{"level":50,"time":1774721032012,"pid":70310,"hostname":"Mac.home","reasonNode":{"tag":"conflict","attrs":{"type":"replaced"}},"fullErrorNode":{"tag":"stream:error","attrs":{},"content":[{"tag":"conflict","attrs":{"type":"replaced"}}]},"msg":"stream errored out"}
{"level":30,"time":1774721032012,"pid":70310,"hostname":"Mac.home","trace":"Error: Stream Errored (conflict)\n    at WebSocketClient.<anonymous> (file:///Users/salihozgen/Desktop/psikolog-projesi/node_modules/@whiskeysockets/baileys/lib/Socket/socket.js:780:13)\n    at WebSocketClient.emit (node:events:518:28)\n    at file:///Users/salihozgen/Desktop/psikolog-projesi/node_modules/@whiskeysockets/baileys/lib/Socket/socket.js:464:35\n    at Object.decodeFrame (file:///Users/salihozgen/Desktop/psikolog-projesi/node_modules/@whiskeysockets/baileys/lib/Utils/noise-handler.js:141:17)\n    at process.processTicksAndRejections (node:internal/process/task_queues:105:5)\n    at async WebSocketClient.onMessageReceived (file:///Users/salihozgen/Desktop/psikolog-projesi/node_modules/@whiskeysockets/baileys/lib/Socket/socket.js:441:9)","msg":"connection errored"}
[WhatsApp] Bot süreci başlatılıyor...
{"level":30,"time":1774721037294,"pid":70310,"hostname":"Mac.home","browser":["Ubuntu","Chrome","122.0.0"],"helloMsg":{"clientHello":{"ephemeral":"U1kVckzwkm1ZuWIfuwoNz0XCOGhai6EEk8+v2qkCq1I="}},"msg":"connected to WA"}
{"level":30,"time":1774721037393,"pid":70310,"hostname":"Mac.home","node":{"username":"905333559848","passive":true,"userAgent":{"platform":"WEB","appVersion":{"primary":2,"secondary":3000,"tertiary":1035194821},"mcc":"000","mnc":"000","osVersion":"0.1","device":"Desktop","osBuildNumber":"0.1","releaseChannel":"RELEASE","localeLanguageIso6391":"en","localeCountryIso31661Alpha2":"US"},"webInfo":{"webSubPlatform":"WEB_BROWSER"},"connectType":"WIFI_UNKNOWN","connectReason":"USER_ACTIVATED","device":2,"pull":true,"lidDbMigrated":false},"msg":"logging in..."}
{"level":30,"time":1774721038227,"pid":70310,"hostname":"Mac.home","msg":"5 pre-keys found on server"}
{"level":30,"time":1774721038227,"pid":70310,"hostname":"Mac.home","msg":"Current prekey ID: 2327, exists in storage: true"}
{"level":30,"time":1774721038227,"pid":70310,"hostname":"Mac.home","msg":"Uploading PreKeys due to: server count low (5)"}
{"level":30,"time":1774721038227,"pid":70310,"hostname":"Mac.home","count":5,"retryCount":0,"msg":"uploading pre-keys"}
{"level":30,"time":1774721038719,"pid":70310,"hostname":"Mac.home","count":5,"msg":"uploaded pre-keys successfully"}
{"level":30,"time":1774721038960,"pid":70310,"hostname":"Mac.home","msg":"handled 0 offline messages/notifications"}
{"level":30,"time":1774721038961,"pid":70310,"hostname":"Mac.home","msg":"Connection is now AwaitingInitialSync, buffering events"}
{"level":30,"time":1774721038961,"pid":70310,"hostname":"Mac.home","msg":"History sync is disabled by config, not waiting for notification. Transitioning to Online."}
{"level":30,"time":1774721039032,"pid":70310,"hostname":"Mac.home","msg":"opened connection to WA"}
[WhatsApp] ✅ Bağlantı başarılı!
{"level":30,"time":1774721039049,"pid":70310,"hostname":"Mac.home","myPN":"905333559848:2@s.whatsapp.net","myLID":"129879995613400:2@lid","msg":"Own LID session created successfully"}
{"level":50,"time":1774721043295,"pid":70310,"hostname":"Mac.home","reasonNode":{"tag":"conflict","attrs":{"type":"replaced"}},"fullErrorNode":{"tag":"stream:error","attrs":{},"content":[{"tag":"conflict","attrs":{"type":"replaced"}}]},"msg":"stream errored out"}
{"level":30,"time":1774721043296,"pid":70310,"hostname":"Mac.home","trace":"Error: Stream Errored (conflict)\n    at WebSocketClient.<anonymous> (file:///Users/salihozgen/Desktop/psikolog-projesi/node_modules/@whiskeysockets/baileys/lib/Socket/socket.js:780:13)\n    at WebSocketClient.emit (node:events:518:28)\n    at file:///Users/salihozgen/Desktop/psikolog-projesi/node_modules/@whiskeysockets/baileys/lib/Socket/socket.js:464:35\n    at Object.decodeFrame (file:///Users/salihozgen/Desktop/psikolog-projesi/node_modules/@whiskeysockets/baileys/lib/Utils/noise-handler.js:141:17)\n    at process.processTicksAndRejections (node:internal/process/task_queues:105:5)\n    at async WebSocketClient.onMessageReceived (file:///Users/salihozgen/Desktop/psikolog-projesi/node_modules/@whiskeysockets/baileys/lib/Socket/socket.js:441:9)","msg":"connection errored"}
[WhatsApp] Bot süreci başlatılıyor...
{"level":30,"time":1774721048629,"pid":70310,"hostname":"Mac.home","browser":["Ubuntu","Chrome","122.0.0"],"helloMsg":{"clientHello":{"ephemeral":"D4xAlZ0RBd5SWtty+7hVUDQw4shvfhG46YM1RhiyvEQ="}},"msg":"connected to WA"}
{"level":30,"time":1774721048785,"pid":70310,"hostname":"Mac.home","node":{"username":"905333559848","passive":true,"userAgent":{"platform":"WEB","appVersion":{"primary":2,"secondary":3000,"tertiary":1035194821},"mcc":"000","mnc":"000","osVersion":"0.1","device":"Desktop","osBuildNumber":"0.1","releaseChannel":"RELEASE","localeLanguageIso6391":"en","localeCountryIso31661Alpha2":"US"},"webInfo":{"webSubPlatform":"WEB_BROWSER"},"connectType":"WIFI_UNKNOWN","connectReason":"USER_ACTIVATED","device":2,"pull":true,"lidDbMigrated":false},"msg":"logging in..."}
{"level":30,"time":1774721049150,"pid":70310,"hostname":"Mac.home","msg":"5 pre-keys found on server"}
{"level":30,"time":1774721049150,"pid":70310,"hostname":"Mac.home","msg":"Current prekey ID: 2337, exists in storage: true"}
{"level":30,"time":1774721049150,"pid":70310,"hostname":"Mac.home","msg":"Uploading PreKeys due to: server count low (5)"}
{"level":30,"time":1774721049150,"pid":70310,"hostname":"Mac.home","count":5,"retryCount":0,"msg":"uploading pre-keys"}
{"level":30,"time":1774721049385,"pid":70310,"hostname":"Mac.home","count":5,"msg":"uploaded pre-keys successfully"}
{"level":30,"time":1774721049543,"pid":70310,"hostname":"Mac.home","msg":"handled 0 offline messages/notifications"}
{"level":30,"time":1774721049543,"pid":70310,"hostname":"Mac.home","msg":"Connection is now AwaitingInitialSync, buffering events"}
{"level":30,"time":1774721049544,"pid":70310,"hostname":"Mac.home","msg":"History sync is disabled by config, not waiting for notification. Transitioning to Online."}
{"level":30,"time":1774721049707,"pid":70310,"hostname":"Mac.home","msg":"opened connection to WA"}
[WhatsApp] ✅ Bağlantı başarılı!
{"level":30,"time":1774721049721,"pid":70310,"hostname":"Mac.home","myPN":"905333559848:2@s.whatsapp.net","myLID":"129879995613400:2@lid","msg":"Own LID session created successfully"}
{"level":50,"time":1774721054759,"pid":70310,"hostname":"Mac.home","reasonNode":{"tag":"conflict","attrs":{"type":"replaced"}},"fullErrorNode":{"tag":"stream:error","attrs":{},"content":[{"tag":"conflict","attrs":{"type":"replaced"}}]},"msg":"stream errored out"}
{"level":30,"time":1774721054759,"pid":70310,"hostname":"Mac.home","trace":"Error: Stream Errored (conflict)\n    at WebSocketClient.<anonymous> (file:///Users/salihozgen/Desktop/psikolog-projesi/node_modules/@whiskeysockets/baileys/lib/Socket/socket.js:780:13)\n    at WebSocketClient.emit (node:events:518:28)\n    at file:///Users/salihozgen/Desktop/psikolog-projesi/node_modules/@whiskeysockets/baileys/lib/Socket/socket.js:464:35\n    at Object.decodeFrame (file:///Users/salihozgen/Desktop/psikolog-projesi/node_modules/@whiskeysockets/baileys/lib/Utils/noise-handler.js:141:17)\n    at process.processTicksAndRejections (node:internal/process/task_queues:105:5)\n    at async WebSocketClient.onMessageReceived (file:///Users/salihozgen/Desktop/psikolog-projesi/node_modules/@whiskeysockets/baileys/lib/Socket/socket.js:441:9)","msg":"connection errored"}
[WhatsApp] Bot süreci başlatılıyor...
{"level":30,"time":1774721060101,"pid":70310,"hostname":"Mac.home","browser":["Ubuntu","Chrome","122.0.0"],"helloMsg":{"clientHello":{"ephemeral":"/Dmv5bQD/FO+0VXTUAioW4JY8G0gdopRAGoFRhJ0gGI="}},"msg":"connected to WA"}
{"level":30,"time":1774721060262,"pid":70310,"hostname":"Mac.home","node":{"username":"905333559848","passive":true,"userAgent":{"platform":"WEB","appVersion":{"primary":2,"secondary":3000,"tertiary":1035194821},"mcc":"000","mnc":"000","osVersion":"0.1","device":"Desktop","osBuildNumber":"0.1","releaseChannel":"RELEASE","localeLanguageIso6391":"en","localeCountryIso31661Alpha2":"US"},"webInfo":{"webSubPlatform":"WEB_BROWSER"},"connectType":"WIFI_UNKNOWN","connectReason":"USER_ACTIVATED","device":2,"pull":true,"lidDbMigrated":false},"msg":"logging in..."}
{"level":30,"time":1774721060577,"pid":70310,"hostname":"Mac.home","msg":"5 pre-keys found on server"}
{"level":30,"time":1774721060577,"pid":70310,"hostname":"Mac.home","msg":"Current prekey ID: 2347, exists in storage: true"}
{"level":30,"time":1774721060577,"pid":70310,"hostname":"Mac.home","msg":"Uploading PreKeys due to: server count low (5)"}
{"level":30,"time":1774721060577,"pid":70310,"hostname":"Mac.home","count":5,"retryCount":0,"msg":"uploading pre-keys"}
{"level":30,"time":1774721060775,"pid":70310,"hostname":"Mac.home","count":5,"msg":"uploaded pre-keys successfully"}
{"level":30,"time":1774721060987,"pid":70310,"hostname":"Mac.home","msg":"handled 0 offline messages/notifications"}
{"level":30,"time":1774721060988,"pid":70310,"hostname":"Mac.home","msg":"Connection is now AwaitingInitialSync, buffering events"}
{"level":30,"time":1774721060988,"pid":70310,"hostname":"Mac.home","msg":"History sync is disabled by config, not waiting for notification. Transitioning to Online."}
{"level":30,"time":1774721061087,"pid":70310,"hostname":"Mac.home","msg":"opened connection to WA"}
[WhatsApp] ✅ Bağlantı başarılı!
{"level":30,"time":1774721061103,"pid":70310,"hostname":"Mac.home","myPN":"905333559848:2@s.whatsapp.net","myLID":"129879995613400:2@lid","msg":"Own LID session created successfully"}
{"level":50,"time":1774721066203,"pid":70310,"hostname":"Mac.home","reasonNode":{"tag":"conflict","attrs":{"type":"replaced"}},"fullErrorNode":{"tag":"stream:error","attrs":{},"content":[{"tag":"conflict","attrs":{"type":"replaced"}}]},"msg":"stream errored out"}
{"level":30,"time":1774721066203,"pid":70310,"hostname":"Mac.home","trace":"Error: Stream Errored (conflict)\n    at WebSocketClient.<anonymous> (file:///Users/salihozgen/Desktop/psikolog-projesi/node_modules/@whiskeysockets/baileys/lib/Socket/socket.js:780:13)\n    at WebSocketClient.emit (node:events:518:28)\n    at file:///Users/salihozgen/Desktop/psikolog-projesi/node_modules/@whiskeysockets/baileys/lib/Socket/socket.js:464:35\n    at Object.decodeFrame (file:///Users/salihozgen/Desktop/psikolog-projesi/node_modules/@whiskeysockets/baileys/lib/Utils/noise-handler.js:141:17)\n    at process.processTicksAndRejections (node:internal/process/task_queues:105:5)\n    at async WebSocketClient.onMessageReceived (file:///Users/salihozgen/Desktop/psikolog-projesi/node_modules/@whiskeysockets/baileys/lib/Socket/socket.js:441:9)","msg":"connection errored"}
[WhatsApp] Bot süreci başlatılıyor...
{"level":30,"time":1774721071481,"pid":70310,"hostname":"Mac.home","browser":["Ubuntu","Chrome","122.0.0"],"helloMsg":{"clientHello":{"ephemeral":"d9PPerEmCG4leFt0wNI20w9Cg0plNYdyTo/Ynfop8Ew="}},"msg":"connected to WA"}
{"level":30,"time":1774721071581,"pid":70310,"hostname":"Mac.home","node":{"username":"905333559848","passive":true,"userAgent":{"platform":"WEB","appVersion":{"primary":2,"secondary":3000,"tertiary":1035194821},"mcc":"000","mnc":"000","osVersion":"0.1","device":"Desktop","osBuildNumber":"0.1","releaseChannel":"RELEASE","localeLanguageIso6391":"en","localeCountryIso31661Alpha2":"US"},"webInfo":{"webSubPlatform":"WEB_BROWSER"},"connectType":"WIFI_UNKNOWN","connectReason":"USER_ACTIVATED","device":2,"pull":true,"lidDbMigrated":false},"msg":"logging in..."}
{"level":30,"time":1774721072445,"pid":70310,"hostname":"Mac.home","msg":"5 pre-keys found on server"}
{"level":30,"time":1774721072445,"pid":70310,"hostname":"Mac.home","msg":"Current prekey ID: 2357, exists in storage: true"}
{"level":30,"time":1774721072445,"pid":70310,"hostname":"Mac.home","msg":"Uploading PreKeys due to: server count low (5)"}
{"level":30,"time":1774721072445,"pid":70310,"hostname":"Mac.home","count":5,"retryCount":0,"msg":"uploading pre-keys"}
{"level":30,"time":1774721073138,"pid":70310,"hostname":"Mac.home","count":5,"msg":"uploaded pre-keys successfully"}
{"level":30,"time":1774721073386,"pid":70310,"hostname":"Mac.home","msg":"handled 0 offline messages/notifications"}
{"level":30,"time":1774721073386,"pid":70310,"hostname":"Mac.home","msg":"Connection is now AwaitingInitialSync, buffering events"}
{"level":30,"time":1774721073386,"pid":70310,"hostname":"Mac.home","msg":"History sync is disabled by config, not waiting for notification. Transitioning to Online."}
{"level":30,"time":1774721073640,"pid":70310,"hostname":"Mac.home","msg":"opened connection to WA"}
[WhatsApp] ✅ Bağlantı başarılı!
{"level":30,"time":1774721073658,"pid":70310,"hostname":"Mac.home","myPN":"905333559848:2@s.whatsapp.net","myLID":"129879995613400:2@lid","msg":"Own LID session created successfully"}
{"level":50,"time":1774721077642,"pid":70310,"hostname":"Mac.home","reasonNode":{"tag":"conflict","attrs":{"type":"replaced"}},"fullErrorNode":{"tag":"stream:error","attrs":{},"content":[{"tag":"conflict","attrs":{"type":"replaced"}}]},"msg":"stream errored out"}
{"level":30,"time":1774721077642,"pid":70310,"hostname":"Mac.home","trace":"Error: Stream Errored (conflict)\n    at WebSocketClient.<anonymous> (file:///Users/salihozgen/Desktop/psikolog-projesi/node_modules/@whiskeysockets/baileys/lib/Socket/socket.js:780:13)\n    at WebSocketClient.emit (node:events:518:28)\n    at file:///Users/salihozgen/Desktop/psikolog-projesi/node_modules/@whiskeysockets/baileys/lib/Socket/socket.js:464:35\n    at Object.decodeFrame (file:///Users/salihozgen/Desktop/psikolog-projesi/node_modules/@whiskeysockets/baileys/lib/Utils/noise-handler.js:141:17)\n    at process.processTicksAndRejections (node:internal/process/task_queues:105:5)\n    at async WebSocketClient.onMessageReceived (file:///Users/salihozgen/Desktop/psikolog-projesi/node_modules/@whiskeysockets/baileys/lib/Socket/socket.js:441:9)","msg":"connection errored"}
[WhatsApp] Bot süreci başlatılıyor...
{"level":30,"time":1774721082922,"pid":70310,"hostname":"Mac.home","browser":["Ubuntu","Chrome","122.0.0"],"helloMsg":{"clientHello":{"ephemeral":"tvTr33gofMxQ34pNhtgTrU2GrBQibWr33SyrmYTTYy0="}},"msg":"connected to WA"}
{"level":30,"time":1774721083015,"pid":70310,"hostname":"Mac.home","node":{"username":"905333559848","passive":true,"userAgent":{"platform":"WEB","appVersion":{"primary":2,"secondary":3000,"tertiary":1035194821},"mcc":"000","mnc":"000","osVersion":"0.1","device":"Desktop","osBuildNumber":"0.1","releaseChannel":"RELEASE","localeLanguageIso6391":"en","localeCountryIso31661Alpha2":"US"},"webInfo":{"webSubPlatform":"WEB_BROWSER"},"connectType":"WIFI_UNKNOWN","connectReason":"USER_ACTIVATED","device":2,"pull":true,"lidDbMigrated":false},"msg":"logging in..."}
{"level":30,"time":1774721083723,"pid":70310,"hostname":"Mac.home","msg":"5 pre-keys found on server"}
{"level":30,"time":1774721083723,"pid":70310,"hostname":"Mac.home","msg":"Current prekey ID: 2367, exists in storage: true"}
{"level":30,"time":1774721083723,"pid":70310,"hostname":"Mac.home","msg":"Uploading PreKeys due to: server count low (5)"}
{"level":30,"time":1774721083723,"pid":70310,"hostname":"Mac.home","count":5,"retryCount":0,"msg":"uploading pre-keys"}
{"level":30,"time":1774721084152,"pid":70310,"hostname":"Mac.home","count":5,"msg":"uploaded pre-keys successfully"}
{"level":30,"time":1774721084349,"pid":70310,"hostname":"Mac.home","msg":"handled 0 offline messages/notifications"}
{"level":30,"time":1774721084349,"pid":70310,"hostname":"Mac.home","msg":"Connection is now AwaitingInitialSync, buffering events"}
{"level":30,"time":1774721084349,"pid":70310,"hostname":"Mac.home","msg":"History sync is disabled by config, not waiting for notification. Transitioning to Online."}
{"level":30,"time":1774721084594,"pid":70310,"hostname":"Mac.home","msg":"opened connection to WA"}
[WhatsApp] ✅ Bağlantı başarılı!
{"level":30,"time":1774721084608,"pid":70310,"hostname":"Mac.home","myPN":"905333559848:2@s.whatsapp.net","myLID":"129879995613400:2@lid","msg":"Own LID session created successfully"}
{"level":50,"time":1774721089231,"pid":70310,"hostname":"Mac.home","reasonNode":{"tag":"conflict","attrs":{"type":"replaced"}},"fullErrorNode":{"tag":"stream:error","attrs":{},"content":[{"tag":"conflict","attrs":{"type":"replaced"}}]},"msg":"stream errored out"}
{"level":30,"time":1774721089231,"pid":70310,"hostname":"Mac.home","trace":"Error: Stream Errored (conflict)\n    at WebSocketClient.<anonymous> (file:///Users/salihozgen/Desktop/psikolog-projesi/node_modules/@whiskeysockets/baileys/lib/Socket/socket.js:780:13)\n    at WebSocketClient.emit (node:events:518:28)\n    at file:///Users/salihozgen/Desktop/psikolog-projesi/node_modules/@whiskeysockets/baileys/lib/Socket/socket.js:464:35\n    at Object.decodeFrame (file:///Users/salihozgen/Desktop/psikolog-projesi/node_modules/@whiskeysockets/baileys/lib/Utils/noise-handler.js:141:17)\n    at process.processTicksAndRejections (node:internal/process/task_queues:105:5)\n    at async WebSocketClient.onMessageReceived (file:///Users/salihozgen/Desktop/psikolog-projesi/node_modules/@whiskeysockets/baileys/lib/Socket/socket.js:441:9)","msg":"connection errored"}
[WhatsApp] Bot süreci başlatılıyor...
{"level":30,"time":1774721094558,"pid":70310,"hostname":"Mac.home","browser":["Ubuntu","Chrome","122.0.0"],"helloMsg":{"clientHello":{"ephemeral":"YBUu3GRnzkKd2FyZhC3M2MP6yF9TwkX16xqPh6MpxGE="}},"msg":"connected to WA"}
{"level":30,"time":1774721094720,"pid":70310,"hostname":"Mac.home","node":{"username":"905333559848","passive":true,"userAgent":{"platform":"WEB","appVersion":{"primary":2,"secondary":3000,"tertiary":1035194821},"mcc":"000","mnc":"000","osVersion":"0.1","device":"Desktop","osBuildNumber":"0.1","releaseChannel":"RELEASE","localeLanguageIso6391":"en","localeCountryIso31661Alpha2":"US"},"webInfo":{"webSubPlatform":"WEB_BROWSER"},"connectType":"WIFI_UNKNOWN","connectReason":"USER_ACTIVATED","device":2,"pull":true,"lidDbMigrated":false},"msg":"logging in..."}
{"level":30,"time":1774721095039,"pid":70310,"hostname":"Mac.home","msg":"5 pre-keys found on server"}
{"level":30,"time":1774721095039,"pid":70310,"hostname":"Mac.home","msg":"Current prekey ID: 2377, exists in storage: true"}
{"level":30,"time":1774721095039,"pid":70310,"hostname":"Mac.home","msg":"Uploading PreKeys due to: server count low (5)"}
{"level":30,"time":1774721095039,"pid":70310,"hostname":"Mac.home","count":5,"retryCount":0,"msg":"uploading pre-keys"}
{"level":30,"time":1774721095241,"pid":70310,"hostname":"Mac.home","count":5,"msg":"uploaded pre-keys successfully"}
{"level":30,"time":1774721095410,"pid":70310,"hostname":"Mac.home","msg":"handled 0 offline messages/notifications"}
{"level":30,"time":1774721095410,"pid":70310,"hostname":"Mac.home","msg":"Connection is now AwaitingInitialSync, buffering events"}
{"level":30,"time":1774721095410,"pid":70310,"hostname":"Mac.home","msg":"History sync is disabled by config, not waiting for notification. Transitioning to Online."}
{"level":30,"time":1774721095556,"pid":70310,"hostname":"Mac.home","msg":"opened connection to WA"}
[WhatsApp] ✅ Bağlantı başarılı!
{"level":30,"time":1774721095568,"pid":70310,"hostname":"Mac.home","myPN":"905333559848:2@s.whatsapp.net","myLID":"129879995613400:2@lid","msg":"Own LID session created successfully"}
{"level":50,"time":1774721100785,"pid":70310,"hostname":"Mac.home","reasonNode":{"tag":"conflict","attrs":{"type":"replaced"}},"fullErrorNode":{"tag":"stream:error","attrs":{},"content":[{"tag":"conflict","attrs":{"type":"replaced"}}]},"msg":"stream errored out"}
{"level":30,"time":1774721100786,"pid":70310,"hostname":"Mac.home","trace":"Error: Stream Errored (conflict)\n    at WebSocketClient.<anonymous> (file:///Users/salihozgen/Desktop/psikolog-projesi/node_modules/@whiskeysockets/baileys/lib/Socket/socket.js:780:13)\n    at WebSocketClient.emit (node:events:518:28)\n    at file:///Users/salihozgen/Desktop/psikolog-projesi/node_modules/@whiskeysockets/baileys/lib/Socket/socket.js:464:35\n    at Object.decodeFrame (file:///Users/salihozgen/Desktop/psikolog-projesi/node_modules/@whiskeysockets/baileys/lib/Utils/noise-handler.js:141:17)\n    at process.processTicksAndRejections (node:internal/process/task_queues:105:5)\n    at async WebSocketClient.onMessageReceived (file:///Users/salihozgen/Desktop/psikolog-projesi/node_modules/@whiskeysockets/baileys/lib/Socket/socket.js:441:9)","msg":"connection errored"}
[WhatsApp] Bot süreci başlatılıyor...
{"level":30,"time":1774721106117,"pid":70310,"hostname":"Mac.home","browser":["Ubuntu","Chrome","122.0.0"],"helloMsg":{"clientHello":{"ephemeral":"tjVLybVnOLQuK0EyReGPKOQnRxFhyZ3MACv3L+puRgk="}},"msg":"connected to WA"}
{"level":30,"time":1774721106274,"pid":70310,"hostname":"Mac.home","node":{"username":"905333559848","passive":true,"userAgent":{"platform":"WEB","appVersion":{"primary":2,"secondary":3000,"tertiary":1035194821},"mcc":"000","mnc":"000","osVersion":"0.1","device":"Desktop","osBuildNumber":"0.1","releaseChannel":"RELEASE","localeLanguageIso6391":"en","localeCountryIso31661Alpha2":"US"},"webInfo":{"webSubPlatform":"WEB_BROWSER"},"connectType":"WIFI_UNKNOWN","connectReason":"USER_ACTIVATED","device":2,"pull":true,"lidDbMigrated":false},"msg":"logging in..."}
{"level":30,"time":1774721106606,"pid":70310,"hostname":"Mac.home","msg":"5 pre-keys found on server"}
{"level":30,"time":1774721106606,"pid":70310,"hostname":"Mac.home","msg":"Current prekey ID: 2387, exists in storage: true"}
{"level":30,"time":1774721106606,"pid":70310,"hostname":"Mac.home","msg":"Uploading PreKeys due to: server count low (5)"}
{"level":30,"time":1774721106606,"pid":70310,"hostname":"Mac.home","count":5,"retryCount":0,"msg":"uploading pre-keys"}
{"level":30,"time":1774721106830,"pid":70310,"hostname":"Mac.home","count":5,"msg":"uploaded pre-keys successfully"}
{"level":30,"time":1774721106982,"pid":70310,"hostname":"Mac.home","msg":"handled 0 offline messages/notifications"}
{"level":30,"time":1774721106982,"pid":70310,"hostname":"Mac.home","msg":"Connection is now AwaitingInitialSync, buffering events"}
{"level":30,"time":1774721106982,"pid":70310,"hostname":"Mac.home","msg":"History sync is disabled by config, not waiting for notification. Transitioning to Online."}
{"level":30,"time":1774721107145,"pid":70310,"hostname":"Mac.home","msg":"opened connection to WA"}
[WhatsApp] ✅ Bağlantı başarılı!
{"level":30,"time":1774721107158,"pid":70310,"hostname":"Mac.home","myPN":"905333559848:2@s.whatsapp.net","myLID":"129879995613400:2@lid","msg":"Own LID session created successfully"}
{"level":50,"time":1774721112275,"pid":70310,"hostname":"Mac.home","reasonNode":{"tag":"conflict","attrs":{"type":"replaced"}},"fullErrorNode":{"tag":"stream:error","attrs":{},"content":[{"tag":"conflict","attrs":{"type":"replaced"}}]},"msg":"stream errored out"}
{"level":30,"time":1774721112275,"pid":70310,"hostname":"Mac.home","trace":"Error: Stream Errored (conflict)\n    at WebSocketClient.<anonymous> (file:///Users/salihozgen/Desktop/psikolog-projesi/node_modules/@whiskeysockets/baileys/lib/Socket/socket.js:780:13)\n    at WebSocketClient.emit (node:events:518:28)\n    at file:///Users/salihozgen/Desktop/psikolog-projesi/node_modules/@whiskeysockets/baileys/lib/Socket/socket.js:464:35\n    at Object.decodeFrame (file:///Users/salihozgen/Desktop/psikolog-projesi/node_modules/@whiskeysockets/baileys/lib/Utils/noise-handler.js:141:17)\n    at process.processTicksAndRejections (node:internal/process/task_queues:105:5)\n    at async WebSocketClient.onMessageReceived (file:///Users/salihozgen/Desktop/psikolog-projesi/node_modules/@whiskeysockets/baileys/lib/Socket/socket.js:441:9)","msg":"connection errored"}
[WhatsApp] Bot süreci başlatılıyor...
{"level":30,"time":1774721117658,"pid":70310,"hostname":"Mac.home","browser":["Ubuntu","Chrome","122.0.0"],"helloMsg":{"clientHello":{"ephemeral":"PA9F/0yg9RPgM1pw+6uRKcxJ4KKGRvkFPzeEMtBHiWI="}},"msg":"connected to WA"}
{"level":30,"time":1774721117877,"pid":70310,"hostname":"Mac.home","node":{"username":"905333559848","passive":true,"userAgent":{"platform":"WEB","appVersion":{"primary":2,"secondary":3000,"tertiary":1035194821},"mcc":"000","mnc":"000","osVersion":"0.1","device":"Desktop","osBuildNumber":"0.1","releaseChannel":"RELEASE","localeLanguageIso6391":"en","localeCountryIso31661Alpha2":"US"},"webInfo":{"webSubPlatform":"WEB_BROWSER"},"connectType":"WIFI_UNKNOWN","connectReason":"USER_ACTIVATED","device":2,"pull":true,"lidDbMigrated":false},"msg":"logging in..."}
{"level":30,"time":1774721118421,"pid":70310,"hostname":"Mac.home","msg":"5 pre-keys found on server"}
{"level":30,"time":1774721118421,"pid":70310,"hostname":"Mac.home","msg":"Current prekey ID: 2397, exists in storage: true"}
{"level":30,"time":1774721118421,"pid":70310,"hostname":"Mac.home","msg":"Uploading PreKeys due to: server count low (5)"}
{"level":30,"time":1774721118421,"pid":70310,"hostname":"Mac.home","count":5,"retryCount":0,"msg":"uploading pre-keys"}
{"level":30,"time":1774721118851,"pid":70310,"hostname":"Mac.home","count":5,"msg":"uploaded pre-keys successfully"}
{"level":30,"time":1774721119127,"pid":70310,"hostname":"Mac.home","msg":"handled 0 offline messages/notifications"}
{"level":30,"time":1774721119128,"pid":70310,"hostname":"Mac.home","msg":"Connection is now AwaitingInitialSync, buffering events"}
{"level":30,"time":1774721119128,"pid":70310,"hostname":"Mac.home","msg":"History sync is disabled by config, not waiting for notification. Transitioning to Online."}
{"level":30,"time":1774721119333,"pid":70310,"hostname":"Mac.home","msg":"opened connection to WA"}
[WhatsApp] ✅ Bağlantı başarılı!
{"level":30,"time":1774721119348,"pid":70310,"hostname":"Mac.home","myPN":"905333559848:2@s.whatsapp.net","myLID":"129879995613400:2@lid","msg":"Own LID session created successfully"}
{"level":50,"time":1774721124227,"pid":70310,"hostname":"Mac.home","reasonNode":{"tag":"conflict","attrs":{"type":"replaced"}},"fullErrorNode":{"tag":"stream:error","attrs":{},"content":[{"tag":"conflict","attrs":{"type":"replaced"}}]},"msg":"stream errored out"}
{"level":30,"time":1774721124228,"pid":70310,"hostname":"Mac.home","trace":"Error: Stream Errored (conflict)\n    at WebSocketClient.<anonymous> (file:///Users/salihozgen/Desktop/psikolog-projesi/node_modules/@whiskeysockets/baileys/lib/Socket/socket.js:780:13)\n    at WebSocketClient.emit (node:events:518:28)\n    at file:///Users/salihozgen/Desktop/psikolog-projesi/node_modules/@whiskeysockets/baileys/lib/Socket/socket.js:464:35\n    at Object.decodeFrame (file:///Users/salihozgen/Desktop/psikolog-projesi/node_modules/@whiskeysockets/baileys/lib/Utils/noise-handler.js:141:17)\n    at process.processTicksAndRejections (node:internal/process/task_queues:105:5)\n    at async WebSocketClient.onMessageReceived (file:///Users/salihozgen/Desktop/psikolog-projesi/node_modules/@whiskeysockets/baileys/lib/Socket/socket.js:441:9)","msg":"connection errored"}
[WhatsApp] Bot süreci başlatılıyor...
{"level":30,"time":1774721129481,"pid":70310,"hostname":"Mac.home","browser":["Ubuntu","Chrome","122.0.0"],"helloMsg":{"clientHello":{"ephemeral":"qDqodI8kWWXyf3UHoZrYkgzsnPWIUr04xr8Fd7DCXQk="}},"msg":"connected to WA"}
{"level":30,"time":1774721129569,"pid":70310,"hostname":"Mac.home","node":{"username":"905333559848","passive":true,"userAgent":{"platform":"WEB","appVersion":{"primary":2,"secondary":3000,"tertiary":1035194821},"mcc":"000","mnc":"000","osVersion":"0.1","device":"Desktop","osBuildNumber":"0.1","releaseChannel":"RELEASE","localeLanguageIso6391":"en","localeCountryIso31661Alpha2":"US"},"webInfo":{"webSubPlatform":"WEB_BROWSER"},"connectType":"WIFI_UNKNOWN","connectReason":"USER_ACTIVATED","device":2,"pull":true,"lidDbMigrated":false},"msg":"logging in..."}
{"level":30,"time":1774721130172,"pid":70310,"hostname":"Mac.home","msg":"5 pre-keys found on server"}
{"level":30,"time":1774721130172,"pid":70310,"hostname":"Mac.home","msg":"Current prekey ID: 2407, exists in storage: true"}
{"level":30,"time":1774721130172,"pid":70310,"hostname":"Mac.home","msg":"Uploading PreKeys due to: server count low (5)"}
{"level":30,"time":1774721130172,"pid":70310,"hostname":"Mac.home","count":5,"retryCount":0,"msg":"uploading pre-keys"}
{"level":30,"time":1774721130728,"pid":70310,"hostname":"Mac.home","count":5,"msg":"uploaded pre-keys successfully"}
{"level":30,"time":1774721130928,"pid":70310,"hostname":"Mac.home","msg":"handled 0 offline messages/notifications"}
{"level":30,"time":1774721130928,"pid":70310,"hostname":"Mac.home","msg":"Connection is now AwaitingInitialSync, buffering events"}
{"level":30,"time":1774721130928,"pid":70310,"hostname":"Mac.home","msg":"History sync is disabled by config, not waiting for notification. Transitioning to Online."}
{"level":30,"time":1774721130982,"pid":70310,"hostname":"Mac.home","msg":"opened connection to WA"}
[WhatsApp] ✅ Bağlantı başarılı!
{"level":30,"time":1774721130995,"pid":70310,"hostname":"Mac.home","myPN":"905333559848:2@s.whatsapp.net","myLID":"129879995613400:2@lid","msg":"Own LID session created successfully"}
{"level":50,"time":1774721135698,"pid":70310,"hostname":"Mac.home","reasonNode":{"tag":"conflict","attrs":{"type":"replaced"}},"fullErrorNode":{"tag":"stream:error","attrs":{},"content":[{"tag":"conflict","attrs":{"type":"replaced"}}]},"msg":"stream errored out"}
{"level":30,"time":1774721135698,"pid":70310,"hostname":"Mac.home","trace":"Error: Stream Errored (conflict)\n    at WebSocketClient.<anonymous> (file:///Users/salihozgen/Desktop/psikolog-projesi/node_modules/@whiskeysockets/baileys/lib/Socket/socket.js:780:13)\n    at WebSocketClient.emit (node:events:518:28)\n    at file:///Users/salihozgen/Desktop/psikolog-projesi/node_modules/@whiskeysockets/baileys/lib/Socket/socket.js:464:35\n    at Object.decodeFrame (file:///Users/salihozgen/Desktop/psikolog-projesi/node_modules/@whiskeysockets/baileys/lib/Utils/noise-handler.js:141:17)\n    at process.processTicksAndRejections (node:internal/process/task_queues:105:5)\n    at async WebSocketClient.onMessageReceived (file:///Users/salihozgen/Desktop/psikolog-projesi/node_modules/@whiskeysockets/baileys/lib/Socket/socket.js:441:9)","msg":"connection errored"}
[WhatsApp] Bot süreci başlatılıyor...
{"level":30,"time":1774721141031,"pid":70310,"hostname":"Mac.home","browser":["Ubuntu","Chrome","122.0.0"],"helloMsg":{"clientHello":{"ephemeral":"fmiMyHEreq+pXxiMu0aYyVhGWrfD+ttwoF1bH0eeayA="}},"msg":"connected to WA"}
{"level":30,"time":1774721141183,"pid":70310,"hostname":"Mac.home","node":{"username":"905333559848","passive":true,"userAgent":{"platform":"WEB","appVersion":{"primary":2,"secondary":3000,"tertiary":1035194821},"mcc":"000","mnc":"000","osVersion":"0.1","device":"Desktop","osBuildNumber":"0.1","releaseChannel":"RELEASE","localeLanguageIso6391":"en","localeCountryIso31661Alpha2":"US"},"webInfo":{"webSubPlatform":"WEB_BROWSER"},"connectType":"WIFI_UNKNOWN","connectReason":"USER_ACTIVATED","device":2,"pull":true,"lidDbMigrated":false},"msg":"logging in..."}
{"level":30,"time":1774721141523,"pid":70310,"hostname":"Mac.home","msg":"5 pre-keys found on server"}
{"level":30,"time":1774721141523,"pid":70310,"hostname":"Mac.home","msg":"Current prekey ID: 2417, exists in storage: true"}
{"level":30,"time":1774721141523,"pid":70310,"hostname":"Mac.home","msg":"Uploading PreKeys due to: server count low (5)"}
{"level":30,"time":1774721141523,"pid":70310,"hostname":"Mac.home","count":5,"retryCount":0,"msg":"uploading pre-keys"}
{"level":30,"time":1774721141749,"pid":70310,"hostname":"Mac.home","count":5,"msg":"uploaded pre-keys successfully"}
{"level":30,"time":1774721141904,"pid":70310,"hostname":"Mac.home","msg":"handled 0 offline messages/notifications"}
{"level":30,"time":1774721141904,"pid":70310,"hostname":"Mac.home","msg":"Connection is now AwaitingInitialSync, buffering events"}
{"level":30,"time":1774721141904,"pid":70310,"hostname":"Mac.home","msg":"History sync is disabled by config, not waiting for notification. Transitioning to Online."}
{"level":30,"time":1774721142065,"pid":70310,"hostname":"Mac.home","msg":"opened connection to WA"}
[WhatsApp] ✅ Bağlantı başarılı!
{"level":30,"time":1774721142080,"pid":70310,"hostname":"Mac.home","myPN":"905333559848:2@s.whatsapp.net","myLID":"129879995613400:2@lid","msg":"Own LID session created successfully"}
{"level":50,"time":1774721147085,"pid":70310,"hostname":"Mac.home","reasonNode":{"tag":"conflict","attrs":{"type":"replaced"}},"fullErrorNode":{"tag":"stream:error","attrs":{},"content":[{"tag":"conflict","attrs":{"type":"replaced"}}]},"msg":"stream errored out"}
{"level":30,"time":1774721147085,"pid":70310,"hostname":"Mac.home","trace":"Error: Stream Errored (conflict)\n    at WebSocketClient.<anonymous> (file:///Users/salihozgen/Desktop/psikolog-projesi/node_modules/@whiskeysockets/baileys/lib/Socket/socket.js:780:13)\n    at WebSocketClient.emit (node:events:518:28)\n    at file:///Users/salihozgen/Desktop/psikolog-projesi/node_modules/@whiskeysockets/baileys/lib/Socket/socket.js:464:35\n    at Object.decodeFrame (file:///Users/salihozgen/Desktop/psikolog-projesi/node_modules/@whiskeysockets/baileys/lib/Utils/noise-handler.js:141:17)\n    at process.processTicksAndRejections (node:internal/process/task_queues:105:5)\n    at async WebSocketClient.onMessageReceived (file:///Users/salihozgen/Desktop/psikolog-projesi/node_modules/@whiskeysockets/baileys/lib/Socket/socket.js:441:9)","msg":"connection errored"}
[WhatsApp] Bot süreci başlatılıyor...
{"level":30,"time":1774721152440,"pid":70310,"hostname":"Mac.home","browser":["Ubuntu","Chrome","122.0.0"],"helloMsg":{"clientHello":{"ephemeral":"1F+SG/Qgh9A9/JWw+TQBN2Yv4z/cIWKAt875qNtPGxQ="}},"msg":"connected to WA"}
{"level":30,"time":1774721152611,"pid":70310,"hostname":"Mac.home","node":{"username":"905333559848","passive":true,"userAgent":{"platform":"WEB","appVersion":{"primary":2,"secondary":3000,"tertiary":1035194821},"mcc":"000","mnc":"000","osVersion":"0.1","device":"Desktop","osBuildNumber":"0.1","releaseChannel":"RELEASE","localeLanguageIso6391":"en","localeCountryIso31661Alpha2":"US"},"webInfo":{"webSubPlatform":"WEB_BROWSER"},"connectType":"WIFI_UNKNOWN","connectReason":"USER_ACTIVATED","device":2,"pull":true,"lidDbMigrated":false},"msg":"logging in..."}
{"level":30,"time":1774721153036,"pid":70310,"hostname":"Mac.home","msg":"5 pre-keys found on server"}
{"level":30,"time":1774721153036,"pid":70310,"hostname":"Mac.home","msg":"Current prekey ID: 2427, exists in storage: true"}
{"level":30,"time":1774721153036,"pid":70310,"hostname":"Mac.home","msg":"Uploading PreKeys due to: server count low (5)"}
{"level":30,"time":1774721153036,"pid":70310,"hostname":"Mac.home","count":5,"retryCount":0,"msg":"uploading pre-keys"}
{"level":30,"time":1774721153347,"pid":70310,"hostname":"Mac.home","count":5,"msg":"uploaded pre-keys successfully"}
{"level":30,"time":1774721153545,"pid":70310,"hostname":"Mac.home","msg":"handled 0 offline messages/notifications"}
{"level":30,"time":1774721153545,"pid":70310,"hostname":"Mac.home","msg":"Connection is now AwaitingInitialSync, buffering events"}
{"level":30,"time":1774721153545,"pid":70310,"hostname":"Mac.home","msg":"History sync is disabled by config, not waiting for notification. Transitioning to Online."}
{"level":30,"time":1774721153722,"pid":70310,"hostname":"Mac.home","msg":"opened connection to WA"}
[WhatsApp] ✅ Bağlantı başarılı!
{"level":30,"time":1774721153739,"pid":70310,"hostname":"Mac.home","myPN":"905333559848:2@s.whatsapp.net","myLID":"129879995613400:2@lid","msg":"Own LID session created successfully"}
{"level":50,"time":1774721158699,"pid":70310,"hostname":"Mac.home","reasonNode":{"tag":"conflict","attrs":{"type":"replaced"}},"fullErrorNode":{"tag":"stream:error","attrs":{},"content":[{"tag":"conflict","attrs":{"type":"replaced"}}]},"msg":"stream errored out"}
{"level":30,"time":1774721158699,"pid":70310,"hostname":"Mac.home","trace":"Error: Stream Errored (conflict)\n    at WebSocketClient.<anonymous> (file:///Users/salihozgen/Desktop/psikolog-projesi/node_modules/@whiskeysockets/baileys/lib/Socket/socket.js:780:13)\n    at WebSocketClient.emit (node:events:518:28)\n    at file:///Users/salihozgen/Desktop/psikolog-projesi/node_modules/@whiskeysockets/baileys/lib/Socket/socket.js:464:35\n    at Object.decodeFrame (file:///Users/salihozgen/Desktop/psikolog-projesi/node_modules/@whiskeysockets/baileys/lib/Utils/noise-handler.js:141:17)\n    at process.processTicksAndRejections (node:internal/process/task_queues:105:5)\n    at async WebSocketClient.onMessageReceived (file:///Users/salihozgen/Desktop/psikolog-projesi/node_modules/@whiskeysockets/baileys/lib/Socket/socket.js:441:9)","msg":"connection errored"}
[WhatsApp] Bot süreci başlatılıyor...
{"level":30,"time":1774721164087,"pid":70310,"hostname":"Mac.home","browser":["Ubuntu","Chrome","122.0.0"],"helloMsg":{"clientHello":{"ephemeral":"47IH0eH8JWBS/kft+BaZmYEw5lmJ8B1SYG1O4LSh6Bg="}},"msg":"connected to WA"}
{"level":30,"time":1774721164282,"pid":70310,"hostname":"Mac.home","node":{"username":"905333559848","passive":true,"userAgent":{"platform":"WEB","appVersion":{"primary":2,"secondary":3000,"tertiary":1035194821},"mcc":"000","mnc":"000","osVersion":"0.1","device":"Desktop","osBuildNumber":"0.1","releaseChannel":"RELEASE","localeLanguageIso6391":"en","localeCountryIso31661Alpha2":"US"},"webInfo":{"webSubPlatform":"WEB_BROWSER"},"connectType":"WIFI_UNKNOWN","connectReason":"USER_ACTIVATED","device":2,"pull":true,"lidDbMigrated":false},"msg":"logging in..."}
{"level":30,"time":1774721164747,"pid":70310,"hostname":"Mac.home","msg":"5 pre-keys found on server"}
{"level":30,"time":1774721164747,"pid":70310,"hostname":"Mac.home","msg":"Current prekey ID: 2437, exists in storage: true"}
{"level":30,"time":1774721164747,"pid":70310,"hostname":"Mac.home","msg":"Uploading PreKeys due to: server count low (5)"}
{"level":30,"time":1774721164747,"pid":70310,"hostname":"Mac.home","count":5,"retryCount":0,"msg":"uploading pre-keys"}
{"level":30,"time":1774721165089,"pid":70310,"hostname":"Mac.home","count":5,"msg":"uploaded pre-keys successfully"}
{"level":30,"time":1774721165323,"pid":70310,"hostname":"Mac.home","msg":"handled 0 offline messages/notifications"}
{"level":30,"time":1774721165323,"pid":70310,"hostname":"Mac.home","msg":"Connection is now AwaitingInitialSync, buffering events"}
{"level":30,"time":1774721165323,"pid":70310,"hostname":"Mac.home","msg":"History sync is disabled by config, not waiting for notification. Transitioning to Online."}
{"level":30,"time":1774721165501,"pid":70310,"hostname":"Mac.home","msg":"opened connection to WA"}
[WhatsApp] ✅ Bağlantı başarılı!
{"level":30,"time":1774721165516,"pid":70310,"hostname":"Mac.home","myPN":"905333559848:2@s.whatsapp.net","myLID":"129879995613400:2@lid","msg":"Own LID session created successfully"}
{"level":50,"time":1774721170419,"pid":70310,"hostname":"Mac.home","reasonNode":{"tag":"conflict","attrs":{"type":"replaced"}},"fullErrorNode":{"tag":"stream:error","attrs":{},"content":[{"tag":"conflict","attrs":{"type":"replaced"}}]},"msg":"stream errored out"}
{"level":30,"time":1774721170419,"pid":70310,"hostname":"Mac.home","trace":"Error: Stream Errored (conflict)\n    at WebSocketClient.<anonymous> (file:///Users/salihozgen/Desktop/psikolog-projesi/node_modules/@whiskeysockets/baileys/lib/Socket/socket.js:780:13)\n    at WebSocketClient.emit (node:events:518:28)\n    at file:///Users/salihozgen/Desktop/psikolog-projesi/node_modules/@whiskeysockets/baileys/lib/Socket/socket.js:464:35\n    at Object.decodeFrame (file:///Users/salihozgen/Desktop/psikolog-projesi/node_modules/@whiskeysockets/baileys/lib/Utils/noise-handler.js:141:17)\n    at process.processTicksAndRejections (node:internal/process/task_queues:105:5)\n    at async WebSocketClient.onMessageReceived (file:///Users/salihozgen/Desktop/psikolog-projesi/node_modules/@whiskeysockets/baileys/lib/Socket/socket.js:441:9)","msg":"connection errored"}
[WhatsApp] Bot süreci başlatılıyor...
{"level":30,"time":1774721175812,"pid":70310,"hostname":"Mac.home","browser":["Ubuntu","Chrome","122.0.0"],"helloMsg":{"clientHello":{"ephemeral":"2P3j3POQgrzy5oby4sLmP+uNeYb3RQ56hGhsHxsHF2Q="}},"msg":"connected to WA"}
{"level":30,"time":1774721176022,"pid":70310,"hostname":"Mac.home","node":{"username":"905333559848","passive":true,"userAgent":{"platform":"WEB","appVersion":{"primary":2,"secondary":3000,"tertiary":1035194821},"mcc":"000","mnc":"000","osVersion":"0.1","device":"Desktop","osBuildNumber":"0.1","releaseChannel":"RELEASE","localeLanguageIso6391":"en","localeCountryIso31661Alpha2":"US"},"webInfo":{"webSubPlatform":"WEB_BROWSER"},"connectType":"WIFI_UNKNOWN","connectReason":"USER_ACTIVATED","device":2,"pull":true,"lidDbMigrated":false},"msg":"logging in..."}
{"level":30,"time":1774721176558,"pid":70310,"hostname":"Mac.home","msg":"5 pre-keys found on server"}
{"level":30,"time":1774721176558,"pid":70310,"hostname":"Mac.home","msg":"Current prekey ID: 2447, exists in storage: true"}
{"level":30,"time":1774721176558,"pid":70310,"hostname":"Mac.home","msg":"Uploading PreKeys due to: server count low (5)"}
{"level":30,"time":1774721176558,"pid":70310,"hostname":"Mac.home","count":5,"retryCount":0,"msg":"uploading pre-keys"}
{"level":30,"time":1774721176992,"pid":70310,"hostname":"Mac.home","count":5,"msg":"uploaded pre-keys successfully"}
{"level":30,"time":1774721177261,"pid":70310,"hostname":"Mac.home","msg":"handled 0 offline messages/notifications"}
{"level":30,"time":1774721177261,"pid":70310,"hostname":"Mac.home","msg":"Connection is now AwaitingInitialSync, buffering events"}
{"level":30,"time":1774721177261,"pid":70310,"hostname":"Mac.home","msg":"History sync is disabled by config, not waiting for notification. Transitioning to Online."}
{"level":30,"time":1774721177462,"pid":70310,"hostname":"Mac.home","msg":"opened connection to WA"}
[WhatsApp] ✅ Bağlantı başarılı!
{"level":30,"time":1774721177477,"pid":70310,"hostname":"Mac.home","myPN":"905333559848:2@s.whatsapp.net","myLID":"129879995613400:2@lid","msg":"Own LID session created successfully"}
{"level":50,"time":1774721182158,"pid":70310,"hostname":"Mac.home","reasonNode":{"tag":"conflict","attrs":{"type":"replaced"}},"fullErrorNode":{"tag":"stream:error","attrs":{},"content":[{"tag":"conflict","attrs":{"type":"replaced"}}]},"msg":"stream errored out"}
{"level":30,"time":1774721182158,"pid":70310,"hostname":"Mac.home","trace":"Error: Stream Errored (conflict)\n    at WebSocketClient.<anonymous> (file:///Users/salihozgen/Desktop/psikolog-projesi/node_modules/@whiskeysockets/baileys/lib/Socket/socket.js:780:13)\n    at WebSocketClient.emit (node:events:518:28)\n    at file:///Users/salihozgen/Desktop/psikolog-projesi/node_modules/@whiskeysockets/baileys/lib/Socket/socket.js:464:35\n    at Object.decodeFrame (file:///Users/salihozgen/Desktop/psikolog-projesi/node_modules/@whiskeysockets/baileys/lib/Utils/noise-handler.js:141:17)\n    at process.processTicksAndRejections (node:internal/process/task_queues:105:5)\n    at async WebSocketClient.onMessageReceived (file:///Users/salihozgen/Desktop/psikolog-projesi/node_modules/@whiskeysockets/baileys/lib/Socket/socket.js:441:9)","msg":"connection errored"}
[WhatsApp] Bot süreci başlatılıyor...
{"level":30,"time":1774721187548,"pid":70310,"hostname":"Mac.home","browser":["Ubuntu","Chrome","122.0.0"],"helloMsg":{"clientHello":{"ephemeral":"/DV9pohRuaanj7uCvbpNP0O1fQSjD90gUrOw81ixDUI="}},"msg":"connected to WA"}
{"level":30,"time":1774721187765,"pid":70310,"hostname":"Mac.home","node":{"username":"905333559848","passive":true,"userAgent":{"platform":"WEB","appVersion":{"primary":2,"secondary":3000,"tertiary":1035194821},"mcc":"000","mnc":"000","osVersion":"0.1","device":"Desktop","osBuildNumber":"0.1","releaseChannel":"RELEASE","localeLanguageIso6391":"en","localeCountryIso31661Alpha2":"US"},"webInfo":{"webSubPlatform":"WEB_BROWSER"},"connectType":"WIFI_UNKNOWN","connectReason":"USER_ACTIVATED","device":2,"pull":true,"lidDbMigrated":false},"msg":"logging in..."}
{"level":30,"time":1774721188327,"pid":70310,"hostname":"Mac.home","msg":"5 pre-keys found on server"}
{"level":30,"time":1774721188327,"pid":70310,"hostname":"Mac.home","msg":"Current prekey ID: 2457, exists in storage: true"}
{"level":30,"time":1774721188327,"pid":70310,"hostname":"Mac.home","msg":"Uploading PreKeys due to: server count low (5)"}
{"level":30,"time":1774721188327,"pid":70310,"hostname":"Mac.home","count":5,"retryCount":0,"msg":"uploading pre-keys"}
{"level":30,"time":1774721188755,"pid":70310,"hostname":"Mac.home","count":5,"msg":"uploaded pre-keys successfully"}
{"level":30,"time":1774721189028,"pid":70310,"hostname":"Mac.home","msg":"handled 0 offline messages/notifications"}
{"level":30,"time":1774721189028,"pid":70310,"hostname":"Mac.home","msg":"Connection is now AwaitingInitialSync, buffering events"}
{"level":30,"time":1774721189028,"pid":70310,"hostname":"Mac.home","msg":"History sync is disabled by config, not waiting for notification. Transitioning to Online."}
{"level":30,"time":1774721189238,"pid":70310,"hostname":"Mac.home","msg":"opened connection to WA"}
[WhatsApp] ✅ Bağlantı başarılı!
{"level":30,"time":1774721189250,"pid":70310,"hostname":"Mac.home","myPN":"905333559848:2@s.whatsapp.net","myLID":"129879995613400:2@lid","msg":"Own LID session created successfully"}
{"level":50,"time":1774721193816,"pid":70310,"hostname":"Mac.home","reasonNode":{"tag":"conflict","attrs":{"type":"replaced"}},"fullErrorNode":{"tag":"stream:error","attrs":{},"content":[{"tag":"conflict","attrs":{"type":"replaced"}}]},"msg":"stream errored out"}
{"level":30,"time":1774721193817,"pid":70310,"hostname":"Mac.home","trace":"Error: Stream Errored (conflict)\n    at WebSocketClient.<anonymous> (file:///Users/salihozgen/Desktop/psikolog-projesi/node_modules/@whiskeysockets/baileys/lib/Socket/socket.js:780:13)\n    at WebSocketClient.emit (node:events:518:28)\n    at file:///Users/salihozgen/Desktop/psikolog-projesi/node_modules/@whiskeysockets/baileys/lib/Socket/socket.js:464:35\n    at Object.decodeFrame (file:///Users/salihozgen/Desktop/psikolog-projesi/node_modules/@whiskeysockets/baileys/lib/Utils/noise-handler.js:141:17)\n    at process.processTicksAndRejections (node:internal/process/task_queues:105:5)\n    at async WebSocketClient.onMessageReceived (file:///Users/salihozgen/Desktop/psikolog-projesi/node_modules/@whiskeysockets/baileys/lib/Socket/socket.js:441:9)","msg":"connection errored"}
[WhatsApp] Bot süreci başlatılıyor...
{"level":30,"time":1774721199186,"pid":70310,"hostname":"Mac.home","browser":["Ubuntu","Chrome","122.0.0"],"helloMsg":{"clientHello":{"ephemeral":"iUsOzuJ4xk/ouPl/NbP/55wWWX/EM0evOCK0/IVZrEQ="}},"msg":"connected to WA"}
{"level":30,"time":1774721199402,"pid":70310,"hostname":"Mac.home","node":{"username":"905333559848","passive":true,"userAgent":{"platform":"WEB","appVersion":{"primary":2,"secondary":3000,"tertiary":1035194821},"mcc":"000","mnc":"000","osVersion":"0.1","device":"Desktop","osBuildNumber":"0.1","releaseChannel":"RELEASE","localeLanguageIso6391":"en","localeCountryIso31661Alpha2":"US"},"webInfo":{"webSubPlatform":"WEB_BROWSER"},"connectType":"WIFI_UNKNOWN","connectReason":"USER_ACTIVATED","device":2,"pull":true,"lidDbMigrated":false},"msg":"logging in..."}
{"level":30,"time":1774721199941,"pid":70310,"hostname":"Mac.home","msg":"5 pre-keys found on server"}
{"level":30,"time":1774721199941,"pid":70310,"hostname":"Mac.home","msg":"Current prekey ID: 2467, exists in storage: true"}
{"level":30,"time":1774721199941,"pid":70310,"hostname":"Mac.home","msg":"Uploading PreKeys due to: server count low (5)"}
{"level":30,"time":1774721199941,"pid":70310,"hostname":"Mac.home","count":5,"retryCount":0,"msg":"uploading pre-keys"}
{"level":30,"time":1774721200389,"pid":70310,"hostname":"Mac.home","count":5,"msg":"uploaded pre-keys successfully"}
{"level":30,"time":1774721200658,"pid":70310,"hostname":"Mac.home","msg":"handled 0 offline messages/notifications"}
{"level":30,"time":1774721200658,"pid":70310,"hostname":"Mac.home","msg":"Connection is now AwaitingInitialSync, buffering events"}
{"level":30,"time":1774721200658,"pid":70310,"hostname":"Mac.home","msg":"History sync is disabled by config, not waiting for notification. Transitioning to Online."}
{"level":30,"time":1774721200863,"pid":70310,"hostname":"Mac.home","msg":"opened connection to WA"}
[WhatsApp] ✅ Bağlantı başarılı!
{"level":30,"time":1774721200876,"pid":70310,"hostname":"Mac.home","myPN":"905333559848:2@s.whatsapp.net","myLID":"129879995613400:2@lid","msg":"Own LID session created successfully"}
{"level":50,"time":1774721205453,"pid":70310,"hostname":"Mac.home","reasonNode":{"tag":"conflict","attrs":{"type":"replaced"}},"fullErrorNode":{"tag":"stream:error","attrs":{},"content":[{"tag":"conflict","attrs":{"type":"replaced"}}]},"msg":"stream errored out"}
{"level":30,"time":1774721205454,"pid":70310,"hostname":"Mac.home","trace":"Error: Stream Errored (conflict)\n    at WebSocketClient.<anonymous> (file:///Users/salihozgen/Desktop/psikolog-projesi/node_modules/@whiskeysockets/baileys/lib/Socket/socket.js:780:13)\n    at WebSocketClient.emit (node:events:518:28)\n    at file:///Users/salihozgen/Desktop/psikolog-projesi/node_modules/@whiskeysockets/baileys/lib/Socket/socket.js:464:35\n    at Object.decodeFrame (file:///Users/salihozgen/Desktop/psikolog-projesi/node_modules/@whiskeysockets/baileys/lib/Utils/noise-handler.js:141:17)\n    at process.processTicksAndRejections (node:internal/process/task_queues:105:5)\n    at async WebSocketClient.onMessageReceived (file:///Users/salihozgen/Desktop/psikolog-projesi/node_modules/@whiskeysockets/baileys/lib/Socket/socket.js:441:9)","msg":"connection errored"}
[WhatsApp] Bot süreci başlatılıyor...
{"level":30,"time":1774721210720,"pid":70310,"hostname":"Mac.home","browser":["Ubuntu","Chrome","122.0.0"],"helloMsg":{"clientHello":{"ephemeral":"uIyMflkS4v/bd+il4RxmUL97Iij49N+ENNAO/VYG6is="}},"msg":"connected to WA"}
{"level":30,"time":1774721210803,"pid":70310,"hostname":"Mac.home","node":{"username":"905333559848","passive":true,"userAgent":{"platform":"WEB","appVersion":{"primary":2,"secondary":3000,"tertiary":1035194821},"mcc":"000","mnc":"000","osVersion":"0.1","device":"Desktop","osBuildNumber":"0.1","releaseChannel":"RELEASE","localeLanguageIso6391":"en","localeCountryIso31661Alpha2":"US"},"webInfo":{"webSubPlatform":"WEB_BROWSER"},"connectType":"WIFI_UNKNOWN","connectReason":"USER_ACTIVATED","device":2,"pull":true,"lidDbMigrated":false},"msg":"logging in..."}
{"level":30,"time":1774721211334,"pid":70310,"hostname":"Mac.home","msg":"5 pre-keys found on server"}
{"level":30,"time":1774721211335,"pid":70310,"hostname":"Mac.home","msg":"Current prekey ID: 2477, exists in storage: true"}
{"level":30,"time":1774721211335,"pid":70310,"hostname":"Mac.home","msg":"Uploading PreKeys due to: server count low (5)"}
{"level":30,"time":1774721211335,"pid":70310,"hostname":"Mac.home","count":5,"retryCount":0,"msg":"uploading pre-keys"}
{"level":30,"time":1774721211902,"pid":70310,"hostname":"Mac.home","count":5,"msg":"uploaded pre-keys successfully"}
{"level":30,"time":1774721212105,"pid":70310,"hostname":"Mac.home","msg":"handled 0 offline messages/notifications"}
{"level":30,"time":1774721212106,"pid":70310,"hostname":"Mac.home","msg":"Connection is now AwaitingInitialSync, buffering events"}
{"level":30,"time":1774721212106,"pid":70310,"hostname":"Mac.home","msg":"History sync is disabled by config, not waiting for notification. Transitioning to Online."}
{"level":30,"time":1774721212148,"pid":70310,"hostname":"Mac.home","msg":"opened connection to WA"}
[WhatsApp] ✅ Bağlantı başarılı!
{"level":30,"time":1774721212159,"pid":70310,"hostname":"Mac.home","myPN":"905333559848:2@s.whatsapp.net","myLID":"129879995613400:2@lid","msg":"Own LID session created successfully"}
{"level":50,"time":1774721216986,"pid":70310,"hostname":"Mac.home","reasonNode":{"tag":"conflict","attrs":{"type":"replaced"}},"fullErrorNode":{"tag":"stream:error","attrs":{},"content":[{"tag":"conflict","attrs":{"type":"replaced"}}]},"msg":"stream errored out"}
{"level":30,"time":1774721216986,"pid":70310,"hostname":"Mac.home","trace":"Error: Stream Errored (conflict)\n    at WebSocketClient.<anonymous> (file:///Users/salihozgen/Desktop/psikolog-projesi/node_modules/@whiskeysockets/baileys/lib/Socket/socket.js:780:13)\n    at WebSocketClient.emit (node:events:518:28)\n    at file:///Users/salihozgen/Desktop/psikolog-projesi/node_modules/@whiskeysockets/baileys/lib/Socket/socket.js:464:35\n    at Object.decodeFrame (file:///Users/salihozgen/Desktop/psikolog-projesi/node_modules/@whiskeysockets/baileys/lib/Utils/noise-handler.js:141:17)\n    at process.processTicksAndRejections (node:internal/process/task_queues:105:5)\n    at async WebSocketClient.onMessageReceived (file:///Users/salihozgen/Desktop/psikolog-projesi/node_modules/@whiskeysockets/baileys/lib/Socket/socket.js:441:9)","msg":"connection errored"}
[WhatsApp] Bot süreci başlatılıyor...
{"level":30,"time":1774721222331,"pid":70310,"hostname":"Mac.home","browser":["Ubuntu","Chrome","122.0.0"],"helloMsg":{"clientHello":{"ephemeral":"nxY6gCRkXUx63tQeZJLf4aZUGTFpPYb6lV4KIbpZv2M="}},"msg":"connected to WA"}
{"level":30,"time":1774721222496,"pid":70310,"hostname":"Mac.home","node":{"username":"905333559848","passive":true,"userAgent":{"platform":"WEB","appVersion":{"primary":2,"secondary":3000,"tertiary":1035194821},"mcc":"000","mnc":"000","osVersion":"0.1","device":"Desktop","osBuildNumber":"0.1","releaseChannel":"RELEASE","localeLanguageIso6391":"en","localeCountryIso31661Alpha2":"US"},"webInfo":{"webSubPlatform":"WEB_BROWSER"},"connectType":"WIFI_UNKNOWN","connectReason":"USER_ACTIVATED","device":2,"pull":true,"lidDbMigrated":false},"msg":"logging in..."}
{"level":30,"time":1774721222837,"pid":70310,"hostname":"Mac.home","msg":"5 pre-keys found on server"}
{"level":30,"time":1774721222837,"pid":70310,"hostname":"Mac.home","msg":"Current prekey ID: 2487, exists in storage: true"}
{"level":30,"time":1774721222837,"pid":70310,"hostname":"Mac.home","msg":"Uploading PreKeys due to: server count low (5)"}
{"level":30,"time":1774721222837,"pid":70310,"hostname":"Mac.home","count":5,"retryCount":0,"msg":"uploading pre-keys"}
{"level":30,"time":1774721223077,"pid":70310,"hostname":"Mac.home","count":5,"msg":"uploaded pre-keys successfully"}
{"level":30,"time":1774721223235,"pid":70310,"hostname":"Mac.home","msg":"handled 0 offline messages/notifications"}
{"level":30,"time":1774721223235,"pid":70310,"hostname":"Mac.home","msg":"Connection is now AwaitingInitialSync, buffering events"}
{"level":30,"time":1774721223236,"pid":70310,"hostname":"Mac.home","msg":"History sync is disabled by config, not waiting for notification. Transitioning to Online."}
{"level":30,"time":1774721223400,"pid":70310,"hostname":"Mac.home","msg":"opened connection to WA"}
[WhatsApp] ✅ Bağlantı başarılı!
{"level":30,"time":1774721223414,"pid":70310,"hostname":"Mac.home","myPN":"905333559848:2@s.whatsapp.net","myLID":"129879995613400:2@lid","msg":"Own LID session created successfully"}
{"level":50,"time":1774721228676,"pid":70310,"hostname":"Mac.home","reasonNode":{"tag":"conflict","attrs":{"type":"replaced"}},"fullErrorNode":{"tag":"stream:error","attrs":{},"content":[{"tag":"conflict","attrs":{"type":"replaced"}}]},"msg":"stream errored out"}
{"level":30,"time":1774721228676,"pid":70310,"hostname":"Mac.home","trace":"Error: Stream Errored (conflict)\n    at WebSocketClient.<anonymous> (file:///Users/salihozgen/Desktop/psikolog-projesi/node_modules/@whiskeysockets/baileys/lib/Socket/socket.js:780:13)\n    at WebSocketClient.emit (node:events:518:28)\n    at file:///Users/salihozgen/Desktop/psikolog-projesi/node_modules/@whiskeysockets/baileys/lib/Socket/socket.js:464:35\n    at Object.decodeFrame (file:///Users/salihozgen/Desktop/psikolog-projesi/node_modules/@whiskeysockets/baileys/lib/Utils/noise-handler.js:141:17)\n    at process.processTicksAndRejections (node:internal/process/task_queues:105:5)\n    at async WebSocketClient.onMessageReceived (file:///Users/salihozgen/Desktop/psikolog-projesi/node_modules/@whiskeysockets/baileys/lib/Socket/socket.js:441:9)","msg":"connection errored"}
[WhatsApp] Bot süreci başlatılıyor...
{"level":30,"time":1774721234027,"pid":70310,"hostname":"Mac.home","browser":["Ubuntu","Chrome","122.0.0"],"helloMsg":{"clientHello":{"ephemeral":"H/2nE0LF89t4DcioT9WHd9FQhVqM7KGtyxek7gemGQ8="}},"msg":"connected to WA"}
{"level":30,"time":1774721234220,"pid":70310,"hostname":"Mac.home","node":{"username":"905333559848","passive":true,"userAgent":{"platform":"WEB","appVersion":{"primary":2,"secondary":3000,"tertiary":1035194821},"mcc":"000","mnc":"000","osVersion":"0.1","device":"Desktop","osBuildNumber":"0.1","releaseChannel":"RELEASE","localeLanguageIso6391":"en","localeCountryIso31661Alpha2":"US"},"webInfo":{"webSubPlatform":"WEB_BROWSER"},"connectType":"WIFI_UNKNOWN","connectReason":"USER_ACTIVATED","device":2,"pull":true,"lidDbMigrated":false},"msg":"logging in..."}
{"level":30,"time":1774721234687,"pid":70310,"hostname":"Mac.home","msg":"5 pre-keys found on server"}
{"level":30,"time":1774721234687,"pid":70310,"hostname":"Mac.home","msg":"Current prekey ID: 2497, exists in storage: true"}
{"level":30,"time":1774721234687,"pid":70310,"hostname":"Mac.home","msg":"Uploading PreKeys due to: server count low (5)"}
{"level":30,"time":1774721234687,"pid":70310,"hostname":"Mac.home","count":5,"retryCount":0,"msg":"uploading pre-keys"}
{"level":30,"time":1774721235033,"pid":70310,"hostname":"Mac.home","count":5,"msg":"uploaded pre-keys successfully"}
{"level":30,"time":1774721235267,"pid":70310,"hostname":"Mac.home","msg":"handled 0 offline messages/notifications"}
{"level":30,"time":1774721235267,"pid":70310,"hostname":"Mac.home","msg":"Connection is now AwaitingInitialSync, buffering events"}
{"level":30,"time":1774721235268,"pid":70310,"hostname":"Mac.home","msg":"History sync is disabled by config, not waiting for notification. Transitioning to Online."}
{"level":30,"time":1774721235448,"pid":70310,"hostname":"Mac.home","msg":"opened connection to WA"}
[WhatsApp] ✅ Bağlantı başarılı!
{"level":30,"time":1774721235465,"pid":70310,"hostname":"Mac.home","myPN":"905333559848:2@s.whatsapp.net","myLID":"129879995613400:2@lid","msg":"Own LID session created successfully"}
{"level":50,"time":1774721240345,"pid":70310,"hostname":"Mac.home","reasonNode":{"tag":"conflict","attrs":{"type":"replaced"}},"fullErrorNode":{"tag":"stream:error","attrs":{},"content":[{"tag":"conflict","attrs":{"type":"replaced"}}]},"msg":"stream errored out"}
{"level":30,"time":1774721240345,"pid":70310,"hostname":"Mac.home","trace":"Error: Stream Errored (conflict)\n    at WebSocketClient.<anonymous> (file:///Users/salihozgen/Desktop/psikolog-projesi/node_modules/@whiskeysockets/baileys/lib/Socket/socket.js:780:13)\n    at WebSocketClient.emit (node:events:518:28)\n    at file:///Users/salihozgen/Desktop/psikolog-projesi/node_modules/@whiskeysockets/baileys/lib/Socket/socket.js:464:35\n    at Object.decodeFrame (file:///Users/salihozgen/Desktop/psikolog-projesi/node_modules/@whiskeysockets/baileys/lib/Utils/noise-handler.js:141:17)\n    at process.processTicksAndRejections (node:internal/process/task_queues:105:5)\n    at async WebSocketClient.onMessageReceived (file:///Users/salihozgen/Desktop/psikolog-projesi/node_modules/@whiskeysockets/baileys/lib/Socket/socket.js:441:9)","msg":"connection errored"}
[WhatsApp] Bot süreci başlatılıyor...
{"level":30,"time":1774721245617,"pid":70310,"hostname":"Mac.home","browser":["Ubuntu","Chrome","122.0.0"],"helloMsg":{"clientHello":{"ephemeral":"1iVOXgmsWHpfDssRhgn8ssWHQjWzJk8N/psWsbFjjBQ="}},"msg":"connected to WA"}
{"level":30,"time":1774721245703,"pid":70310,"hostname":"Mac.home","node":{"username":"905333559848","passive":true,"userAgent":{"platform":"WEB","appVersion":{"primary":2,"secondary":3000,"tertiary":1035194821},"mcc":"000","mnc":"000","osVersion":"0.1","device":"Desktop","osBuildNumber":"0.1","releaseChannel":"RELEASE","localeLanguageIso6391":"en","localeCountryIso31661Alpha2":"US"},"webInfo":{"webSubPlatform":"WEB_BROWSER"},"connectType":"WIFI_UNKNOWN","connectReason":"USER_ACTIVATED","device":2,"pull":true,"lidDbMigrated":false},"msg":"logging in..."}
{"level":30,"time":1774721246394,"pid":70310,"hostname":"Mac.home","msg":"5 pre-keys found on server"}
{"level":30,"time":1774721246394,"pid":70310,"hostname":"Mac.home","msg":"Current prekey ID: 2507, exists in storage: true"}
{"level":30,"time":1774721246394,"pid":70310,"hostname":"Mac.home","msg":"Uploading PreKeys due to: server count low (5)"}
{"level":30,"time":1774721246394,"pid":70310,"hostname":"Mac.home","count":5,"retryCount":0,"msg":"uploading pre-keys"}
{"level":30,"time":1774721246840,"pid":70310,"hostname":"Mac.home","count":5,"msg":"uploaded pre-keys successfully"}
{"level":30,"time":1774721247052,"pid":70310,"hostname":"Mac.home","msg":"handled 0 offline messages/notifications"}
{"level":30,"time":1774721247052,"pid":70310,"hostname":"Mac.home","msg":"Connection is now AwaitingInitialSync, buffering events"}
{"level":30,"time":1774721247053,"pid":70310,"hostname":"Mac.home","msg":"History sync is disabled by config, not waiting for notification. Transitioning to Online."}
{"level":30,"time":1774721247275,"pid":70310,"hostname":"Mac.home","msg":"opened connection to WA"}
[WhatsApp] ✅ Bağlantı başarılı!
{"level":30,"time":1774721247288,"pid":70310,"hostname":"Mac.home","myPN":"905333559848:2@s.whatsapp.net","myLID":"129879995613400:2@lid","msg":"Own LID session created successfully"}
{"level":50,"time":1774721252028,"pid":70310,"hostname":"Mac.home","reasonNode":{"tag":"conflict","attrs":{"type":"replaced"}},"fullErrorNode":{"tag":"stream:error","attrs":{},"content":[{"tag":"conflict","attrs":{"type":"replaced"}}]},"msg":"stream errored out"}
{"level":30,"time":1774721252029,"pid":70310,"hostname":"Mac.home","trace":"Error: Stream Errored (conflict)\n    at WebSocketClient.<anonymous> (file:///Users/salihozgen/Desktop/psikolog-projesi/node_modules/@whiskeysockets/baileys/lib/Socket/socket.js:780:13)\n    at WebSocketClient.emit (node:events:518:28)\n    at file:///Users/salihozgen/Desktop/psikolog-projesi/node_modules/@whiskeysockets/baileys/lib/Socket/socket.js:464:35\n    at Object.decodeFrame (file:///Users/salihozgen/Desktop/psikolog-projesi/node_modules/@whiskeysockets/baileys/lib/Utils/noise-handler.js:141:17)\n    at process.processTicksAndRejections (node:internal/process/task_queues:105:5)\n    at async WebSocketClient.onMessageReceived (file:///Users/salihozgen/Desktop/psikolog-projesi/node_modules/@whiskeysockets/baileys/lib/Socket/socket.js:441:9)","msg":"connection errored"}
[WhatsApp] Bot süreci başlatılıyor...
{"level":30,"time":1774721257400,"pid":70310,"hostname":"Mac.home","browser":["Ubuntu","Chrome","122.0.0"],"helloMsg":{"clientHello":{"ephemeral":"cUsx5pDK3uyd2URooNlsP4xRO1/l2x373R32GHkXkF4="}},"msg":"connected to WA"}
{"level":30,"time":1774721257489,"pid":70310,"hostname":"Mac.home","node":{"username":"905333559848","passive":true,"userAgent":{"platform":"WEB","appVersion":{"primary":2,"secondary":3000,"tertiary":1035194821},"mcc":"000","mnc":"000","osVersion":"0.1","device":"Desktop","osBuildNumber":"0.1","releaseChannel":"RELEASE","localeLanguageIso6391":"en","localeCountryIso31661Alpha2":"US"},"webInfo":{"webSubPlatform":"WEB_BROWSER"},"connectType":"WIFI_UNKNOWN","connectReason":"USER_ACTIVATED","device":2,"pull":true,"lidDbMigrated":false},"msg":"logging in..."}
{"level":30,"time":1774721258135,"pid":70310,"hostname":"Mac.home","msg":"5 pre-keys found on server"}
{"level":30,"time":1774721258135,"pid":70310,"hostname":"Mac.home","msg":"Current prekey ID: 2517, exists in storage: true"}
{"level":30,"time":1774721258135,"pid":70310,"hostname":"Mac.home","msg":"Uploading PreKeys due to: server count low (5)"}
{"level":30,"time":1774721258135,"pid":70310,"hostname":"Mac.home","count":5,"retryCount":0,"msg":"uploading pre-keys"}
{"level":30,"time":1774721258741,"pid":70310,"hostname":"Mac.home","count":5,"msg":"uploaded pre-keys successfully"}
{"level":30,"time":1774721258942,"pid":70310,"hostname":"Mac.home","msg":"handled 0 offline messages/notifications"}
{"level":30,"time":1774721258942,"pid":70310,"hostname":"Mac.home","msg":"Connection is now AwaitingInitialSync, buffering events"}
{"level":30,"time":1774721258942,"pid":70310,"hostname":"Mac.home","msg":"History sync is disabled by config, not waiting for notification. Transitioning to Online."}
{"level":30,"time":1774721258996,"pid":70310,"hostname":"Mac.home","msg":"opened connection to WA"}
[WhatsApp] ✅ Bağlantı başarılı!
{"level":30,"time":1774721259001,"pid":70310,"hostname":"Mac.home","myPN":"905333559848:2@s.whatsapp.net","myLID":"129879995613400:2@lid","msg":"Own LID session created successfully"}
{"level":50,"time":1774721263613,"pid":70310,"hostname":"Mac.home","reasonNode":{"tag":"conflict","attrs":{"type":"replaced"}},"fullErrorNode":{"tag":"stream:error","attrs":{},"content":[{"tag":"conflict","attrs":{"type":"replaced"}}]},"msg":"stream errored out"}
{"level":30,"time":1774721263613,"pid":70310,"hostname":"Mac.home","trace":"Error: Stream Errored (conflict)\n    at WebSocketClient.<anonymous> (file:///Users/salihozgen/Desktop/psikolog-projesi/node_modules/@whiskeysockets/baileys/lib/Socket/socket.js:780:13)\n    at WebSocketClient.emit (node:events:518:28)\n    at file:///Users/salihozgen/Desktop/psikolog-projesi/node_modules/@whiskeysockets/baileys/lib/Socket/socket.js:464:35\n    at Object.decodeFrame (file:///Users/salihozgen/Desktop/psikolog-projesi/node_modules/@whiskeysockets/baileys/lib/Utils/noise-handler.js:141:17)\n    at process.processTicksAndRejections (node:internal/process/task_queues:105:5)\n    at async WebSocketClient.onMessageReceived (file:///Users/salihozgen/Desktop/psikolog-projesi/node_modules/@whiskeysockets/baileys/lib/Socket/socket.js:441:9)","msg":"connection errored"}
[WhatsApp] Bot süreci başlatılıyor...
{"level":30,"time":1774721269017,"pid":70310,"hostname":"Mac.home","browser":["Ubuntu","Chrome","122.0.0"],"helloMsg":{"clientHello":{"ephemeral":"gI+g3bwdwYt10OrTiC/vAOoljjZxt6Macq6fM6PE3Fk="}},"msg":"connected to WA"}
{"level":30,"time":1774721269236,"pid":70310,"hostname":"Mac.home","node":{"username":"905333559848","passive":true,"userAgent":{"platform":"WEB","appVersion":{"primary":2,"secondary":3000,"tertiary":1035194821},"mcc":"000","mnc":"000","osVersion":"0.1","device":"Desktop","osBuildNumber":"0.1","releaseChannel":"RELEASE","localeLanguageIso6391":"en","localeCountryIso31661Alpha2":"US"},"webInfo":{"webSubPlatform":"WEB_BROWSER"},"connectType":"WIFI_UNKNOWN","connectReason":"USER_ACTIVATED","device":2,"pull":true,"lidDbMigrated":false},"msg":"logging in..."}
{"level":30,"time":1774721269777,"pid":70310,"hostname":"Mac.home","msg":"5 pre-keys found on server"}
{"level":30,"time":1774721269777,"pid":70310,"hostname":"Mac.home","msg":"Current prekey ID: 2527, exists in storage: true"}
{"level":30,"time":1774721269777,"pid":70310,"hostname":"Mac.home","msg":"Uploading PreKeys due to: server count low (5)"}
{"level":30,"time":1774721269777,"pid":70310,"hostname":"Mac.home","count":5,"retryCount":0,"msg":"uploading pre-keys"}
{"level":30,"time":1774721270215,"pid":70310,"hostname":"Mac.home","count":5,"msg":"uploaded pre-keys successfully"}
{"level":30,"time":1774721270486,"pid":70310,"hostname":"Mac.home","msg":"handled 0 offline messages/notifications"}
{"level":30,"time":1774721270486,"pid":70310,"hostname":"Mac.home","msg":"Connection is now AwaitingInitialSync, buffering events"}
{"level":30,"time":1774721270486,"pid":70310,"hostname":"Mac.home","msg":"History sync is disabled by config, not waiting for notification. Transitioning to Online."}
{"level":30,"time":1774721270689,"pid":70310,"hostname":"Mac.home","msg":"opened connection to WA"}
[WhatsApp] ✅ Bağlantı başarılı!
{"level":30,"time":1774721270707,"pid":70310,"hostname":"Mac.home","myPN":"905333559848:2@s.whatsapp.net","myLID":"129879995613400:2@lid","msg":"Own LID session created successfully"}
{"level":50,"time":1774721275539,"pid":70310,"hostname":"Mac.home","reasonNode":{"tag":"conflict","attrs":{"type":"replaced"}},"fullErrorNode":{"tag":"stream:error","attrs":{},"content":[{"tag":"conflict","attrs":{"type":"replaced"}}]},"msg":"stream errored out"}
{"level":30,"time":1774721275539,"pid":70310,"hostname":"Mac.home","trace":"Error: Stream Errored (conflict)\n    at WebSocketClient.<anonymous> (file:///Users/salihozgen/Desktop/psikolog-projesi/node_modules/@whiskeysockets/baileys/lib/Socket/socket.js:780:13)\n    at WebSocketClient.emit (node:events:518:28)\n    at file:///Users/salihozgen/Desktop/psikolog-projesi/node_modules/@whiskeysockets/baileys/lib/Socket/socket.js:464:35\n    at Object.decodeFrame (file:///Users/salihozgen/Desktop/psikolog-projesi/node_modules/@whiskeysockets/baileys/lib/Utils/noise-handler.js:141:17)\n    at process.processTicksAndRejections (node:internal/process/task_queues:105:5)\n    at async WebSocketClient.onMessageReceived (file:///Users/salihozgen/Desktop/psikolog-projesi/node_modules/@whiskeysockets/baileys/lib/Socket/socket.js:441:9)","msg":"connection errored"}
[WhatsApp] Bot süreci başlatılıyor...
{"level":30,"time":1774721280885,"pid":70310,"hostname":"Mac.home","browser":["Ubuntu","Chrome","122.0.0"],"helloMsg":{"clientHello":{"ephemeral":"fxsXh40rqgOTesHZrdTXF+2xQ5t6N0dNSgVDFEkrjiI="}},"msg":"connected to WA"}
{"level":30,"time":1774721281051,"pid":70310,"hostname":"Mac.home","node":{"username":"905333559848","passive":true,"userAgent":{"platform":"WEB","appVersion":{"primary":2,"secondary":3000,"tertiary":1035194821},"mcc":"000","mnc":"000","osVersion":"0.1","device":"Desktop","osBuildNumber":"0.1","releaseChannel":"RELEASE","localeLanguageIso6391":"en","localeCountryIso31661Alpha2":"US"},"webInfo":{"webSubPlatform":"WEB_BROWSER"},"connectType":"WIFI_UNKNOWN","connectReason":"USER_ACTIVATED","device":2,"pull":true,"lidDbMigrated":false},"msg":"logging in..."}
{"level":30,"time":1774721281370,"pid":70310,"hostname":"Mac.home","msg":"5 pre-keys found on server"}
{"level":30,"time":1774721281370,"pid":70310,"hostname":"Mac.home","msg":"Current prekey ID: 2537, exists in storage: true"}
{"level":30,"time":1774721281370,"pid":70310,"hostname":"Mac.home","msg":"Uploading PreKeys due to: server count low (5)"}
{"level":30,"time":1774721281370,"pid":70310,"hostname":"Mac.home","count":5,"retryCount":0,"msg":"uploading pre-keys"}
{"level":30,"time":1774721281570,"pid":70310,"hostname":"Mac.home","count":5,"msg":"uploaded pre-keys successfully"}
{"level":30,"time":1774721281781,"pid":70310,"hostname":"Mac.home","msg":"handled 0 offline messages/notifications"}
{"level":30,"time":1774721281781,"pid":70310,"hostname":"Mac.home","msg":"Connection is now AwaitingInitialSync, buffering events"}
{"level":30,"time":1774721281781,"pid":70310,"hostname":"Mac.home","msg":"History sync is disabled by config, not waiting for notification. Transitioning to Online."}
{"level":30,"time":1774721281887,"pid":70310,"hostname":"Mac.home","msg":"opened connection to WA"}
[WhatsApp] ✅ Bağlantı başarılı!
{"level":30,"time":1774721281903,"pid":70310,"hostname":"Mac.home","myPN":"905333559848:2@s.whatsapp.net","myLID":"129879995613400:2@lid","msg":"Own LID session created successfully"}
{"level":50,"time":1774721286967,"pid":70310,"hostname":"Mac.home","reasonNode":{"tag":"conflict","attrs":{"type":"replaced"}},"fullErrorNode":{"tag":"stream:error","attrs":{},"content":[{"tag":"conflict","attrs":{"type":"replaced"}}]},"msg":"stream errored out"}
{"level":30,"time":1774721286968,"pid":70310,"hostname":"Mac.home","trace":"Error: Stream Errored (conflict)\n    at WebSocketClient.<anonymous> (file:///Users/salihozgen/Desktop/psikolog-projesi/node_modules/@whiskeysockets/baileys/lib/Socket/socket.js:780:13)\n    at WebSocketClient.emit (node:events:518:28)\n    at file:///Users/salihozgen/Desktop/psikolog-projesi/node_modules/@whiskeysockets/baileys/lib/Socket/socket.js:464:35\n    at Object.decodeFrame (file:///Users/salihozgen/Desktop/psikolog-projesi/node_modules/@whiskeysockets/baileys/lib/Utils/noise-handler.js:141:17)\n    at process.processTicksAndRejections (node:internal/process/task_queues:105:5)\n    at async WebSocketClient.onMessageReceived (file:///Users/salihozgen/Desktop/psikolog-projesi/node_modules/@whiskeysockets/baileys/lib/Socket/socket.js:441:9)","msg":"connection errored"}
[WhatsApp] Bot süreci başlatılıyor...
{"level":30,"time":1774721292247,"pid":70310,"hostname":"Mac.home","browser":["Ubuntu","Chrome","122.0.0"],"helloMsg":{"clientHello":{"ephemeral":"vvuSQA+OlN2o7gXEmAeiwocc7c6TrcZnDr7UhXgLzRM="}},"msg":"connected to WA"}
{"level":30,"time":1774721292339,"pid":70310,"hostname":"Mac.home","node":{"username":"905333559848","passive":true,"userAgent":{"platform":"WEB","appVersion":{"primary":2,"secondary":3000,"tertiary":1035194821},"mcc":"000","mnc":"000","osVersion":"0.1","device":"Desktop","osBuildNumber":"0.1","releaseChannel":"RELEASE","localeLanguageIso6391":"en","localeCountryIso31661Alpha2":"US"},"webInfo":{"webSubPlatform":"WEB_BROWSER"},"connectType":"WIFI_UNKNOWN","connectReason":"USER_ACTIVATED","device":2,"pull":true,"lidDbMigrated":false},"msg":"logging in..."}
{"level":30,"time":1774721292976,"pid":70310,"hostname":"Mac.home","msg":"5 pre-keys found on server"}
{"level":30,"time":1774721292977,"pid":70310,"hostname":"Mac.home","msg":"Current prekey ID: 2547, exists in storage: true"}
{"level":30,"time":1774721292977,"pid":70310,"hostname":"Mac.home","msg":"Uploading PreKeys due to: server count low (5)"}
{"level":30,"time":1774721292977,"pid":70310,"hostname":"Mac.home","count":5,"retryCount":0,"msg":"uploading pre-keys"}
{"level":30,"time":1774721293470,"pid":70310,"hostname":"Mac.home","count":5,"msg":"uploaded pre-keys successfully"}
{"level":30,"time":1774721293714,"pid":70310,"hostname":"Mac.home","msg":"handled 0 offline messages/notifications"}
{"level":30,"time":1774721293715,"pid":70310,"hostname":"Mac.home","msg":"Connection is now AwaitingInitialSync, buffering events"}
{"level":30,"time":1774721293715,"pid":70310,"hostname":"Mac.home","msg":"History sync is disabled by config, not waiting for notification. Transitioning to Online."}
{"level":30,"time":1774721294002,"pid":70310,"hostname":"Mac.home","msg":"opened connection to WA"}
[WhatsApp] ✅ Bağlantı başarılı!
{"level":30,"time":1774721294021,"pid":70310,"hostname":"Mac.home","myPN":"905333559848:2@s.whatsapp.net","myLID":"129879995613400:2@lid","msg":"Own LID session created successfully"}
{"level":50,"time":1774721298474,"pid":70310,"hostname":"Mac.home","reasonNode":{"tag":"conflict","attrs":{"type":"replaced"}},"fullErrorNode":{"tag":"stream:error","attrs":{},"content":[{"tag":"conflict","attrs":{"type":"replaced"}}]},"msg":"stream errored out"}
{"level":30,"time":1774721298474,"pid":70310,"hostname":"Mac.home","trace":"Error: Stream Errored (conflict)\n    at WebSocketClient.<anonymous> (file:///Users/salihozgen/Desktop/psikolog-projesi/node_modules/@whiskeysockets/baileys/lib/Socket/socket.js:780:13)\n    at WebSocketClient.emit (node:events:518:28)\n    at file:///Users/salihozgen/Desktop/psikolog-projesi/node_modules/@whiskeysockets/baileys/lib/Socket/socket.js:464:35\n    at Object.decodeFrame (file:///Users/salihozgen/Desktop/psikolog-projesi/node_modules/@whiskeysockets/baileys/lib/Utils/noise-handler.js:141:17)\n    at process.processTicksAndRejections (node:internal/process/task_queues:105:5)\n    at async WebSocketClient.onMessageReceived (file:///Users/salihozgen/Desktop/psikolog-projesi/node_modules/@whiskeysockets/baileys/lib/Socket/socket.js:441:9)","msg":"connection errored"}
[WhatsApp] Bot süreci başlatılıyor...
{"level":30,"time":1774721303827,"pid":70310,"hostname":"Mac.home","browser":["Ubuntu","Chrome","122.0.0"],"helloMsg":{"clientHello":{"ephemeral":"FfLyR5VzXUmGcynsqlpwzk3WAnQBZtw7kQ9FHa3eeDM="}},"msg":"connected to WA"}
{"level":30,"time":1774721303995,"pid":70310,"hostname":"Mac.home","node":{"username":"905333559848","passive":true,"userAgent":{"platform":"WEB","appVersion":{"primary":2,"secondary":3000,"tertiary":1035194821},"mcc":"000","mnc":"000","osVersion":"0.1","device":"Desktop","osBuildNumber":"0.1","releaseChannel":"RELEASE","localeLanguageIso6391":"en","localeCountryIso31661Alpha2":"US"},"webInfo":{"webSubPlatform":"WEB_BROWSER"},"connectType":"WIFI_UNKNOWN","connectReason":"USER_ACTIVATED","device":2,"pull":true,"lidDbMigrated":false},"msg":"logging in..."}
{"level":30,"time":1774721304319,"pid":70310,"hostname":"Mac.home","msg":"5 pre-keys found on server"}
{"level":30,"time":1774721304319,"pid":70310,"hostname":"Mac.home","msg":"Current prekey ID: 2557, exists in storage: true"}
{"level":30,"time":1774721304319,"pid":70310,"hostname":"Mac.home","msg":"Uploading PreKeys due to: server count low (5)"}
{"level":30,"time":1774721304319,"pid":70310,"hostname":"Mac.home","count":5,"retryCount":0,"msg":"uploading pre-keys"}
{"level":30,"time":1774721304522,"pid":70310,"hostname":"Mac.home","count":5,"msg":"uploaded pre-keys successfully"}
{"level":30,"time":1774721304734,"pid":70310,"hostname":"Mac.home","msg":"handled 0 offline messages/notifications"}
{"level":30,"time":1774721304734,"pid":70310,"hostname":"Mac.home","msg":"Connection is now AwaitingInitialSync, buffering events"}
{"level":30,"time":1774721304734,"pid":70310,"hostname":"Mac.home","msg":"History sync is disabled by config, not waiting for notification. Transitioning to Online."}
{"level":30,"time":1774721304839,"pid":70310,"hostname":"Mac.home","msg":"opened connection to WA"}
[WhatsApp] ✅ Bağlantı başarılı!
{"level":30,"time":1774721304844,"pid":70310,"hostname":"Mac.home","myPN":"905333559848:2@s.whatsapp.net","myLID":"129879995613400:2@lid","msg":"Own LID session created successfully"}
{"level":50,"time":1774721310045,"pid":70310,"hostname":"Mac.home","reasonNode":{"tag":"conflict","attrs":{"type":"replaced"}},"fullErrorNode":{"tag":"stream:error","attrs":{},"content":[{"tag":"conflict","attrs":{"type":"replaced"}}]},"msg":"stream errored out"}
{"level":30,"time":1774721310046,"pid":70310,"hostname":"Mac.home","trace":"Error: Stream Errored (conflict)\n    at WebSocketClient.<anonymous> (file:///Users/salihozgen/Desktop/psikolog-projesi/node_modules/@whiskeysockets/baileys/lib/Socket/socket.js:780:13)\n    at WebSocketClient.emit (node:events:518:28)\n    at file:///Users/salihozgen/Desktop/psikolog-projesi/node_modules/@whiskeysockets/baileys/lib/Socket/socket.js:464:35\n    at Object.decodeFrame (file:///Users/salihozgen/Desktop/psikolog-projesi/node_modules/@whiskeysockets/baileys/lib/Utils/noise-handler.js:141:17)\n    at process.processTicksAndRejections (node:internal/process/task_queues:105:5)\n    at async WebSocketClient.onMessageReceived (file:///Users/salihozgen/Desktop/psikolog-projesi/node_modules/@whiskeysockets/baileys/lib/Socket/socket.js:441:9)","msg":"connection errored"}
[WhatsApp] Bot süreci başlatılıyor...
{"level":30,"time":1774721315447,"pid":70310,"hostname":"Mac.home","browser":["Ubuntu","Chrome","122.0.0"],"helloMsg":{"clientHello":{"ephemeral":"WR7I48pvuPzPEXBFtEWN10wfoGVKNjy4TsxfiWuwHgA="}},"msg":"connected to WA"}
{"level":30,"time":1774721315666,"pid":70310,"hostname":"Mac.home","node":{"username":"905333559848","passive":true,"userAgent":{"platform":"WEB","appVersion":{"primary":2,"secondary":3000,"tertiary":1035194821},"mcc":"000","mnc":"000","osVersion":"0.1","device":"Desktop","osBuildNumber":"0.1","releaseChannel":"RELEASE","localeLanguageIso6391":"en","localeCountryIso31661Alpha2":"US"},"webInfo":{"webSubPlatform":"WEB_BROWSER"},"connectType":"WIFI_UNKNOWN","connectReason":"USER_ACTIVATED","device":2,"pull":true,"lidDbMigrated":false},"msg":"logging in..."}
{"level":30,"time":1774721316214,"pid":70310,"hostname":"Mac.home","msg":"5 pre-keys found on server"}
{"level":30,"time":1774721316214,"pid":70310,"hostname":"Mac.home","msg":"Current prekey ID: 2567, exists in storage: true"}
{"level":30,"time":1774721316214,"pid":70310,"hostname":"Mac.home","msg":"Uploading PreKeys due to: server count low (5)"}
{"level":30,"time":1774721316214,"pid":70310,"hostname":"Mac.home","count":5,"retryCount":0,"msg":"uploading pre-keys"}
{"level":30,"time":1774721316643,"pid":70310,"hostname":"Mac.home","count":5,"msg":"uploaded pre-keys successfully"}
{"level":30,"time":1774721316914,"pid":70310,"hostname":"Mac.home","msg":"handled 0 offline messages/notifications"}
{"level":30,"time":1774721316914,"pid":70310,"hostname":"Mac.home","msg":"Connection is now AwaitingInitialSync, buffering events"}
{"level":30,"time":1774721316914,"pid":70310,"hostname":"Mac.home","msg":"History sync is disabled by config, not waiting for notification. Transitioning to Online."}
{"level":30,"time":1774721317123,"pid":70310,"hostname":"Mac.home","msg":"opened connection to WA"}
[WhatsApp] ✅ Bağlantı başarılı!
{"level":30,"time":1774721317137,"pid":70310,"hostname":"Mac.home","myPN":"905333559848:2@s.whatsapp.net","myLID":"129879995613400:2@lid","msg":"Own LID session created successfully"}
{"level":50,"time":1774721321928,"pid":70310,"hostname":"Mac.home","reasonNode":{"tag":"conflict","attrs":{"type":"replaced"}},"fullErrorNode":{"tag":"stream:error","attrs":{},"content":[{"tag":"conflict","attrs":{"type":"replaced"}}]},"msg":"stream errored out"}
{"level":30,"time":1774721321929,"pid":70310,"hostname":"Mac.home","trace":"Error: Stream Errored (conflict)\n    at WebSocketClient.<anonymous> (file:///Users/salihozgen/Desktop/psikolog-projesi/node_modules/@whiskeysockets/baileys/lib/Socket/socket.js:780:13)\n    at WebSocketClient.emit (node:events:518:28)\n    at file:///Users/salihozgen/Desktop/psikolog-projesi/node_modules/@whiskeysockets/baileys/lib/Socket/socket.js:464:35\n    at Object.decodeFrame (file:///Users/salihozgen/Desktop/psikolog-projesi/node_modules/@whiskeysockets/baileys/lib/Utils/noise-handler.js:141:17)\n    at process.processTicksAndRejections (node:internal/process/task_queues:105:5)\n    at async WebSocketClient.onMessageReceived (file:///Users/salihozgen/Desktop/psikolog-projesi/node_modules/@whiskeysockets/baileys/lib/Socket/socket.js:441:9)","msg":"connection errored"}
[WhatsApp] Bot süreci başlatılıyor...
{"level":30,"time":1774721327316,"pid":70310,"hostname":"Mac.home","browser":["Ubuntu","Chrome","122.0.0"],"helloMsg":{"clientHello":{"ephemeral":"0ZaC1uaxRKcDwVhgHfssEXeRaNb7+ho1gS9gdljNMB0="}},"msg":"connected to WA"}
{"level":30,"time":1774721327513,"pid":70310,"hostname":"Mac.home","node":{"username":"905333559848","passive":true,"userAgent":{"platform":"WEB","appVersion":{"primary":2,"secondary":3000,"tertiary":1035194821},"mcc":"000","mnc":"000","osVersion":"0.1","device":"Desktop","osBuildNumber":"0.1","releaseChannel":"RELEASE","localeLanguageIso6391":"en","localeCountryIso31661Alpha2":"US"},"webInfo":{"webSubPlatform":"WEB_BROWSER"},"connectType":"WIFI_UNKNOWN","connectReason":"USER_ACTIVATED","device":2,"pull":true,"lidDbMigrated":false},"msg":"logging in..."}
{"level":30,"time":1774721327981,"pid":70310,"hostname":"Mac.home","msg":"5 pre-keys found on server"}
{"level":30,"time":1774721327981,"pid":70310,"hostname":"Mac.home","msg":"Current prekey ID: 2577, exists in storage: true"}
{"level":30,"time":1774721327981,"pid":70310,"hostname":"Mac.home","msg":"Uploading PreKeys due to: server count low (5)"}
{"level":30,"time":1774721327981,"pid":70310,"hostname":"Mac.home","count":5,"retryCount":0,"msg":"uploading pre-keys"}
{"level":30,"time":1774721328331,"pid":70310,"hostname":"Mac.home","count":5,"msg":"uploaded pre-keys successfully"}
{"level":30,"time":1774721328565,"pid":70310,"hostname":"Mac.home","msg":"handled 0 offline messages/notifications"}
{"level":30,"time":1774721328565,"pid":70310,"hostname":"Mac.home","msg":"Connection is now AwaitingInitialSync, buffering events"}
{"level":30,"time":1774721328565,"pid":70310,"hostname":"Mac.home","msg":"History sync is disabled by config, not waiting for notification. Transitioning to Online."}
{"level":30,"time":1774721328747,"pid":70310,"hostname":"Mac.home","msg":"opened connection to WA"}
[WhatsApp] ✅ Bağlantı başarılı!
{"level":30,"time":1774721328753,"pid":70310,"hostname":"Mac.home","myPN":"905333559848:2@s.whatsapp.net","myLID":"129879995613400:2@lid","msg":"Own LID session created successfully"}
{"level":50,"time":1774721333522,"pid":70310,"hostname":"Mac.home","reasonNode":{"tag":"conflict","attrs":{"type":"replaced"}},"fullErrorNode":{"tag":"stream:error","attrs":{},"content":[{"tag":"conflict","attrs":{"type":"replaced"}}]},"msg":"stream errored out"}
{"level":30,"time":1774721333522,"pid":70310,"hostname":"Mac.home","trace":"Error: Stream Errored (conflict)\n    at WebSocketClient.<anonymous> (file:///Users/salihozgen/Desktop/psikolog-projesi/node_modules/@whiskeysockets/baileys/lib/Socket/socket.js:780:13)\n    at WebSocketClient.emit (node:events:518:28)\n    at file:///Users/salihozgen/Desktop/psikolog-projesi/node_modules/@whiskeysockets/baileys/lib/Socket/socket.js:464:35\n    at Object.decodeFrame (file:///Users/salihozgen/Desktop/psikolog-projesi/node_modules/@whiskeysockets/baileys/lib/Utils/noise-handler.js:141:17)\n    at process.processTicksAndRejections (node:internal/process/task_queues:105:5)\n    at async WebSocketClient.onMessageReceived (file:///Users/salihozgen/Desktop/psikolog-projesi/node_modules/@whiskeysockets/baileys/lib/Socket/socket.js:441:9)","msg":"connection errored"}
[WhatsApp] Bot süreci başlatılıyor...
{"level":30,"time":1774721338813,"pid":70310,"hostname":"Mac.home","browser":["Ubuntu","Chrome","122.0.0"],"helloMsg":{"clientHello":{"ephemeral":"pFUmhPEIRRmElnb/RFSDrOJGxQjSV/y1NfZBDiA+bSw="}},"msg":"connected to WA"}
{"level":30,"time":1774721338915,"pid":70310,"hostname":"Mac.home","node":{"username":"905333559848","passive":true,"userAgent":{"platform":"WEB","appVersion":{"primary":2,"secondary":3000,"tertiary":1035194821},"mcc":"000","mnc":"000","osVersion":"0.1","device":"Desktop","osBuildNumber":"0.1","releaseChannel":"RELEASE","localeLanguageIso6391":"en","localeCountryIso31661Alpha2":"US"},"webInfo":{"webSubPlatform":"WEB_BROWSER"},"connectType":"WIFI_UNKNOWN","connectReason":"USER_ACTIVATED","device":2,"pull":true,"lidDbMigrated":false},"msg":"logging in..."}
{"level":30,"time":1774721339783,"pid":70310,"hostname":"Mac.home","msg":"5 pre-keys found on server"}
{"level":30,"time":1774721339783,"pid":70310,"hostname":"Mac.home","msg":"Current prekey ID: 2587, exists in storage: true"}
{"level":30,"time":1774721339783,"pid":70310,"hostname":"Mac.home","msg":"Uploading PreKeys due to: server count low (5)"}
{"level":30,"time":1774721339783,"pid":70310,"hostname":"Mac.home","count":5,"retryCount":0,"msg":"uploading pre-keys"}
{"level":30,"time":1774721340279,"pid":70310,"hostname":"Mac.home","count":5,"msg":"uploaded pre-keys successfully"}
{"level":30,"time":1774721340528,"pid":70310,"hostname":"Mac.home","msg":"handled 0 offline messages/notifications"}
{"level":30,"time":1774721340528,"pid":70310,"hostname":"Mac.home","msg":"Connection is now AwaitingInitialSync, buffering events"}
{"level":30,"time":1774721340528,"pid":70310,"hostname":"Mac.home","msg":"History sync is disabled by config, not waiting for notification. Transitioning to Online."}
{"level":30,"time":1774721340814,"pid":70310,"hostname":"Mac.home","msg":"opened connection to WA"}
[WhatsApp] ✅ Bağlantı başarılı!
{"level":30,"time":1774721340818,"pid":70310,"hostname":"Mac.home","myPN":"905333559848:2@s.whatsapp.net","myLID":"129879995613400:2@lid","msg":"Own LID session created successfully"}
{"level":50,"time":1774721345152,"pid":70310,"hostname":"Mac.home","reasonNode":{"tag":"conflict","attrs":{"type":"replaced"}},"fullErrorNode":{"tag":"stream:error","attrs":{},"content":[{"tag":"conflict","attrs":{"type":"replaced"}}]},"msg":"stream errored out"}
{"level":30,"time":1774721345152,"pid":70310,"hostname":"Mac.home","trace":"Error: Stream Errored (conflict)\n    at WebSocketClient.<anonymous> (file:///Users/salihozgen/Desktop/psikolog-projesi/node_modules/@whiskeysockets/baileys/lib/Socket/socket.js:780:13)\n    at WebSocketClient.emit (node:events:518:28)\n    at file:///Users/salihozgen/Desktop/psikolog-projesi/node_modules/@whiskeysockets/baileys/lib/Socket/socket.js:464:35\n    at Object.decodeFrame (file:///Users/salihozgen/Desktop/psikolog-projesi/node_modules/@whiskeysockets/baileys/lib/Utils/noise-handler.js:141:17)\n    at process.processTicksAndRejections (node:internal/process/task_queues:105:5)\n    at async WebSocketClient.onMessageReceived (file:///Users/salihozgen/Desktop/psikolog-projesi/node_modules/@whiskeysockets/baileys/lib/Socket/socket.js:441:9)","msg":"connection errored"}
[WhatsApp] Bot süreci başlatılıyor...
{"level":30,"time":1774721350548,"pid":70310,"hostname":"Mac.home","browser":["Ubuntu","Chrome","122.0.0"],"helloMsg":{"clientHello":{"ephemeral":"37JzrA8WhVB6FTz5D79EbdeFp9kq97M+3kk25Y+Jl0I="}},"msg":"connected to WA"}
{"level":30,"time":1774721350754,"pid":70310,"hostname":"Mac.home","node":{"username":"905333559848","passive":true,"userAgent":{"platform":"WEB","appVersion":{"primary":2,"secondary":3000,"tertiary":1035194821},"mcc":"000","mnc":"000","osVersion":"0.1","device":"Desktop","osBuildNumber":"0.1","releaseChannel":"RELEASE","localeLanguageIso6391":"en","localeCountryIso31661Alpha2":"US"},"webInfo":{"webSubPlatform":"WEB_BROWSER"},"connectType":"WIFI_UNKNOWN","connectReason":"USER_ACTIVATED","device":2,"pull":true,"lidDbMigrated":false},"msg":"logging in..."}
{"level":30,"time":1774721351289,"pid":70310,"hostname":"Mac.home","msg":"5 pre-keys found on server"}
{"level":30,"time":1774721351289,"pid":70310,"hostname":"Mac.home","msg":"Current prekey ID: 2597, exists in storage: true"}
{"level":30,"time":1774721351289,"pid":70310,"hostname":"Mac.home","msg":"Uploading PreKeys due to: server count low (5)"}
{"level":30,"time":1774721351289,"pid":70310,"hostname":"Mac.home","count":5,"retryCount":0,"msg":"uploading pre-keys"}
{"level":30,"time":1774721351716,"pid":70310,"hostname":"Mac.home","count":5,"msg":"uploaded pre-keys successfully"}
{"level":30,"time":1774721351986,"pid":70310,"hostname":"Mac.home","msg":"handled 0 offline messages/notifications"}
{"level":30,"time":1774721351986,"pid":70310,"hostname":"Mac.home","msg":"Connection is now AwaitingInitialSync, buffering events"}
{"level":30,"time":1774721351986,"pid":70310,"hostname":"Mac.home","msg":"History sync is disabled by config, not waiting for notification. Transitioning to Online."}
{"level":30,"time":1774721352191,"pid":70310,"hostname":"Mac.home","msg":"opened connection to WA"}
[WhatsApp] ✅ Bağlantı başarılı!
{"level":30,"time":1774721352211,"pid":70310,"hostname":"Mac.home","myPN":"905333559848:2@s.whatsapp.net","myLID":"129879995613400:2@lid","msg":"Own LID session created successfully"}
{"level":50,"time":1774721356933,"pid":70310,"hostname":"Mac.home","reasonNode":{"tag":"conflict","attrs":{"type":"replaced"}},"fullErrorNode":{"tag":"stream:error","attrs":{},"content":[{"tag":"conflict","attrs":{"type":"replaced"}}]},"msg":"stream errored out"}
{"level":30,"time":1774721356934,"pid":70310,"hostname":"Mac.home","trace":"Error: Stream Errored (conflict)\n    at WebSocketClient.<anonymous> (file:///Users/salihozgen/Desktop/psikolog-projesi/node_modules/@whiskeysockets/baileys/lib/Socket/socket.js:780:13)\n    at WebSocketClient.emit (node:events:518:28)\n    at file:///Users/salihozgen/Desktop/psikolog-projesi/node_modules/@whiskeysockets/baileys/lib/Socket/socket.js:464:35\n    at Object.decodeFrame (file:///Users/salihozgen/Desktop/psikolog-projesi/node_modules/@whiskeysockets/baileys/lib/Utils/noise-handler.js:141:17)\n    at process.processTicksAndRejections (node:internal/process/task_queues:105:5)\n    at async WebSocketClient.onMessageReceived (file:///Users/salihozgen/Desktop/psikolog-projesi/node_modules/@whiskeysockets/baileys/lib/Socket/socket.js:441:9)","msg":"connection errored"}
[WhatsApp] Bot süreci başlatılıyor...
{"level":30,"time":1774721362314,"pid":70310,"hostname":"Mac.home","browser":["Ubuntu","Chrome","122.0.0"],"helloMsg":{"clientHello":{"ephemeral":"Mz1y2PDI7Wp7OfKH7Ij/5ULRWfHeu/PUYiExfQOB/gg="}},"msg":"connected to WA"}
{"level":30,"time":1774721362514,"pid":70310,"hostname":"Mac.home","node":{"username":"905333559848","passive":true,"userAgent":{"platform":"WEB","appVersion":{"primary":2,"secondary":3000,"tertiary":1035194821},"mcc":"000","mnc":"000","osVersion":"0.1","device":"Desktop","osBuildNumber":"0.1","releaseChannel":"RELEASE","localeLanguageIso6391":"en","localeCountryIso31661Alpha2":"US"},"webInfo":{"webSubPlatform":"WEB_BROWSER"},"connectType":"WIFI_UNKNOWN","connectReason":"USER_ACTIVATED","device":2,"pull":true,"lidDbMigrated":false},"msg":"logging in..."}
{"level":30,"time":1774721362982,"pid":70310,"hostname":"Mac.home","msg":"5 pre-keys found on server"}
{"level":30,"time":1774721362982,"pid":70310,"hostname":"Mac.home","msg":"Current prekey ID: 2607, exists in storage: true"}
{"level":30,"time":1774721362982,"pid":70310,"hostname":"Mac.home","msg":"Uploading PreKeys due to: server count low (5)"}
{"level":30,"time":1774721362982,"pid":70310,"hostname":"Mac.home","count":5,"retryCount":0,"msg":"uploading pre-keys"}
{"level":30,"time":1774721363326,"pid":70310,"hostname":"Mac.home","count":5,"msg":"uploaded pre-keys successfully"}
{"level":30,"time":1774721363565,"pid":70310,"hostname":"Mac.home","msg":"handled 0 offline messages/notifications"}
{"level":30,"time":1774721363565,"pid":70310,"hostname":"Mac.home","msg":"Connection is now AwaitingInitialSync, buffering events"}
{"level":30,"time":1774721363565,"pid":70310,"hostname":"Mac.home","msg":"History sync is disabled by config, not waiting for notification. Transitioning to Online."}
{"level":30,"time":1774721363752,"pid":70310,"hostname":"Mac.home","msg":"opened connection to WA"}
[WhatsApp] ✅ Bağlantı başarılı!
{"level":30,"time":1774721363759,"pid":70310,"hostname":"Mac.home","myPN":"905333559848:2@s.whatsapp.net","myLID":"129879995613400:2@lid","msg":"Own LID session created successfully"}
{"level":50,"time":1774721368641,"pid":70310,"hostname":"Mac.home","reasonNode":{"tag":"conflict","attrs":{"type":"replaced"}},"fullErrorNode":{"tag":"stream:error","attrs":{},"content":[{"tag":"conflict","attrs":{"type":"replaced"}}]},"msg":"stream errored out"}
{"level":30,"time":1774721368642,"pid":70310,"hostname":"Mac.home","trace":"Error: Stream Errored (conflict)\n    at WebSocketClient.<anonymous> (file:///Users/salihozgen/Desktop/psikolog-projesi/node_modules/@whiskeysockets/baileys/lib/Socket/socket.js:780:13)\n    at WebSocketClient.emit (node:events:518:28)\n    at file:///Users/salihozgen/Desktop/psikolog-projesi/node_modules/@whiskeysockets/baileys/lib/Socket/socket.js:464:35\n    at Object.decodeFrame (file:///Users/salihozgen/Desktop/psikolog-projesi/node_modules/@whiskeysockets/baileys/lib/Utils/noise-handler.js:141:17)\n    at process.processTicksAndRejections (node:internal/process/task_queues:105:5)\n    at async WebSocketClient.onMessageReceived (file:///Users/salihozgen/Desktop/psikolog-projesi/node_modules/@whiskeysockets/baileys/lib/Socket/socket.js:441:9)","msg":"connection errored"}
[WhatsApp] Bot süreci başlatılıyor...
{"level":30,"time":1774721374011,"pid":70310,"hostname":"Mac.home","browser":["Ubuntu","Chrome","122.0.0"],"helloMsg":{"clientHello":{"ephemeral":"pc+hmMvG5dNi84qfiBWU5cJyXTVdIwYYWeUhrIn21EY="}},"msg":"connected to WA"}
{"level":30,"time":1774721374185,"pid":70310,"hostname":"Mac.home","node":{"username":"905333559848","passive":true,"userAgent":{"platform":"WEB","appVersion":{"primary":2,"secondary":3000,"tertiary":1035194821},"mcc":"000","mnc":"000","osVersion":"0.1","device":"Desktop","osBuildNumber":"0.1","releaseChannel":"RELEASE","localeLanguageIso6391":"en","localeCountryIso31661Alpha2":"US"},"webInfo":{"webSubPlatform":"WEB_BROWSER"},"connectType":"WIFI_UNKNOWN","connectReason":"USER_ACTIVATED","device":2,"pull":true,"lidDbMigrated":false},"msg":"logging in..."}
{"level":30,"time":1774721374586,"pid":70310,"hostname":"Mac.home","msg":"5 pre-keys found on server"}
{"level":30,"time":1774721374586,"pid":70310,"hostname":"Mac.home","msg":"Current prekey ID: 2617, exists in storage: true"}
{"level":30,"time":1774721374586,"pid":70310,"hostname":"Mac.home","msg":"Uploading PreKeys due to: server count low (5)"}
{"level":30,"time":1774721374586,"pid":70310,"hostname":"Mac.home","count":5,"retryCount":0,"msg":"uploading pre-keys"}
{"level":30,"time":1774721374877,"pid":70310,"hostname":"Mac.home","count":5,"msg":"uploaded pre-keys successfully"}
{"level":30,"time":1774721375067,"pid":70310,"hostname":"Mac.home","msg":"handled 0 offline messages/notifications"}
{"level":30,"time":1774721375068,"pid":70310,"hostname":"Mac.home","msg":"Connection is now AwaitingInitialSync, buffering events"}
{"level":30,"time":1774721375068,"pid":70310,"hostname":"Mac.home","msg":"History sync is disabled by config, not waiting for notification. Transitioning to Online."}
{"level":30,"time":1774721375240,"pid":70310,"hostname":"Mac.home","msg":"opened connection to WA"}
[WhatsApp] ✅ Bağlantı başarılı!
{"level":30,"time":1774721375244,"pid":70310,"hostname":"Mac.home","myPN":"905333559848:2@s.whatsapp.net","myLID":"129879995613400:2@lid","msg":"Own LID session created successfully"}
{"level":50,"time":1774721380215,"pid":70310,"hostname":"Mac.home","reasonNode":{"tag":"conflict","attrs":{"type":"replaced"}},"fullErrorNode":{"tag":"stream:error","attrs":{},"content":[{"tag":"conflict","attrs":{"type":"replaced"}}]},"msg":"stream errored out"}
{"level":30,"time":1774721380216,"pid":70310,"hostname":"Mac.home","trace":"Error: Stream Errored (conflict)\n    at WebSocketClient.<anonymous> (file:///Users/salihozgen/Desktop/psikolog-projesi/node_modules/@whiskeysockets/baileys/lib/Socket/socket.js:780:13)\n    at WebSocketClient.emit (node:events:518:28)\n    at file:///Users/salihozgen/Desktop/psikolog-projesi/node_modules/@whiskeysockets/baileys/lib/Socket/socket.js:464:35\n    at Object.decodeFrame (file:///Users/salihozgen/Desktop/psikolog-projesi/node_modules/@whiskeysockets/baileys/lib/Utils/noise-handler.js:141:17)\n    at process.processTicksAndRejections (node:internal/process/task_queues:105:5)\n    at async WebSocketClient.onMessageReceived (file:///Users/salihozgen/Desktop/psikolog-projesi/node_modules/@whiskeysockets/baileys/lib/Socket/socket.js:441:9)","msg":"connection errored"}
[WhatsApp] Bot süreci başlatılıyor...
{"level":30,"time":1774721385567,"pid":70310,"hostname":"Mac.home","browser":["Ubuntu","Chrome","122.0.0"],"helloMsg":{"clientHello":{"ephemeral":"zagrpD20LlmPuI6g92IS6T4sj9rgI0Yf4aNc1oNi2zs="}},"msg":"connected to WA"}
{"level":30,"time":1774721385734,"pid":70310,"hostname":"Mac.home","node":{"username":"905333559848","passive":true,"userAgent":{"platform":"WEB","appVersion":{"primary":2,"secondary":3000,"tertiary":1035194821},"mcc":"000","mnc":"000","osVersion":"0.1","device":"Desktop","osBuildNumber":"0.1","releaseChannel":"RELEASE","localeLanguageIso6391":"en","localeCountryIso31661Alpha2":"US"},"webInfo":{"webSubPlatform":"WEB_BROWSER"},"connectType":"WIFI_UNKNOWN","connectReason":"USER_ACTIVATED","device":2,"pull":true,"lidDbMigrated":false},"msg":"logging in..."}
{"level":30,"time":1774721386059,"pid":70310,"hostname":"Mac.home","msg":"5 pre-keys found on server"}
{"level":30,"time":1774721386059,"pid":70310,"hostname":"Mac.home","msg":"Current prekey ID: 2627, exists in storage: true"}
{"level":30,"time":1774721386059,"pid":70310,"hostname":"Mac.home","msg":"Uploading PreKeys due to: server count low (5)"}
{"level":30,"time":1774721386059,"pid":70310,"hostname":"Mac.home","count":5,"retryCount":0,"msg":"uploading pre-keys"}
{"level":30,"time":1774721386262,"pid":70310,"hostname":"Mac.home","count":5,"msg":"uploaded pre-keys successfully"}
{"level":30,"time":1774721386471,"pid":70310,"hostname":"Mac.home","msg":"handled 0 offline messages/notifications"}
{"level":30,"time":1774721386471,"pid":70310,"hostname":"Mac.home","msg":"Connection is now AwaitingInitialSync, buffering events"}
{"level":30,"time":1774721386471,"pid":70310,"hostname":"Mac.home","msg":"History sync is disabled by config, not waiting for notification. Transitioning to Online."}
{"level":30,"time":1774721386574,"pid":70310,"hostname":"Mac.home","msg":"opened connection to WA"}
[WhatsApp] ✅ Bağlantı başarılı!
{"level":30,"time":1774721386578,"pid":70310,"hostname":"Mac.home","myPN":"905333559848:2@s.whatsapp.net","myLID":"129879995613400:2@lid","msg":"Own LID session created successfully"}
{"level":50,"time":1774721391806,"pid":70310,"hostname":"Mac.home","reasonNode":{"tag":"conflict","attrs":{"type":"replaced"}},"fullErrorNode":{"tag":"stream:error","attrs":{},"content":[{"tag":"conflict","attrs":{"type":"replaced"}}]},"msg":"stream errored out"}
{"level":30,"time":1774721391806,"pid":70310,"hostname":"Mac.home","trace":"Error: Stream Errored (conflict)\n    at WebSocketClient.<anonymous> (file:///Users/salihozgen/Desktop/psikolog-projesi/node_modules/@whiskeysockets/baileys/lib/Socket/socket.js:780:13)\n    at WebSocketClient.emit (node:events:518:28)\n    at file:///Users/salihozgen/Desktop/psikolog-projesi/node_modules/@whiskeysockets/baileys/lib/Socket/socket.js:464:35\n    at Object.decodeFrame (file:///Users/salihozgen/Desktop/psikolog-projesi/node_modules/@whiskeysockets/baileys/lib/Utils/noise-handler.js:141:17)\n    at process.processTicksAndRejections (node:internal/process/task_queues:105:5)\n    at async WebSocketClient.onMessageReceived (file:///Users/salihozgen/Desktop/psikolog-projesi/node_modules/@whiskeysockets/baileys/lib/Socket/socket.js:441:9)","msg":"connection errored"}
[WhatsApp] Bot süreci başlatılıyor...
{"level":30,"time":1774721397202,"pid":70310,"hostname":"Mac.home","browser":["Ubuntu","Chrome","122.0.0"],"helloMsg":{"clientHello":{"ephemeral":"ZFMp+7yIQa6ONX69TM4AoEjT6gauuoxu3OPMzayqt2w="}},"msg":"connected to WA"}
{"level":30,"time":1774721397414,"pid":70310,"hostname":"Mac.home","node":{"username":"905333559848","passive":true,"userAgent":{"platform":"WEB","appVersion":{"primary":2,"secondary":3000,"tertiary":1035194821},"mcc":"000","mnc":"000","osVersion":"0.1","device":"Desktop","osBuildNumber":"0.1","releaseChannel":"RELEASE","localeLanguageIso6391":"en","localeCountryIso31661Alpha2":"US"},"webInfo":{"webSubPlatform":"WEB_BROWSER"},"connectType":"WIFI_UNKNOWN","connectReason":"USER_ACTIVATED","device":2,"pull":true,"lidDbMigrated":false},"msg":"logging in..."}
{"level":30,"time":1774721397956,"pid":70310,"hostname":"Mac.home","msg":"5 pre-keys found on server"}
{"level":30,"time":1774721397956,"pid":70310,"hostname":"Mac.home","msg":"Current prekey ID: 2637, exists in storage: true"}
{"level":30,"time":1774721397956,"pid":70310,"hostname":"Mac.home","msg":"Uploading PreKeys due to: server count low (5)"}
{"level":30,"time":1774721397957,"pid":70310,"hostname":"Mac.home","count":5,"retryCount":0,"msg":"uploading pre-keys"}
{"level":30,"time":1774721398394,"pid":70310,"hostname":"Mac.home","count":5,"msg":"uploaded pre-keys successfully"}
{"level":30,"time":1774721398662,"pid":70310,"hostname":"Mac.home","msg":"handled 0 offline messages/notifications"}
{"level":30,"time":1774721398662,"pid":70310,"hostname":"Mac.home","msg":"Connection is now AwaitingInitialSync, buffering events"}
{"level":30,"time":1774721398663,"pid":70310,"hostname":"Mac.home","msg":"History sync is disabled by config, not waiting for notification. Transitioning to Online."}
{"level":30,"time":1774721398866,"pid":70310,"hostname":"Mac.home","msg":"opened connection to WA"}
[WhatsApp] ✅ Bağlantı başarılı!
{"level":30,"time":1774721398884,"pid":70310,"hostname":"Mac.home","myPN":"905333559848:2@s.whatsapp.net","myLID":"129879995613400:2@lid","msg":"Own LID session created successfully"}
{"level":50,"time":1774721403594,"pid":70310,"hostname":"Mac.home","reasonNode":{"tag":"conflict","attrs":{"type":"replaced"}},"fullErrorNode":{"tag":"stream:error","attrs":{},"content":[{"tag":"conflict","attrs":{"type":"replaced"}}]},"msg":"stream errored out"}
{"level":30,"time":1774721403594,"pid":70310,"hostname":"Mac.home","trace":"Error: Stream Errored (conflict)\n    at WebSocketClient.<anonymous> (file:///Users/salihozgen/Desktop/psikolog-projesi/node_modules/@whiskeysockets/baileys/lib/Socket/socket.js:780:13)\n    at WebSocketClient.emit (node:events:518:28)\n    at file:///Users/salihozgen/Desktop/psikolog-projesi/node_modules/@whiskeysockets/baileys/lib/Socket/socket.js:464:35\n    at Object.decodeFrame (file:///Users/salihozgen/Desktop/psikolog-projesi/node_modules/@whiskeysockets/baileys/lib/Utils/noise-handler.js:141:17)\n    at process.processTicksAndRejections (node:internal/process/task_queues:105:5)\n    at async WebSocketClient.onMessageReceived (file:///Users/salihozgen/Desktop/psikolog-projesi/node_modules/@whiskeysockets/baileys/lib/Socket/socket.js:441:9)","msg":"connection errored"}
[WhatsApp] Bot süreci başlatılıyor...
{"level":30,"time":1774721408952,"pid":70310,"hostname":"Mac.home","browser":["Ubuntu","Chrome","122.0.0"],"helloMsg":{"clientHello":{"ephemeral":"wHHzDg5govgWwrtyCSton73xOngo3eatkITYRC2jzxU="}},"msg":"connected to WA"}
{"level":30,"time":1774721409128,"pid":70310,"hostname":"Mac.home","node":{"username":"905333559848","passive":true,"userAgent":{"platform":"WEB","appVersion":{"primary":2,"secondary":3000,"tertiary":1035194821},"mcc":"000","mnc":"000","osVersion":"0.1","device":"Desktop","osBuildNumber":"0.1","releaseChannel":"RELEASE","localeLanguageIso6391":"en","localeCountryIso31661Alpha2":"US"},"webInfo":{"webSubPlatform":"WEB_BROWSER"},"connectType":"WIFI_UNKNOWN","connectReason":"USER_ACTIVATED","device":2,"pull":true,"lidDbMigrated":false},"msg":"logging in..."}
{"level":30,"time":1774721409531,"pid":70310,"hostname":"Mac.home","msg":"5 pre-keys found on server"}
{"level":30,"time":1774721409531,"pid":70310,"hostname":"Mac.home","msg":"Current prekey ID: 2647, exists in storage: true"}
{"level":30,"time":1774721409531,"pid":70310,"hostname":"Mac.home","msg":"Uploading PreKeys due to: server count low (5)"}
{"level":30,"time":1774721409531,"pid":70310,"hostname":"Mac.home","count":5,"retryCount":0,"msg":"uploading pre-keys"}
{"level":30,"time":1774721409834,"pid":70310,"hostname":"Mac.home","count":5,"msg":"uploaded pre-keys successfully"}
{"level":30,"time":1774721410028,"pid":70310,"hostname":"Mac.home","msg":"handled 0 offline messages/notifications"}
{"level":30,"time":1774721410029,"pid":70310,"hostname":"Mac.home","msg":"Connection is now AwaitingInitialSync, buffering events"}
{"level":30,"time":1774721410029,"pid":70310,"hostname":"Mac.home","msg":"History sync is disabled by config, not waiting for notification. Transitioning to Online."}
{"level":30,"time":1774721410202,"pid":70310,"hostname":"Mac.home","msg":"opened connection to WA"}
[WhatsApp] ✅ Bağlantı başarılı!
{"level":30,"time":1774721410220,"pid":70310,"hostname":"Mac.home","myPN":"905333559848:2@s.whatsapp.net","myLID":"129879995613400:2@lid","msg":"Own LID session created successfully"}
{"level":50,"time":1774721415177,"pid":70310,"hostname":"Mac.home","reasonNode":{"tag":"conflict","attrs":{"type":"replaced"}},"fullErrorNode":{"tag":"stream:error","attrs":{},"content":[{"tag":"conflict","attrs":{"type":"replaced"}}]},"msg":"stream errored out"}
{"level":30,"time":1774721415177,"pid":70310,"hostname":"Mac.home","trace":"Error: Stream Errored (conflict)\n    at WebSocketClient.<anonymous> (file:///Users/salihozgen/Desktop/psikolog-projesi/node_modules/@whiskeysockets/baileys/lib/Socket/socket.js:780:13)\n    at WebSocketClient.emit (node:events:518:28)\n    at file:///Users/salihozgen/Desktop/psikolog-projesi/node_modules/@whiskeysockets/baileys/lib/Socket/socket.js:464:35\n    at Object.decodeFrame (file:///Users/salihozgen/Desktop/psikolog-projesi/node_modules/@whiskeysockets/baileys/lib/Utils/noise-handler.js:141:17)\n    at process.processTicksAndRejections (node:internal/process/task_queues:105:5)\n    at async WebSocketClient.onMessageReceived (file:///Users/salihozgen/Desktop/psikolog-projesi/node_modules/@whiskeysockets/baileys/lib/Socket/socket.js:441:9)","msg":"connection errored"}
[WhatsApp] Bot süreci başlatılıyor...
{"level":30,"time":1774721420518,"pid":70310,"hostname":"Mac.home","browser":["Ubuntu","Chrome","122.0.0"],"helloMsg":{"clientHello":{"ephemeral":"hLTRPKRX650sS7IVDJhqWi9j0JuSUChGF7Bnp7agYjI="}},"msg":"connected to WA"}
{"level":30,"time":1774721420681,"pid":70310,"hostname":"Mac.home","node":{"username":"905333559848","passive":true,"userAgent":{"platform":"WEB","appVersion":{"primary":2,"secondary":3000,"tertiary":1035194821},"mcc":"000","mnc":"000","osVersion":"0.1","device":"Desktop","osBuildNumber":"0.1","releaseChannel":"RELEASE","localeLanguageIso6391":"en","localeCountryIso31661Alpha2":"US"},"webInfo":{"webSubPlatform":"WEB_BROWSER"},"connectType":"WIFI_UNKNOWN","connectReason":"USER_ACTIVATED","device":2,"pull":true,"lidDbMigrated":false},"msg":"logging in..."}
{"level":30,"time":1774721421002,"pid":70310,"hostname":"Mac.home","msg":"5 pre-keys found on server"}
{"level":30,"time":1774721421002,"pid":70310,"hostname":"Mac.home","msg":"Current prekey ID: 2657, exists in storage: true"}
{"level":30,"time":1774721421002,"pid":70310,"hostname":"Mac.home","msg":"Uploading PreKeys due to: server count low (5)"}
{"level":30,"time":1774721421002,"pid":70310,"hostname":"Mac.home","count":5,"retryCount":0,"msg":"uploading pre-keys"}
{"level":30,"time":1774721421209,"pid":70310,"hostname":"Mac.home","count":5,"msg":"uploaded pre-keys successfully"}
{"level":30,"time":1774721421417,"pid":70310,"hostname":"Mac.home","msg":"handled 0 offline messages/notifications"}
{"level":30,"time":1774721421418,"pid":70310,"hostname":"Mac.home","msg":"Connection is now AwaitingInitialSync, buffering events"}
{"level":30,"time":1774721421418,"pid":70310,"hostname":"Mac.home","msg":"History sync is disabled by config, not waiting for notification. Transitioning to Online."}
{"level":30,"time":1774721421523,"pid":70310,"hostname":"Mac.home","msg":"opened connection to WA"}
[WhatsApp] ✅ Bağlantı başarılı!
{"level":30,"time":1774721421537,"pid":70310,"hostname":"Mac.home","myPN":"905333559848:2@s.whatsapp.net","myLID":"129879995613400:2@lid","msg":"Own LID session created successfully"}
{"level":50,"time":1774721426660,"pid":70310,"hostname":"Mac.home","reasonNode":{"tag":"conflict","attrs":{"type":"replaced"}},"fullErrorNode":{"tag":"stream:error","attrs":{},"content":[{"tag":"conflict","attrs":{"type":"replaced"}}]},"msg":"stream errored out"}
{"level":30,"time":1774721426660,"pid":70310,"hostname":"Mac.home","trace":"Error: Stream Errored (conflict)\n    at WebSocketClient.<anonymous> (file:///Users/salihozgen/Desktop/psikolog-projesi/node_modules/@whiskeysockets/baileys/lib/Socket/socket.js:780:13)\n    at WebSocketClient.emit (node:events:518:28)\n    at file:///Users/salihozgen/Desktop/psikolog-projesi/node_modules/@whiskeysockets/baileys/lib/Socket/socket.js:464:35\n    at Object.decodeFrame (file:///Users/salihozgen/Desktop/psikolog-projesi/node_modules/@whiskeysockets/baileys/lib/Utils/noise-handler.js:141:17)\n    at process.processTicksAndRejections (node:internal/process/task_queues:105:5)\n    at async WebSocketClient.onMessageReceived (file:///Users/salihozgen/Desktop/psikolog-projesi/node_modules/@whiskeysockets/baileys/lib/Socket/socket.js:441:9)","msg":"connection errored"}
[WhatsApp] Bot süreci başlatılıyor...
{"level":30,"time":1774721431991,"pid":70310,"hostname":"Mac.home","browser":["Ubuntu","Chrome","122.0.0"],"helloMsg":{"clientHello":{"ephemeral":"hxfgkJ+V+o3LTvnbglV2DHzUjMy7JxDo1fTHPRJMx3A="}},"msg":"connected to WA"}
{"level":30,"time":1774721432163,"pid":70310,"hostname":"Mac.home","node":{"username":"905333559848","passive":true,"userAgent":{"platform":"WEB","appVersion":{"primary":2,"secondary":3000,"tertiary":1035194821},"mcc":"000","mnc":"000","osVersion":"0.1","device":"Desktop","osBuildNumber":"0.1","releaseChannel":"RELEASE","localeLanguageIso6391":"en","localeCountryIso31661Alpha2":"US"},"webInfo":{"webSubPlatform":"WEB_BROWSER"},"connectType":"WIFI_UNKNOWN","connectReason":"USER_ACTIVATED","device":2,"pull":true,"lidDbMigrated":false},"msg":"logging in..."}
{"level":30,"time":1774721432567,"pid":70310,"hostname":"Mac.home","msg":"5 pre-keys found on server"}
{"level":30,"time":1774721432567,"pid":70310,"hostname":"Mac.home","msg":"Current prekey ID: 2667, exists in storage: true"}
{"level":30,"time":1774721432567,"pid":70310,"hostname":"Mac.home","msg":"Uploading PreKeys due to: server count low (5)"}
{"level":30,"time":1774721432567,"pid":70310,"hostname":"Mac.home","count":5,"retryCount":0,"msg":"uploading pre-keys"}
{"level":30,"time":1774721432872,"pid":70310,"hostname":"Mac.home","count":5,"msg":"uploaded pre-keys successfully"}
{"level":30,"time":1774721433066,"pid":70310,"hostname":"Mac.home","msg":"handled 0 offline messages/notifications"}
{"level":30,"time":1774721433067,"pid":70310,"hostname":"Mac.home","msg":"Connection is now AwaitingInitialSync, buffering events"}
{"level":30,"time":1774721433067,"pid":70310,"hostname":"Mac.home","msg":"History sync is disabled by config, not waiting for notification. Transitioning to Online."}
{"level":30,"time":1774721433243,"pid":70310,"hostname":"Mac.home","msg":"opened connection to WA"}
[WhatsApp] ✅ Bağlantı başarılı!
{"level":30,"time":1774721433257,"pid":70310,"hostname":"Mac.home","myPN":"905333559848:2@s.whatsapp.net","myLID":"129879995613400:2@lid","msg":"Own LID session created successfully"}
{"level":50,"time":1774721438447,"pid":70310,"hostname":"Mac.home","reasonNode":{"tag":"conflict","attrs":{"type":"replaced"}},"fullErrorNode":{"tag":"stream:error","attrs":{},"content":[{"tag":"conflict","attrs":{"type":"replaced"}}]},"msg":"stream errored out"}
{"level":30,"time":1774721438448,"pid":70310,"hostname":"Mac.home","trace":"Error: Stream Errored (conflict)\n    at WebSocketClient.<anonymous> (file:///Users/salihozgen/Desktop/psikolog-projesi/node_modules/@whiskeysockets/baileys/lib/Socket/socket.js:780:13)\n    at WebSocketClient.emit (node:events:518:28)\n    at file:///Users/salihozgen/Desktop/psikolog-projesi/node_modules/@whiskeysockets/baileys/lib/Socket/socket.js:464:35\n    at Object.decodeFrame (file:///Users/salihozgen/Desktop/psikolog-projesi/node_modules/@whiskeysockets/baileys/lib/Utils/noise-handler.js:141:17)\n    at process.processTicksAndRejections (node:internal/process/task_queues:105:5)\n    at async WebSocketClient.onMessageReceived (file:///Users/salihozgen/Desktop/psikolog-projesi/node_modules/@whiskeysockets/baileys/lib/Socket/socket.js:441:9)","msg":"connection errored"}
[WhatsApp] Bot süreci başlatılıyor...
{"level":30,"time":1774721443721,"pid":70310,"hostname":"Mac.home","browser":["Ubuntu","Chrome","122.0.0"],"helloMsg":{"clientHello":{"ephemeral":"digYrAyiOtx1KvIHV2PuCQud6GLzswPmDZ4yDbPXQTs="}},"msg":"connected to WA"}
{"level":30,"time":1774721443808,"pid":70310,"hostname":"Mac.home","node":{"username":"905333559848","passive":true,"userAgent":{"platform":"WEB","appVersion":{"primary":2,"secondary":3000,"tertiary":1035194821},"mcc":"000","mnc":"000","osVersion":"0.1","device":"Desktop","osBuildNumber":"0.1","releaseChannel":"RELEASE","localeLanguageIso6391":"en","localeCountryIso31661Alpha2":"US"},"webInfo":{"webSubPlatform":"WEB_BROWSER"},"connectType":"WIFI_UNKNOWN","connectReason":"USER_ACTIVATED","device":2,"pull":true,"lidDbMigrated":false},"msg":"logging in..."}
{"level":30,"time":1774721444616,"pid":70310,"hostname":"Mac.home","msg":"5 pre-keys found on server"}
{"level":30,"time":1774721444616,"pid":70310,"hostname":"Mac.home","msg":"Current prekey ID: 2677, exists in storage: true"}
{"level":30,"time":1774721444616,"pid":70310,"hostname":"Mac.home","msg":"Uploading PreKeys due to: server count low (5)"}
{"level":30,"time":1774721444616,"pid":70310,"hostname":"Mac.home","count":5,"retryCount":0,"msg":"uploading pre-keys"}
{"level":30,"time":1774721445205,"pid":70310,"hostname":"Mac.home","count":5,"msg":"uploaded pre-keys successfully"}
{"level":30,"time":1774721445400,"pid":70310,"hostname":"Mac.home","msg":"handled 0 offline messages/notifications"}
{"level":30,"time":1774721445400,"pid":70310,"hostname":"Mac.home","msg":"Connection is now AwaitingInitialSync, buffering events"}
{"level":30,"time":1774721445400,"pid":70310,"hostname":"Mac.home","msg":"History sync is disabled by config, not waiting for notification. Transitioning to Online."}
{"level":30,"time":1774721445609,"pid":70310,"hostname":"Mac.home","msg":"opened connection to WA"}
[WhatsApp] ✅ Bağlantı başarılı!
{"level":30,"time":1774721445625,"pid":70310,"hostname":"Mac.home","myPN":"905333559848:2@s.whatsapp.net","myLID":"129879995613400:2@lid","msg":"Own LID session created successfully"}
{"level":50,"time":1774721449951,"pid":70310,"hostname":"Mac.home","reasonNode":{"tag":"conflict","attrs":{"type":"replaced"}},"fullErrorNode":{"tag":"stream:error","attrs":{},"content":[{"tag":"conflict","attrs":{"type":"replaced"}}]},"msg":"stream errored out"}
{"level":30,"time":1774721449952,"pid":70310,"hostname":"Mac.home","trace":"Error: Stream Errored (conflict)\n    at WebSocketClient.<anonymous> (file:///Users/salihozgen/Desktop/psikolog-projesi/node_modules/@whiskeysockets/baileys/lib/Socket/socket.js:780:13)\n    at WebSocketClient.emit (node:events:518:28)\n    at file:///Users/salihozgen/Desktop/psikolog-projesi/node_modules/@whiskeysockets/baileys/lib/Socket/socket.js:464:35\n    at Object.decodeFrame (file:///Users/salihozgen/Desktop/psikolog-projesi/node_modules/@whiskeysockets/baileys/lib/Utils/noise-handler.js:141:17)\n    at process.processTicksAndRejections (node:internal/process/task_queues:105:5)\n    at async WebSocketClient.onMessageReceived (file:///Users/salihozgen/Desktop/psikolog-projesi/node_modules/@whiskeysockets/baileys/lib/Socket/socket.js:441:9)","msg":"connection errored"}
[WhatsApp] Bot süreci başlatılıyor...
{"level":30,"time":1774721455310,"pid":70310,"hostname":"Mac.home","browser":["Ubuntu","Chrome","122.0.0"],"helloMsg":{"clientHello":{"ephemeral":"LAzQ7nc/VsXZIFQSdedyJfbDxi+I0syigrD9RYxyLCo="}},"msg":"connected to WA"}
{"level":30,"time":1774721455493,"pid":70310,"hostname":"Mac.home","node":{"username":"905333559848","passive":true,"userAgent":{"platform":"WEB","appVersion":{"primary":2,"secondary":3000,"tertiary":1035194821},"mcc":"000","mnc":"000","osVersion":"0.1","device":"Desktop","osBuildNumber":"0.1","releaseChannel":"RELEASE","localeLanguageIso6391":"en","localeCountryIso31661Alpha2":"US"},"webInfo":{"webSubPlatform":"WEB_BROWSER"},"connectType":"WIFI_UNKNOWN","connectReason":"USER_ACTIVATED","device":2,"pull":true,"lidDbMigrated":false},"msg":"logging in..."}
{"level":30,"time":1774721455910,"pid":70310,"hostname":"Mac.home","msg":"5 pre-keys found on server"}
{"level":30,"time":1774721455910,"pid":70310,"hostname":"Mac.home","msg":"Current prekey ID: 2687, exists in storage: true"}
{"level":30,"time":1774721455910,"pid":70310,"hostname":"Mac.home","msg":"Uploading PreKeys due to: server count low (5)"}
{"level":30,"time":1774721455910,"pid":70310,"hostname":"Mac.home","count":5,"retryCount":0,"msg":"uploading pre-keys"}
{"level":30,"time":1774721456222,"pid":70310,"hostname":"Mac.home","count":5,"msg":"uploaded pre-keys successfully"}
{"level":30,"time":1774721456421,"pid":70310,"hostname":"Mac.home","msg":"handled 0 offline messages/notifications"}
{"level":30,"time":1774721456422,"pid":70310,"hostname":"Mac.home","msg":"Connection is now AwaitingInitialSync, buffering events"}
{"level":30,"time":1774721456422,"pid":70310,"hostname":"Mac.home","msg":"History sync is disabled by config, not waiting for notification. Transitioning to Online."}
{"level":30,"time":1774721456605,"pid":70310,"hostname":"Mac.home","msg":"opened connection to WA"}
[WhatsApp] ✅ Bağlantı başarılı!
{"level":30,"time":1774721456610,"pid":70310,"hostname":"Mac.home","myPN":"905333559848:2@s.whatsapp.net","myLID":"129879995613400:2@lid","msg":"Own LID session created successfully"}
{"level":50,"time":1774721461643,"pid":70310,"hostname":"Mac.home","reasonNode":{"tag":"conflict","attrs":{"type":"replaced"}},"fullErrorNode":{"tag":"stream:error","attrs":{},"content":[{"tag":"conflict","attrs":{"type":"replaced"}}]},"msg":"stream errored out"}
{"level":30,"time":1774721461644,"pid":70310,"hostname":"Mac.home","trace":"Error: Stream Errored (conflict)\n    at WebSocketClient.<anonymous> (file:///Users/salihozgen/Desktop/psikolog-projesi/node_modules/@whiskeysockets/baileys/lib/Socket/socket.js:780:13)\n    at WebSocketClient.emit (node:events:518:28)\n    at file:///Users/salihozgen/Desktop/psikolog-projesi/node_modules/@whiskeysockets/baileys/lib/Socket/socket.js:464:35\n    at Object.decodeFrame (file:///Users/salihozgen/Desktop/psikolog-projesi/node_modules/@whiskeysockets/baileys/lib/Utils/noise-handler.js:141:17)\n    at process.processTicksAndRejections (node:internal/process/task_queues:105:5)\n    at async WebSocketClient.onMessageReceived (file:///Users/salihozgen/Desktop/psikolog-projesi/node_modules/@whiskeysockets/baileys/lib/Socket/socket.js:441:9)","msg":"connection errored"}
[WhatsApp] Bot süreci başlatılıyor...
{"level":30,"time":1774721466988,"pid":70310,"hostname":"Mac.home","browser":["Ubuntu","Chrome","122.0.0"],"helloMsg":{"clientHello":{"ephemeral":"BNUEuIx8ZX4E45jF6vgTEcjf6hyffRsSyDw6pgN67CI="}},"msg":"connected to WA"}
{"level":30,"time":1774721467152,"pid":70310,"hostname":"Mac.home","node":{"username":"905333559848","passive":true,"userAgent":{"platform":"WEB","appVersion":{"primary":2,"secondary":3000,"tertiary":1035194821},"mcc":"000","mnc":"000","osVersion":"0.1","device":"Desktop","osBuildNumber":"0.1","releaseChannel":"RELEASE","localeLanguageIso6391":"en","localeCountryIso31661Alpha2":"US"},"webInfo":{"webSubPlatform":"WEB_BROWSER"},"connectType":"WIFI_UNKNOWN","connectReason":"USER_ACTIVATED","device":2,"pull":true,"lidDbMigrated":false},"msg":"logging in..."}
{"level":30,"time":1774721467472,"pid":70310,"hostname":"Mac.home","msg":"5 pre-keys found on server"}
{"level":30,"time":1774721467472,"pid":70310,"hostname":"Mac.home","msg":"Current prekey ID: 2697, exists in storage: true"}
{"level":30,"time":1774721467472,"pid":70310,"hostname":"Mac.home","msg":"Uploading PreKeys due to: server count low (5)"}
{"level":30,"time":1774721467472,"pid":70310,"hostname":"Mac.home","count":5,"retryCount":0,"msg":"uploading pre-keys"}
{"level":30,"time":1774721467674,"pid":70310,"hostname":"Mac.home","count":5,"msg":"uploaded pre-keys successfully"}
{"level":30,"time":1774721467883,"pid":70310,"hostname":"Mac.home","msg":"handled 0 offline messages/notifications"}
{"level":30,"time":1774721467883,"pid":70310,"hostname":"Mac.home","msg":"Connection is now AwaitingInitialSync, buffering events"}
{"level":30,"time":1774721467883,"pid":70310,"hostname":"Mac.home","msg":"History sync is disabled by config, not waiting for notification. Transitioning to Online."}
{"level":30,"time":1774721467988,"pid":70310,"hostname":"Mac.home","msg":"opened connection to WA"}
[WhatsApp] ✅ Bağlantı başarılı!
{"level":30,"time":1774721468004,"pid":70310,"hostname":"Mac.home","myPN":"905333559848:2@s.whatsapp.net","myLID":"129879995613400:2@lid","msg":"Own LID session created successfully"}
{"level":50,"time":1774721473214,"pid":70310,"hostname":"Mac.home","reasonNode":{"tag":"conflict","attrs":{"type":"replaced"}},"fullErrorNode":{"tag":"stream:error","attrs":{},"content":[{"tag":"conflict","attrs":{"type":"replaced"}}]},"msg":"stream errored out"}
{"level":30,"time":1774721473214,"pid":70310,"hostname":"Mac.home","trace":"Error: Stream Errored (conflict)\n    at WebSocketClient.<anonymous> (file:///Users/salihozgen/Desktop/psikolog-projesi/node_modules/@whiskeysockets/baileys/lib/Socket/socket.js:780:13)\n    at WebSocketClient.emit (node:events:518:28)\n    at file:///Users/salihozgen/Desktop/psikolog-projesi/node_modules/@whiskeysockets/baileys/lib/Socket/socket.js:464:35\n    at Object.decodeFrame (file:///Users/salihozgen/Desktop/psikolog-projesi/node_modules/@whiskeysockets/baileys/lib/Utils/noise-handler.js:141:17)\n    at process.processTicksAndRejections (node:internal/process/task_queues:105:5)\n    at async WebSocketClient.onMessageReceived (file:///Users/salihozgen/Desktop/psikolog-projesi/node_modules/@whiskeysockets/baileys/lib/Socket/socket.js:441:9)","msg":"connection errored"}
[WhatsApp] Bot süreci başlatılıyor...
{"level":30,"time":1774721478605,"pid":70310,"hostname":"Mac.home","browser":["Ubuntu","Chrome","122.0.0"],"helloMsg":{"clientHello":{"ephemeral":"abmsMeXTHcWyUL0Z11P8Y0siDyloD8JzzPMC3j2vnRI="}},"msg":"connected to WA"}
{"level":30,"time":1774721478814,"pid":70310,"hostname":"Mac.home","node":{"username":"905333559848","passive":true,"userAgent":{"platform":"WEB","appVersion":{"primary":2,"secondary":3000,"tertiary":1035194821},"mcc":"000","mnc":"000","osVersion":"0.1","device":"Desktop","osBuildNumber":"0.1","releaseChannel":"RELEASE","localeLanguageIso6391":"en","localeCountryIso31661Alpha2":"US"},"webInfo":{"webSubPlatform":"WEB_BROWSER"},"connectType":"WIFI_UNKNOWN","connectReason":"USER_ACTIVATED","device":2,"pull":true,"lidDbMigrated":false},"msg":"logging in..."}
{"level":30,"time":1774721479344,"pid":70310,"hostname":"Mac.home","msg":"5 pre-keys found on server"}
{"level":30,"time":1774721479344,"pid":70310,"hostname":"Mac.home","msg":"Current prekey ID: 2707, exists in storage: true"}
{"level":30,"time":1774721479344,"pid":70310,"hostname":"Mac.home","msg":"Uploading PreKeys due to: server count low (5)"}
{"level":30,"time":1774721479344,"pid":70310,"hostname":"Mac.home","count":5,"retryCount":0,"msg":"uploading pre-keys"}
{"level":30,"time":1774721479775,"pid":70310,"hostname":"Mac.home","count":5,"msg":"uploaded pre-keys successfully"}
{"level":30,"time":1774721480042,"pid":70310,"hostname":"Mac.home","msg":"handled 0 offline messages/notifications"}
{"level":30,"time":1774721480042,"pid":70310,"hostname":"Mac.home","msg":"Connection is now AwaitingInitialSync, buffering events"}
{"level":30,"time":1774721480042,"pid":70310,"hostname":"Mac.home","msg":"History sync is disabled by config, not waiting for notification. Transitioning to Online."}
{"level":30,"time":1774721480240,"pid":70310,"hostname":"Mac.home","msg":"opened connection to WA"}
[WhatsApp] ✅ Bağlantı başarılı!
{"level":30,"time":1774721480254,"pid":70310,"hostname":"Mac.home","myPN":"905333559848:2@s.whatsapp.net","myLID":"129879995613400:2@lid","msg":"Own LID session created successfully"}
{"level":50,"time":1774721484989,"pid":70310,"hostname":"Mac.home","reasonNode":{"tag":"conflict","attrs":{"type":"replaced"}},"fullErrorNode":{"tag":"stream:error","attrs":{},"content":[{"tag":"conflict","attrs":{"type":"replaced"}}]},"msg":"stream errored out"}
{"level":30,"time":1774721484989,"pid":70310,"hostname":"Mac.home","trace":"Error: Stream Errored (conflict)\n    at WebSocketClient.<anonymous> (file:///Users/salihozgen/Desktop/psikolog-projesi/node_modules/@whiskeysockets/baileys/lib/Socket/socket.js:780:13)\n    at WebSocketClient.emit (node:events:518:28)\n    at file:///Users/salihozgen/Desktop/psikolog-projesi/node_modules/@whiskeysockets/baileys/lib/Socket/socket.js:464:35\n    at Object.decodeFrame (file:///Users/salihozgen/Desktop/psikolog-projesi/node_modules/@whiskeysockets/baileys/lib/Utils/noise-handler.js:141:17)\n    at process.processTicksAndRejections (node:internal/process/task_queues:105:5)\n    at async WebSocketClient.onMessageReceived (file:///Users/salihozgen/Desktop/psikolog-projesi/node_modules/@whiskeysockets/baileys/lib/Socket/socket.js:441:9)","msg":"connection errored"}
[WhatsApp] Bot süreci başlatılıyor...
{"level":30,"time":1774721490341,"pid":70310,"hostname":"Mac.home","browser":["Ubuntu","Chrome","122.0.0"],"helloMsg":{"clientHello":{"ephemeral":"8h7PicXpxV6CIexIcduXWD0x5cMhd0bn2QKAyRmJ4DQ="}},"msg":"connected to WA"}
{"level":30,"time":1774721490504,"pid":70310,"hostname":"Mac.home","node":{"username":"905333559848","passive":true,"userAgent":{"platform":"WEB","appVersion":{"primary":2,"secondary":3000,"tertiary":1035194821},"mcc":"000","mnc":"000","osVersion":"0.1","device":"Desktop","osBuildNumber":"0.1","releaseChannel":"RELEASE","localeLanguageIso6391":"en","localeCountryIso31661Alpha2":"US"},"webInfo":{"webSubPlatform":"WEB_BROWSER"},"connectType":"WIFI_UNKNOWN","connectReason":"USER_ACTIVATED","device":2,"pull":true,"lidDbMigrated":false},"msg":"logging in..."}
{"level":30,"time":1774721490843,"pid":70310,"hostname":"Mac.home","msg":"5 pre-keys found on server"}
{"level":30,"time":1774721490843,"pid":70310,"hostname":"Mac.home","msg":"Current prekey ID: 2717, exists in storage: true"}
{"level":30,"time":1774721490843,"pid":70310,"hostname":"Mac.home","msg":"Uploading PreKeys due to: server count low (5)"}
{"level":30,"time":1774721490843,"pid":70310,"hostname":"Mac.home","count":5,"retryCount":0,"msg":"uploading pre-keys"}
{"level":30,"time":1774721491088,"pid":70310,"hostname":"Mac.home","count":5,"msg":"uploaded pre-keys successfully"}
{"level":30,"time":1774721491247,"pid":70310,"hostname":"Mac.home","msg":"handled 0 offline messages/notifications"}
{"level":30,"time":1774721491247,"pid":70310,"hostname":"Mac.home","msg":"Connection is now AwaitingInitialSync, buffering events"}
{"level":30,"time":1774721491247,"pid":70310,"hostname":"Mac.home","msg":"History sync is disabled by config, not waiting for notification. Transitioning to Online."}
{"level":30,"time":1774721491413,"pid":70310,"hostname":"Mac.home","msg":"opened connection to WA"}
[WhatsApp] ✅ Bağlantı başarılı!
{"level":30,"time":1774721491427,"pid":70310,"hostname":"Mac.home","myPN":"905333559848:2@s.whatsapp.net","myLID":"129879995613400:2@lid","msg":"Own LID session created successfully"}
{"level":50,"time":1774721496609,"pid":70310,"hostname":"Mac.home","reasonNode":{"tag":"conflict","attrs":{"type":"replaced"}},"fullErrorNode":{"tag":"stream:error","attrs":{},"content":[{"tag":"conflict","attrs":{"type":"replaced"}}]},"msg":"stream errored out"}
{"level":30,"time":1774721496610,"pid":70310,"hostname":"Mac.home","trace":"Error: Stream Errored (conflict)\n    at WebSocketClient.<anonymous> (file:///Users/salihozgen/Desktop/psikolog-projesi/node_modules/@whiskeysockets/baileys/lib/Socket/socket.js:780:13)\n    at WebSocketClient.emit (node:events:518:28)\n    at file:///Users/salihozgen/Desktop/psikolog-projesi/node_modules/@whiskeysockets/baileys/lib/Socket/socket.js:464:35\n    at Object.decodeFrame (file:///Users/salihozgen/Desktop/psikolog-projesi/node_modules/@whiskeysockets/baileys/lib/Utils/noise-handler.js:141:17)\n    at process.processTicksAndRejections (node:internal/process/task_queues:105:5)\n    at async WebSocketClient.onMessageReceived (file:///Users/salihozgen/Desktop/psikolog-projesi/node_modules/@whiskeysockets/baileys/lib/Socket/socket.js:441:9)","msg":"connection errored"}
[WhatsApp] Bot süreci başlatılıyor...
{"level":30,"time":1774721501969,"pid":70310,"hostname":"Mac.home","browser":["Ubuntu","Chrome","122.0.0"],"helloMsg":{"clientHello":{"ephemeral":"ZvdSnLWRcbLYhPuACFd7CnxDoHZJRn8zNRJaBYwNGz4="}},"msg":"connected to WA"}
{"level":30,"time":1774721502146,"pid":70310,"hostname":"Mac.home","node":{"username":"905333559848","passive":true,"userAgent":{"platform":"WEB","appVersion":{"primary":2,"secondary":3000,"tertiary":1035194821},"mcc":"000","mnc":"000","osVersion":"0.1","device":"Desktop","osBuildNumber":"0.1","releaseChannel":"RELEASE","localeLanguageIso6391":"en","localeCountryIso31661Alpha2":"US"},"webInfo":{"webSubPlatform":"WEB_BROWSER"},"connectType":"WIFI_UNKNOWN","connectReason":"USER_ACTIVATED","device":2,"pull":true,"lidDbMigrated":false},"msg":"logging in..."}
{"level":30,"time":1774721502552,"pid":70310,"hostname":"Mac.home","msg":"5 pre-keys found on server"}
{"level":30,"time":1774721502552,"pid":70310,"hostname":"Mac.home","msg":"Current prekey ID: 2727, exists in storage: true"}
{"level":30,"time":1774721502552,"pid":70310,"hostname":"Mac.home","msg":"Uploading PreKeys due to: server count low (5)"}
{"level":30,"time":1774721502552,"pid":70310,"hostname":"Mac.home","count":5,"retryCount":0,"msg":"uploading pre-keys"}
{"level":30,"time":1774721502857,"pid":70310,"hostname":"Mac.home","count":5,"msg":"uploaded pre-keys successfully"}
{"level":30,"time":1774721503052,"pid":70310,"hostname":"Mac.home","msg":"handled 0 offline messages/notifications"}
{"level":30,"time":1774721503052,"pid":70310,"hostname":"Mac.home","msg":"Connection is now AwaitingInitialSync, buffering events"}
{"level":30,"time":1774721503052,"pid":70310,"hostname":"Mac.home","msg":"History sync is disabled by config, not waiting for notification. Transitioning to Online."}
{"level":30,"time":1774721503229,"pid":70310,"hostname":"Mac.home","msg":"opened connection to WA"}
[WhatsApp] ✅ Bağlantı başarılı!
{"level":30,"time":1774721503242,"pid":70310,"hostname":"Mac.home","myPN":"905333559848:2@s.whatsapp.net","myLID":"129879995613400:2@lid","msg":"Own LID session created successfully"}
{"level":50,"time":1774721508347,"pid":70310,"hostname":"Mac.home","reasonNode":{"tag":"conflict","attrs":{"type":"replaced"}},"fullErrorNode":{"tag":"stream:error","attrs":{},"content":[{"tag":"conflict","attrs":{"type":"replaced"}}]},"msg":"stream errored out"}
{"level":30,"time":1774721508348,"pid":70310,"hostname":"Mac.home","trace":"Error: Stream Errored (conflict)\n    at WebSocketClient.<anonymous> (file:///Users/salihozgen/Desktop/psikolog-projesi/node_modules/@whiskeysockets/baileys/lib/Socket/socket.js:780:13)\n    at WebSocketClient.emit (node:events:518:28)\n    at file:///Users/salihozgen/Desktop/psikolog-projesi/node_modules/@whiskeysockets/baileys/lib/Socket/socket.js:464:35\n    at Object.decodeFrame (file:///Users/salihozgen/Desktop/psikolog-projesi/node_modules/@whiskeysockets/baileys/lib/Utils/noise-handler.js:141:17)\n    at process.processTicksAndRejections (node:internal/process/task_queues:105:5)\n    at async WebSocketClient.onMessageReceived (file:///Users/salihozgen/Desktop/psikolog-projesi/node_modules/@whiskeysockets/baileys/lib/Socket/socket.js:441:9)","msg":"connection errored"}
[WhatsApp] Bot süreci başlatılıyor...
{"level":30,"time":1774721513692,"pid":70310,"hostname":"Mac.home","browser":["Ubuntu","Chrome","122.0.0"],"helloMsg":{"clientHello":{"ephemeral":"GLirMCs0K1RPOL1x/2f8AwCZ67zaC7Z49MkxB4DvlHc="}},"msg":"connected to WA"}
{"level":30,"time":1774721513851,"pid":70310,"hostname":"Mac.home","node":{"username":"905333559848","passive":true,"userAgent":{"platform":"WEB","appVersion":{"primary":2,"secondary":3000,"tertiary":1035194821},"mcc":"000","mnc":"000","osVersion":"0.1","device":"Desktop","osBuildNumber":"0.1","releaseChannel":"RELEASE","localeLanguageIso6391":"en","localeCountryIso31661Alpha2":"US"},"webInfo":{"webSubPlatform":"WEB_BROWSER"},"connectType":"WIFI_UNKNOWN","connectReason":"USER_ACTIVATED","device":2,"pull":true,"lidDbMigrated":false},"msg":"logging in..."}
{"level":30,"time":1774721514186,"pid":70310,"hostname":"Mac.home","msg":"5 pre-keys found on server"}
{"level":30,"time":1774721514186,"pid":70310,"hostname":"Mac.home","msg":"Current prekey ID: 2737, exists in storage: true"}
{"level":30,"time":1774721514186,"pid":70310,"hostname":"Mac.home","msg":"Uploading PreKeys due to: server count low (5)"}
{"level":30,"time":1774721514186,"pid":70310,"hostname":"Mac.home","count":5,"retryCount":0,"msg":"uploading pre-keys"}
{"level":30,"time":1774721514423,"pid":70310,"hostname":"Mac.home","count":5,"msg":"uploaded pre-keys successfully"}
{"level":30,"time":1774721514578,"pid":70310,"hostname":"Mac.home","msg":"handled 0 offline messages/notifications"}
{"level":30,"time":1774721514578,"pid":70310,"hostname":"Mac.home","msg":"Connection is now AwaitingInitialSync, buffering events"}
{"level":30,"time":1774721514578,"pid":70310,"hostname":"Mac.home","msg":"History sync is disabled by config, not waiting for notification. Transitioning to Online."}
{"level":30,"time":1774721514739,"pid":70310,"hostname":"Mac.home","msg":"opened connection to WA"}
[WhatsApp] ✅ Bağlantı başarılı!
{"level":30,"time":1774721514753,"pid":70310,"hostname":"Mac.home","myPN":"905333559848:2@s.whatsapp.net","myLID":"129879995613400:2@lid","msg":"Own LID session created successfully"}
{"level":50,"time":1774721519782,"pid":70310,"hostname":"Mac.home","reasonNode":{"tag":"conflict","attrs":{"type":"replaced"}},"fullErrorNode":{"tag":"stream:error","attrs":{},"content":[{"tag":"conflict","attrs":{"type":"replaced"}}]},"msg":"stream errored out"}
{"level":30,"time":1774721519783,"pid":70310,"hostname":"Mac.home","trace":"Error: Stream Errored (conflict)\n    at WebSocketClient.<anonymous> (file:///Users/salihozgen/Desktop/psikolog-projesi/node_modules/@whiskeysockets/baileys/lib/Socket/socket.js:780:13)\n    at WebSocketClient.emit (node:events:518:28)\n    at file:///Users/salihozgen/Desktop/psikolog-projesi/node_modules/@whiskeysockets/baileys/lib/Socket/socket.js:464:35\n    at Object.decodeFrame (file:///Users/salihozgen/Desktop/psikolog-projesi/node_modules/@whiskeysockets/baileys/lib/Utils/noise-handler.js:141:17)\n    at process.processTicksAndRejections (node:internal/process/task_queues:105:5)\n    at async WebSocketClient.onMessageReceived (file:///Users/salihozgen/Desktop/psikolog-projesi/node_modules/@whiskeysockets/baileys/lib/Socket/socket.js:441:9)","msg":"connection errored"}
[WhatsApp] Bot süreci başlatılıyor...
{"level":30,"time":1774721525066,"pid":70310,"hostname":"Mac.home","browser":["Ubuntu","Chrome","122.0.0"],"helloMsg":{"clientHello":{"ephemeral":"yVHfcvA0AjMd3ji/FwXCdUPs7sr+hoar+X9KQ/ZLpUU="}},"msg":"connected to WA"}
{"level":30,"time":1774721525149,"pid":70310,"hostname":"Mac.home","node":{"username":"905333559848","passive":true,"userAgent":{"platform":"WEB","appVersion":{"primary":2,"secondary":3000,"tertiary":1035194821},"mcc":"000","mnc":"000","osVersion":"0.1","device":"Desktop","osBuildNumber":"0.1","releaseChannel":"RELEASE","localeLanguageIso6391":"en","localeCountryIso31661Alpha2":"US"},"webInfo":{"webSubPlatform":"WEB_BROWSER"},"connectType":"WIFI_UNKNOWN","connectReason":"USER_ACTIVATED","device":2,"pull":true,"lidDbMigrated":false},"msg":"logging in..."}
{"level":30,"time":1774721525672,"pid":70310,"hostname":"Mac.home","msg":"5 pre-keys found on server"}
{"level":30,"time":1774721525672,"pid":70310,"hostname":"Mac.home","msg":"Current prekey ID: 2747, exists in storage: true"}
{"level":30,"time":1774721525672,"pid":70310,"hostname":"Mac.home","msg":"Uploading PreKeys due to: server count low (5)"}
{"level":30,"time":1774721525672,"pid":70310,"hostname":"Mac.home","count":5,"retryCount":0,"msg":"uploading pre-keys"}
{"level":30,"time":1774721526085,"pid":70310,"hostname":"Mac.home","count":5,"msg":"uploaded pre-keys successfully"}
{"level":30,"time":1774721526291,"pid":70310,"hostname":"Mac.home","msg":"handled 0 offline messages/notifications"}
{"level":30,"time":1774721526291,"pid":70310,"hostname":"Mac.home","msg":"Connection is now AwaitingInitialSync, buffering events"}
{"level":30,"time":1774721526291,"pid":70310,"hostname":"Mac.home","msg":"History sync is disabled by config, not waiting for notification. Transitioning to Online."}
{"level":30,"time":1774721526340,"pid":70310,"hostname":"Mac.home","msg":"opened connection to WA"}
[WhatsApp] ✅ Bağlantı başarılı!
{"level":30,"time":1774721526366,"pid":70310,"hostname":"Mac.home","myPN":"905333559848:2@s.whatsapp.net","myLID":"129879995613400:2@lid","msg":"Own LID session created successfully"}
{"level":50,"time":1774721531150,"pid":70310,"hostname":"Mac.home","reasonNode":{"tag":"conflict","attrs":{"type":"replaced"}},"fullErrorNode":{"tag":"stream:error","attrs":{},"content":[{"tag":"conflict","attrs":{"type":"replaced"}}]},"msg":"stream errored out"}
{"level":30,"time":1774721531151,"pid":70310,"hostname":"Mac.home","trace":"Error: Stream Errored (conflict)\n    at WebSocketClient.<anonymous> (file:///Users/salihozgen/Desktop/psikolog-projesi/node_modules/@whiskeysockets/baileys/lib/Socket/socket.js:780:13)\n    at WebSocketClient.emit (node:events:518:28)\n    at file:///Users/salihozgen/Desktop/psikolog-projesi/node_modules/@whiskeysockets/baileys/lib/Socket/socket.js:464:35\n    at Object.decodeFrame (file:///Users/salihozgen/Desktop/psikolog-projesi/node_modules/@whiskeysockets/baileys/lib/Utils/noise-handler.js:141:17)\n    at process.processTicksAndRejections (node:internal/process/task_queues:105:5)\n    at async WebSocketClient.onMessageReceived (file:///Users/salihozgen/Desktop/psikolog-projesi/node_modules/@whiskeysockets/baileys/lib/Socket/socket.js:441:9)","msg":"connection errored"}
[WhatsApp] Bot süreci başlatılıyor...
{"level":30,"time":1774721536441,"pid":70310,"hostname":"Mac.home","browser":["Ubuntu","Chrome","122.0.0"],"helloMsg":{"clientHello":{"ephemeral":"Wg5p3mBkH4duF8KL1G1JHht0i0cvu+Na8WPqJoFbkRk="}},"msg":"connected to WA"}
{"level":30,"time":1774721536547,"pid":70310,"hostname":"Mac.home","node":{"username":"905333559848","passive":true,"userAgent":{"platform":"WEB","appVersion":{"primary":2,"secondary":3000,"tertiary":1035194821},"mcc":"000","mnc":"000","osVersion":"0.1","device":"Desktop","osBuildNumber":"0.1","releaseChannel":"RELEASE","localeLanguageIso6391":"en","localeCountryIso31661Alpha2":"US"},"webInfo":{"webSubPlatform":"WEB_BROWSER"},"connectType":"WIFI_UNKNOWN","connectReason":"USER_ACTIVATED","device":2,"pull":true,"lidDbMigrated":false},"msg":"logging in..."}
{"level":30,"time":1774721537373,"pid":70310,"hostname":"Mac.home","msg":"5 pre-keys found on server"}
{"level":30,"time":1774721537373,"pid":70310,"hostname":"Mac.home","msg":"Current prekey ID: 2757, exists in storage: true"}
{"level":30,"time":1774721537373,"pid":70310,"hostname":"Mac.home","msg":"Uploading PreKeys due to: server count low (5)"}
{"level":30,"time":1774721537373,"pid":70310,"hostname":"Mac.home","count":5,"retryCount":0,"msg":"uploading pre-keys"}
{"level":30,"time":1774721538074,"pid":70310,"hostname":"Mac.home","count":5,"msg":"uploaded pre-keys successfully"}
{"level":30,"time":1774721538312,"pid":70310,"hostname":"Mac.home","msg":"handled 0 offline messages/notifications"}
{"level":30,"time":1774721538312,"pid":70310,"hostname":"Mac.home","msg":"Connection is now AwaitingInitialSync, buffering events"}
{"level":30,"time":1774721538312,"pid":70310,"hostname":"Mac.home","msg":"History sync is disabled by config, not waiting for notification. Transitioning to Online."}
{"level":30,"time":1774721538578,"pid":70310,"hostname":"Mac.home","msg":"opened connection to WA"}
[WhatsApp] ✅ Bağlantı başarılı!
{"level":30,"time":1774721538591,"pid":70310,"hostname":"Mac.home","myPN":"905333559848:2@s.whatsapp.net","myLID":"129879995613400:2@lid","msg":"Own LID session created successfully"}
{"level":50,"time":1774721542800,"pid":70310,"hostname":"Mac.home","reasonNode":{"tag":"conflict","attrs":{"type":"replaced"}},"fullErrorNode":{"tag":"stream:error","attrs":{},"content":[{"tag":"conflict","attrs":{"type":"replaced"}}]},"msg":"stream errored out"}
{"level":30,"time":1774721542800,"pid":70310,"hostname":"Mac.home","trace":"Error: Stream Errored (conflict)\n    at WebSocketClient.<anonymous> (file:///Users/salihozgen/Desktop/psikolog-projesi/node_modules/@whiskeysockets/baileys/lib/Socket/socket.js:780:13)\n    at WebSocketClient.emit (node:events:518:28)\n    at file:///Users/salihozgen/Desktop/psikolog-projesi/node_modules/@whiskeysockets/baileys/lib/Socket/socket.js:464:35\n    at Object.decodeFrame (file:///Users/salihozgen/Desktop/psikolog-projesi/node_modules/@whiskeysockets/baileys/lib/Utils/noise-handler.js:141:17)\n    at process.processTicksAndRejections (node:internal/process/task_queues:105:5)\n    at async WebSocketClient.onMessageReceived (file:///Users/salihozgen/Desktop/psikolog-projesi/node_modules/@whiskeysockets/baileys/lib/Socket/socket.js:441:9)","msg":"connection errored"}
[WhatsApp] Bot süreci başlatılıyor...
{"level":30,"time":1774721548199,"pid":70310,"hostname":"Mac.home","browser":["Ubuntu","Chrome","122.0.0"],"helloMsg":{"clientHello":{"ephemeral":"zG8CtiU8WVBqotJcYYlt5+pNt4DDcuBAGQutVklD3Bg="}},"msg":"connected to WA"}
{"level":30,"time":1774721548412,"pid":70310,"hostname":"Mac.home","node":{"username":"905333559848","passive":true,"userAgent":{"platform":"WEB","appVersion":{"primary":2,"secondary":3000,"tertiary":1035194821},"mcc":"000","mnc":"000","osVersion":"0.1","device":"Desktop","osBuildNumber":"0.1","releaseChannel":"RELEASE","localeLanguageIso6391":"en","localeCountryIso31661Alpha2":"US"},"webInfo":{"webSubPlatform":"WEB_BROWSER"},"connectType":"WIFI_UNKNOWN","connectReason":"USER_ACTIVATED","device":2,"pull":true,"lidDbMigrated":false},"msg":"logging in..."}
{"level":30,"time":1774721548952,"pid":70310,"hostname":"Mac.home","msg":"5 pre-keys found on server"}
{"level":30,"time":1774721548952,"pid":70310,"hostname":"Mac.home","msg":"Current prekey ID: 2767, exists in storage: true"}
{"level":30,"time":1774721548952,"pid":70310,"hostname":"Mac.home","msg":"Uploading PreKeys due to: server count low (5)"}
{"level":30,"time":1774721548952,"pid":70310,"hostname":"Mac.home","count":5,"retryCount":0,"msg":"uploading pre-keys"}
{"level":30,"time":1774721549387,"pid":70310,"hostname":"Mac.home","count":5,"msg":"uploaded pre-keys successfully"}
{"level":30,"time":1774721549658,"pid":70310,"hostname":"Mac.home","msg":"handled 0 offline messages/notifications"}
{"level":30,"time":1774721549658,"pid":70310,"hostname":"Mac.home","msg":"Connection is now AwaitingInitialSync, buffering events"}
{"level":30,"time":1774721549658,"pid":70310,"hostname":"Mac.home","msg":"History sync is disabled by config, not waiting for notification. Transitioning to Online."}
{"level":30,"time":1774721549856,"pid":70310,"hostname":"Mac.home","msg":"opened connection to WA"}
[WhatsApp] ✅ Bağlantı başarılı!
{"level":30,"time":1774721549862,"pid":70310,"hostname":"Mac.home","myPN":"905333559848:2@s.whatsapp.net","myLID":"129879995613400:2@lid","msg":"Own LID session created successfully"}
{"level":50,"time":1774721554662,"pid":70310,"hostname":"Mac.home","reasonNode":{"tag":"conflict","attrs":{"type":"replaced"}},"fullErrorNode":{"tag":"stream:error","attrs":{},"content":[{"tag":"conflict","attrs":{"type":"replaced"}}]},"msg":"stream errored out"}
{"level":30,"time":1774721554662,"pid":70310,"hostname":"Mac.home","trace":"Error: Stream Errored (conflict)\n    at WebSocketClient.<anonymous> (file:///Users/salihozgen/Desktop/psikolog-projesi/node_modules/@whiskeysockets/baileys/lib/Socket/socket.js:780:13)\n    at WebSocketClient.emit (node:events:518:28)\n    at file:///Users/salihozgen/Desktop/psikolog-projesi/node_modules/@whiskeysockets/baileys/lib/Socket/socket.js:464:35\n    at Object.decodeFrame (file:///Users/salihozgen/Desktop/psikolog-projesi/node_modules/@whiskeysockets/baileys/lib/Utils/noise-handler.js:141:17)\n    at process.processTicksAndRejections (node:internal/process/task_queues:105:5)\n    at async WebSocketClient.onMessageReceived (file:///Users/salihozgen/Desktop/psikolog-projesi/node_modules/@whiskeysockets/baileys/lib/Socket/socket.js:441:9)","msg":"connection errored"}
[WhatsApp] Bot süreci başlatılıyor...
{"level":30,"time":1774721559941,"pid":70310,"hostname":"Mac.home","browser":["Ubuntu","Chrome","122.0.0"],"helloMsg":{"clientHello":{"ephemeral":"YsGA1xG/TbqvcpzXYbW9fktbGhKjaLHVx4ACpnUY2RY="}},"msg":"connected to WA"}
{"level":30,"time":1774721560033,"pid":70310,"hostname":"Mac.home","node":{"username":"905333559848","passive":true,"userAgent":{"platform":"WEB","appVersion":{"primary":2,"secondary":3000,"tertiary":1035194821},"mcc":"000","mnc":"000","osVersion":"0.1","device":"Desktop","osBuildNumber":"0.1","releaseChannel":"RELEASE","localeLanguageIso6391":"en","localeCountryIso31661Alpha2":"US"},"webInfo":{"webSubPlatform":"WEB_BROWSER"},"connectType":"WIFI_UNKNOWN","connectReason":"USER_ACTIVATED","device":2,"pull":true,"lidDbMigrated":false},"msg":"logging in..."}
{"level":30,"time":1774721560716,"pid":70310,"hostname":"Mac.home","msg":"5 pre-keys found on server"}
{"level":30,"time":1774721560716,"pid":70310,"hostname":"Mac.home","msg":"Current prekey ID: 2777, exists in storage: true"}
{"level":30,"time":1774721560716,"pid":70310,"hostname":"Mac.home","msg":"Uploading PreKeys due to: server count low (5)"}
{"level":30,"time":1774721560716,"pid":70310,"hostname":"Mac.home","count":5,"retryCount":0,"msg":"uploading pre-keys"}
{"level":30,"time":1774721561162,"pid":70310,"hostname":"Mac.home","count":5,"msg":"uploaded pre-keys successfully"}
{"level":30,"time":1774721561373,"pid":70310,"hostname":"Mac.home","msg":"handled 0 offline messages/notifications"}
{"level":30,"time":1774721561373,"pid":70310,"hostname":"Mac.home","msg":"Connection is now AwaitingInitialSync, buffering events"}
{"level":30,"time":1774721561373,"pid":70310,"hostname":"Mac.home","msg":"History sync is disabled by config, not waiting for notification. Transitioning to Online."}
{"level":30,"time":1774721561568,"pid":70310,"hostname":"Mac.home","msg":"opened connection to WA"}
[WhatsApp] ✅ Bağlantı başarılı!
{"level":30,"time":1774721561573,"pid":70310,"hostname":"Mac.home","myPN":"905333559848:2@s.whatsapp.net","myLID":"129879995613400:2@lid","msg":"Own LID session created successfully"}
{"level":50,"time":1774721566129,"pid":70310,"hostname":"Mac.home","reasonNode":{"tag":"conflict","attrs":{"type":"replaced"}},"fullErrorNode":{"tag":"stream:error","attrs":{},"content":[{"tag":"conflict","attrs":{"type":"replaced"}}]},"msg":"stream errored out"}
{"level":30,"time":1774721566129,"pid":70310,"hostname":"Mac.home","trace":"Error: Stream Errored (conflict)\n    at WebSocketClient.<anonymous> (file:///Users/salihozgen/Desktop/psikolog-projesi/node_modules/@whiskeysockets/baileys/lib/Socket/socket.js:780:13)\n    at WebSocketClient.emit (node:events:518:28)\n    at file:///Users/salihozgen/Desktop/psikolog-projesi/node_modules/@whiskeysockets/baileys/lib/Socket/socket.js:464:35\n    at Object.decodeFrame (file:///Users/salihozgen/Desktop/psikolog-projesi/node_modules/@whiskeysockets/baileys/lib/Utils/noise-handler.js:141:17)\n    at process.processTicksAndRejections (node:internal/process/task_queues:105:5)\n    at async WebSocketClient.onMessageReceived (file:///Users/salihozgen/Desktop/psikolog-projesi/node_modules/@whiskeysockets/baileys/lib/Socket/socket.js:441:9)","msg":"connection errored"}
[WhatsApp] Bot süreci başlatılıyor...
{"level":30,"time":1774721571468,"pid":70310,"hostname":"Mac.home","browser":["Ubuntu","Chrome","122.0.0"],"helloMsg":{"clientHello":{"ephemeral":"7tx/+R8M78iHiB7KnaLWg0cttOWqZFhXKbGL7PZl/CA="}},"msg":"connected to WA"}
{"level":30,"time":1774721571625,"pid":70310,"hostname":"Mac.home","node":{"username":"905333559848","passive":true,"userAgent":{"platform":"WEB","appVersion":{"primary":2,"secondary":3000,"tertiary":1035194821},"mcc":"000","mnc":"000","osVersion":"0.1","device":"Desktop","osBuildNumber":"0.1","releaseChannel":"RELEASE","localeLanguageIso6391":"en","localeCountryIso31661Alpha2":"US"},"webInfo":{"webSubPlatform":"WEB_BROWSER"},"connectType":"WIFI_UNKNOWN","connectReason":"USER_ACTIVATED","device":2,"pull":true,"lidDbMigrated":false},"msg":"logging in..."}
{"level":30,"time":1774721571961,"pid":70310,"hostname":"Mac.home","msg":"5 pre-keys found on server"}
{"level":30,"time":1774721571961,"pid":70310,"hostname":"Mac.home","msg":"Current prekey ID: 2787, exists in storage: true"}
{"level":30,"time":1774721571961,"pid":70310,"hostname":"Mac.home","msg":"Uploading PreKeys due to: server count low (5)"}
{"level":30,"time":1774721571961,"pid":70310,"hostname":"Mac.home","count":5,"retryCount":0,"msg":"uploading pre-keys"}
{"level":30,"time":1774721572188,"pid":70310,"hostname":"Mac.home","count":5,"msg":"uploaded pre-keys successfully"}
{"level":30,"time":1774721572341,"pid":70310,"hostname":"Mac.home","msg":"handled 0 offline messages/notifications"}
{"level":30,"time":1774721572341,"pid":70310,"hostname":"Mac.home","msg":"Connection is now AwaitingInitialSync, buffering events"}
{"level":30,"time":1774721572341,"pid":70310,"hostname":"Mac.home","msg":"History sync is disabled by config, not waiting for notification. Transitioning to Online."}
{"level":30,"time":1774721572503,"pid":70310,"hostname":"Mac.home","msg":"opened connection to WA"}
[WhatsApp] ✅ Bağlantı başarılı!
{"level":30,"time":1774721572518,"pid":70310,"hostname":"Mac.home","myPN":"905333559848:2@s.whatsapp.net","myLID":"129879995613400:2@lid","msg":"Own LID session created successfully"}
{"level":50,"time":1774721577871,"pid":70310,"hostname":"Mac.home","reasonNode":{"tag":"conflict","attrs":{"type":"replaced"}},"fullErrorNode":{"tag":"stream:error","attrs":{},"content":[{"tag":"conflict","attrs":{"type":"replaced"}}]},"msg":"stream errored out"}
{"level":30,"time":1774721577872,"pid":70310,"hostname":"Mac.home","trace":"Error: Stream Errored (conflict)\n    at WebSocketClient.<anonymous> (file:///Users/salihozgen/Desktop/psikolog-projesi/node_modules/@whiskeysockets/baileys/lib/Socket/socket.js:780:13)\n    at WebSocketClient.emit (node:events:518:28)\n    at file:///Users/salihozgen/Desktop/psikolog-projesi/node_modules/@whiskeysockets/baileys/lib/Socket/socket.js:464:35\n    at Object.decodeFrame (file:///Users/salihozgen/Desktop/psikolog-projesi/node_modules/@whiskeysockets/baileys/lib/Utils/noise-handler.js:141:17)\n    at process.processTicksAndRejections (node:internal/process/task_queues:105:5)\n    at async WebSocketClient.onMessageReceived (file:///Users/salihozgen/Desktop/psikolog-projesi/node_modules/@whiskeysockets/baileys/lib/Socket/socket.js:441:9)","msg":"connection errored"}
[WhatsApp] Bot süreci başlatılıyor...
{"level":30,"time":1774721583242,"pid":70310,"hostname":"Mac.home","browser":["Ubuntu","Chrome","122.0.0"],"helloMsg":{"clientHello":{"ephemeral":"yDFGJh3X6BXZyEuziiLS8PAr/n1hKddpkpFM+XkB/x0="}},"msg":"connected to WA"}
{"level":30,"time":1774721583456,"pid":70310,"hostname":"Mac.home","node":{"username":"905333559848","passive":true,"userAgent":{"platform":"WEB","appVersion":{"primary":2,"secondary":3000,"tertiary":1035194821},"mcc":"000","mnc":"000","osVersion":"0.1","device":"Desktop","osBuildNumber":"0.1","releaseChannel":"RELEASE","localeLanguageIso6391":"en","localeCountryIso31661Alpha2":"US"},"webInfo":{"webSubPlatform":"WEB_BROWSER"},"connectType":"WIFI_UNKNOWN","connectReason":"USER_ACTIVATED","device":2,"pull":true,"lidDbMigrated":false},"msg":"logging in..."}
{"level":30,"time":1774721583997,"pid":70310,"hostname":"Mac.home","msg":"5 pre-keys found on server"}
{"level":30,"time":1774721583997,"pid":70310,"hostname":"Mac.home","msg":"Current prekey ID: 2797, exists in storage: true"}
{"level":30,"time":1774721583997,"pid":70310,"hostname":"Mac.home","msg":"Uploading PreKeys due to: server count low (5)"}
{"level":30,"time":1774721583997,"pid":70310,"hostname":"Mac.home","count":5,"retryCount":0,"msg":"uploading pre-keys"}
{"level":30,"time":1774721584436,"pid":70310,"hostname":"Mac.home","count":5,"msg":"uploaded pre-keys successfully"}
{"level":30,"time":1774721584706,"pid":70310,"hostname":"Mac.home","msg":"handled 0 offline messages/notifications"}
{"level":30,"time":1774721584707,"pid":70310,"hostname":"Mac.home","msg":"Connection is now AwaitingInitialSync, buffering events"}
{"level":30,"time":1774721584707,"pid":70310,"hostname":"Mac.home","msg":"History sync is disabled by config, not waiting for notification. Transitioning to Online."}
{"level":30,"time":1774721584910,"pid":70310,"hostname":"Mac.home","msg":"opened connection to WA"}
[WhatsApp] ✅ Bağlantı başarılı!
{"level":30,"time":1774721584925,"pid":70310,"hostname":"Mac.home","myPN":"905333559848:2@s.whatsapp.net","myLID":"129879995613400:2@lid","msg":"Own LID session created successfully"}
{"level":50,"time":1774721589800,"pid":70310,"hostname":"Mac.home","reasonNode":{"tag":"conflict","attrs":{"type":"replaced"}},"fullErrorNode":{"tag":"stream:error","attrs":{},"content":[{"tag":"conflict","attrs":{"type":"replaced"}}]},"msg":"stream errored out"}
{"level":30,"time":1774721589800,"pid":70310,"hostname":"Mac.home","trace":"Error: Stream Errored (conflict)\n    at WebSocketClient.<anonymous> (file:///Users/salihozgen/Desktop/psikolog-projesi/node_modules/@whiskeysockets/baileys/lib/Socket/socket.js:780:13)\n    at WebSocketClient.emit (node:events:518:28)\n    at file:///Users/salihozgen/Desktop/psikolog-projesi/node_modules/@whiskeysockets/baileys/lib/Socket/socket.js:464:35\n    at Object.decodeFrame (file:///Users/salihozgen/Desktop/psikolog-projesi/node_modules/@whiskeysockets/baileys/lib/Utils/noise-handler.js:141:17)\n    at process.processTicksAndRejections (node:internal/process/task_queues:105:5)\n    at async WebSocketClient.onMessageReceived (file:///Users/salihozgen/Desktop/psikolog-projesi/node_modules/@whiskeysockets/baileys/lib/Socket/socket.js:441:9)","msg":"connection errored"}
[WhatsApp] Bot süreci başlatılıyor...
{"level":30,"time":1774721595487,"pid":70310,"hostname":"Mac.home","browser":["Ubuntu","Chrome","122.0.0"],"helloMsg":{"clientHello":{"ephemeral":"TdMKIMKH73M8ineowq/wccFgNSdteKnZY+bx9CFesV0="}},"msg":"connected to WA"}
{"level":30,"time":1774721595681,"pid":70310,"hostname":"Mac.home","node":{"username":"905333559848","passive":true,"userAgent":{"platform":"WEB","appVersion":{"primary":2,"secondary":3000,"tertiary":1035194821},"mcc":"000","mnc":"000","osVersion":"0.1","device":"Desktop","osBuildNumber":"0.1","releaseChannel":"RELEASE","localeLanguageIso6391":"en","localeCountryIso31661Alpha2":"US"},"webInfo":{"webSubPlatform":"WEB_BROWSER"},"connectType":"WIFI_UNKNOWN","connectReason":"USER_ACTIVATED","device":2,"pull":true,"lidDbMigrated":false},"msg":"logging in..."}
{"level":30,"time":1774721596147,"pid":70310,"hostname":"Mac.home","msg":"5 pre-keys found on server"}
{"level":30,"time":1774721596147,"pid":70310,"hostname":"Mac.home","msg":"Current prekey ID: 2807, exists in storage: true"}
{"level":30,"time":1774721596147,"pid":70310,"hostname":"Mac.home","msg":"Uploading PreKeys due to: server count low (5)"}
{"level":30,"time":1774721596147,"pid":70310,"hostname":"Mac.home","count":5,"retryCount":0,"msg":"uploading pre-keys"}
{"level":30,"time":1774721596508,"pid":70310,"hostname":"Mac.home","count":5,"msg":"uploaded pre-keys successfully"}
{"level":30,"time":1774721596741,"pid":70310,"hostname":"Mac.home","msg":"handled 0 offline messages/notifications"}
{"level":30,"time":1774721596741,"pid":70310,"hostname":"Mac.home","msg":"Connection is now AwaitingInitialSync, buffering events"}
{"level":30,"time":1774721596741,"pid":70310,"hostname":"Mac.home","msg":"History sync is disabled by config, not waiting for notification. Transitioning to Online."}
{"level":30,"time":1774721596929,"pid":70310,"hostname":"Mac.home","msg":"opened connection to WA"}
[WhatsApp] ✅ Bağlantı başarılı!
{"level":30,"time":1774721596934,"pid":70310,"hostname":"Mac.home","myPN":"905333559848:2@s.whatsapp.net","myLID":"129879995613400:2@lid","msg":"Own LID session created successfully"}
{"level":50,"time":1774721601945,"pid":70310,"hostname":"Mac.home","reasonNode":{"tag":"conflict","attrs":{"type":"replaced"}},"fullErrorNode":{"tag":"stream:error","attrs":{},"content":[{"tag":"conflict","attrs":{"type":"replaced"}}]},"msg":"stream errored out"}
{"level":30,"time":1774721601945,"pid":70310,"hostname":"Mac.home","trace":"Error: Stream Errored (conflict)\n    at WebSocketClient.<anonymous> (file:///Users/salihozgen/Desktop/psikolog-projesi/node_modules/@whiskeysockets/baileys/lib/Socket/socket.js:780:13)\n    at WebSocketClient.emit (node:events:518:28)\n    at file:///Users/salihozgen/Desktop/psikolog-projesi/node_modules/@whiskeysockets/baileys/lib/Socket/socket.js:464:35\n    at Object.decodeFrame (file:///Users/salihozgen/Desktop/psikolog-projesi/node_modules/@whiskeysockets/baileys/lib/Utils/noise-handler.js:141:17)\n    at process.processTicksAndRejections (node:internal/process/task_queues:105:5)\n    at async WebSocketClient.onMessageReceived (file:///Users/salihozgen/Desktop/psikolog-projesi/node_modules/@whiskeysockets/baileys/lib/Socket/socket.js:441:9)","msg":"connection errored"}
[WhatsApp] Bot süreci başlatılıyor...
{"level":30,"time":1774721607219,"pid":70310,"hostname":"Mac.home","browser":["Ubuntu","Chrome","122.0.0"],"helloMsg":{"clientHello":{"ephemeral":"/Rn4MGyJf3d39ZX1/SIcyLBJX2ilGDu2RcH2mr6XrWA="}},"msg":"connected to WA"}
{"level":30,"time":1774721607316,"pid":70310,"hostname":"Mac.home","node":{"username":"905333559848","passive":true,"userAgent":{"platform":"WEB","appVersion":{"primary":2,"secondary":3000,"tertiary":1035194821},"mcc":"000","mnc":"000","osVersion":"0.1","device":"Desktop","osBuildNumber":"0.1","releaseChannel":"RELEASE","localeLanguageIso6391":"en","localeCountryIso31661Alpha2":"US"},"webInfo":{"webSubPlatform":"WEB_BROWSER"},"connectType":"WIFI_UNKNOWN","connectReason":"USER_ACTIVATED","device":2,"pull":true,"lidDbMigrated":false},"msg":"logging in..."}
{"level":30,"time":1774721607937,"pid":70310,"hostname":"Mac.home","msg":"5 pre-keys found on server"}
{"level":30,"time":1774721607937,"pid":70310,"hostname":"Mac.home","msg":"Current prekey ID: 2817, exists in storage: true"}
{"level":30,"time":1774721607937,"pid":70310,"hostname":"Mac.home","msg":"Uploading PreKeys due to: server count low (5)"}
{"level":30,"time":1774721607937,"pid":70310,"hostname":"Mac.home","count":5,"retryCount":0,"msg":"uploading pre-keys"}
{"level":30,"time":1774721608415,"pid":70310,"hostname":"Mac.home","count":5,"msg":"uploaded pre-keys successfully"}
{"level":30,"time":1774721608660,"pid":70310,"hostname":"Mac.home","msg":"handled 0 offline messages/notifications"}
{"level":30,"time":1774721608660,"pid":70310,"hostname":"Mac.home","msg":"Connection is now AwaitingInitialSync, buffering events"}
{"level":30,"time":1774721608660,"pid":70310,"hostname":"Mac.home","msg":"History sync is disabled by config, not waiting for notification. Transitioning to Online."}
{"level":30,"time":1774721608921,"pid":70310,"hostname":"Mac.home","msg":"opened connection to WA"}
[WhatsApp] ✅ Bağlantı başarılı!
{"level":30,"time":1774721608937,"pid":70310,"hostname":"Mac.home","myPN":"905333559848:2@s.whatsapp.net","myLID":"129879995613400:2@lid","msg":"Own LID session created successfully"}
{"level":50,"time":1774721613270,"pid":70310,"hostname":"Mac.home","reasonNode":{"tag":"conflict","attrs":{"type":"replaced"}},"fullErrorNode":{"tag":"stream:error","attrs":{},"content":[{"tag":"conflict","attrs":{"type":"replaced"}}]},"msg":"stream errored out"}
{"level":30,"time":1774721613271,"pid":70310,"hostname":"Mac.home","trace":"Error: Stream Errored (conflict)\n    at WebSocketClient.<anonymous> (file:///Users/salihozgen/Desktop/psikolog-projesi/node_modules/@whiskeysockets/baileys/lib/Socket/socket.js:780:13)\n    at WebSocketClient.emit (node:events:518:28)\n    at file:///Users/salihozgen/Desktop/psikolog-projesi/node_modules/@whiskeysockets/baileys/lib/Socket/socket.js:464:35\n    at Object.decodeFrame (file:///Users/salihozgen/Desktop/psikolog-projesi/node_modules/@whiskeysockets/baileys/lib/Utils/noise-handler.js:141:17)\n    at process.processTicksAndRejections (node:internal/process/task_queues:105:5)\n    at async WebSocketClient.onMessageReceived (file:///Users/salihozgen/Desktop/psikolog-projesi/node_modules/@whiskeysockets/baileys/lib/Socket/socket.js:441:9)","msg":"connection errored"}
[WhatsApp] Bot süreci başlatılıyor...
{"level":30,"time":1774721618664,"pid":70310,"hostname":"Mac.home","browser":["Ubuntu","Chrome","122.0.0"],"helloMsg":{"clientHello":{"ephemeral":"ttSl0oalGQEoX94QCEHjvY7kH3Xt/vRCDEnGK/whvWQ="}},"msg":"connected to WA"}
{"level":30,"time":1774721618875,"pid":70310,"hostname":"Mac.home","node":{"username":"905333559848","passive":true,"userAgent":{"platform":"WEB","appVersion":{"primary":2,"secondary":3000,"tertiary":1035194821},"mcc":"000","mnc":"000","osVersion":"0.1","device":"Desktop","osBuildNumber":"0.1","releaseChannel":"RELEASE","localeLanguageIso6391":"en","localeCountryIso31661Alpha2":"US"},"webInfo":{"webSubPlatform":"WEB_BROWSER"},"connectType":"WIFI_UNKNOWN","connectReason":"USER_ACTIVATED","device":2,"pull":true,"lidDbMigrated":false},"msg":"logging in..."}
{"level":30,"time":1774721619410,"pid":70310,"hostname":"Mac.home","msg":"5 pre-keys found on server"}
{"level":30,"time":1774721619410,"pid":70310,"hostname":"Mac.home","msg":"Current prekey ID: 2827, exists in storage: true"}
{"level":30,"time":1774721619410,"pid":70310,"hostname":"Mac.home","msg":"Uploading PreKeys due to: server count low (5)"}
{"level":30,"time":1774721619410,"pid":70310,"hostname":"Mac.home","count":5,"retryCount":0,"msg":"uploading pre-keys"}
{"level":30,"time":1774721619833,"pid":70310,"hostname":"Mac.home","count":5,"msg":"uploaded pre-keys successfully"}
{"level":30,"time":1774721620104,"pid":70310,"hostname":"Mac.home","msg":"handled 0 offline messages/notifications"}
{"level":30,"time":1774721620104,"pid":70310,"hostname":"Mac.home","msg":"Connection is now AwaitingInitialSync, buffering events"}
{"level":30,"time":1774721620104,"pid":70310,"hostname":"Mac.home","msg":"History sync is disabled by config, not waiting for notification. Transitioning to Online."}
{"level":30,"time":1774721620301,"pid":70310,"hostname":"Mac.home","msg":"opened connection to WA"}
[WhatsApp] ✅ Bağlantı başarılı!
{"level":30,"time":1774721620316,"pid":70310,"hostname":"Mac.home","myPN":"905333559848:2@s.whatsapp.net","myLID":"129879995613400:2@lid","msg":"Own LID session created successfully"}
{"level":50,"time":1774721624953,"pid":70310,"hostname":"Mac.home","reasonNode":{"tag":"conflict","attrs":{"type":"replaced"}},"fullErrorNode":{"tag":"stream:error","attrs":{},"content":[{"tag":"conflict","attrs":{"type":"replaced"}}]},"msg":"stream errored out"}
{"level":30,"time":1774721624953,"pid":70310,"hostname":"Mac.home","trace":"Error: Stream Errored (conflict)\n    at WebSocketClient.<anonymous> (file:///Users/salihozgen/Desktop/psikolog-projesi/node_modules/@whiskeysockets/baileys/lib/Socket/socket.js:780:13)\n    at WebSocketClient.emit (node:events:518:28)\n    at file:///Users/salihozgen/Desktop/psikolog-projesi/node_modules/@whiskeysockets/baileys/lib/Socket/socket.js:464:35\n    at Object.decodeFrame (file:///Users/salihozgen/Desktop/psikolog-projesi/node_modules/@whiskeysockets/baileys/lib/Utils/noise-handler.js:141:17)\n    at process.processTicksAndRejections (node:internal/process/task_queues:105:5)\n    at async WebSocketClient.onMessageReceived (file:///Users/salihozgen/Desktop/psikolog-projesi/node_modules/@whiskeysockets/baileys/lib/Socket/socket.js:441:9)","msg":"connection errored"}
[WhatsApp] Bot süreci başlatılıyor...
{"level":30,"time":1774721630648,"pid":70310,"hostname":"Mac.home","browser":["Ubuntu","Chrome","122.0.0"],"helloMsg":{"clientHello":{"ephemeral":"BlicjXbPc+rsU1gjaDnGmxmDpZSaSgbMH8KmPu9TFDo="}},"msg":"connected to WA"}
{"level":30,"time":1774721630844,"pid":70310,"hostname":"Mac.home","node":{"username":"905333559848","passive":true,"userAgent":{"platform":"WEB","appVersion":{"primary":2,"secondary":3000,"tertiary":1035194821},"mcc":"000","mnc":"000","osVersion":"0.1","device":"Desktop","osBuildNumber":"0.1","releaseChannel":"RELEASE","localeLanguageIso6391":"en","localeCountryIso31661Alpha2":"US"},"webInfo":{"webSubPlatform":"WEB_BROWSER"},"connectType":"WIFI_UNKNOWN","connectReason":"USER_ACTIVATED","device":2,"pull":true,"lidDbMigrated":false},"msg":"logging in..."}
{"level":30,"time":1774721631305,"pid":70310,"hostname":"Mac.home","msg":"5 pre-keys found on server"}
{"level":30,"time":1774721631305,"pid":70310,"hostname":"Mac.home","msg":"Current prekey ID: 2837, exists in storage: true"}
{"level":30,"time":1774721631305,"pid":70310,"hostname":"Mac.home","msg":"Uploading PreKeys due to: server count low (5)"}
{"level":30,"time":1774721631305,"pid":70310,"hostname":"Mac.home","count":5,"retryCount":0,"msg":"uploading pre-keys"}
{"level":30,"time":1774721631654,"pid":70310,"hostname":"Mac.home","count":5,"msg":"uploaded pre-keys successfully"}
{"level":30,"time":1774721631887,"pid":70310,"hostname":"Mac.home","msg":"handled 0 offline messages/notifications"}
{"level":30,"time":1774721631887,"pid":70310,"hostname":"Mac.home","msg":"Connection is now AwaitingInitialSync, buffering events"}
{"level":30,"time":1774721631887,"pid":70310,"hostname":"Mac.home","msg":"History sync is disabled by config, not waiting for notification. Transitioning to Online."}
{"level":30,"time":1774721632072,"pid":70310,"hostname":"Mac.home","msg":"opened connection to WA"}
[WhatsApp] ✅ Bağlantı başarılı!
{"level":30,"time":1774721632079,"pid":70310,"hostname":"Mac.home","myPN":"905333559848:2@s.whatsapp.net","myLID":"129879995613400:2@lid","msg":"Own LID session created successfully"}
{"level":50,"time":1774721637090,"pid":70310,"hostname":"Mac.home","reasonNode":{"tag":"conflict","attrs":{"type":"replaced"}},"fullErrorNode":{"tag":"stream:error","attrs":{},"content":[{"tag":"conflict","attrs":{"type":"replaced"}}]},"msg":"stream errored out"}
{"level":30,"time":1774721637091,"pid":70310,"hostname":"Mac.home","trace":"Error: Stream Errored (conflict)\n    at WebSocketClient.<anonymous> (file:///Users/salihozgen/Desktop/psikolog-projesi/node_modules/@whiskeysockets/baileys/lib/Socket/socket.js:780:13)\n    at WebSocketClient.emit (node:events:518:28)\n    at file:///Users/salihozgen/Desktop/psikolog-projesi/node_modules/@whiskeysockets/baileys/lib/Socket/socket.js:464:35\n    at Object.decodeFrame (file:///Users/salihozgen/Desktop/psikolog-projesi/node_modules/@whiskeysockets/baileys/lib/Utils/noise-handler.js:141:17)\n    at process.processTicksAndRejections (node:internal/process/task_queues:105:5)\n    at async WebSocketClient.onMessageReceived (file:///Users/salihozgen/Desktop/psikolog-projesi/node_modules/@whiskeysockets/baileys/lib/Socket/socket.js:441:9)","msg":"connection errored"}
[WhatsApp] Bot süreci başlatılıyor...
{"level":30,"time":1774721642474,"pid":70310,"hostname":"Mac.home","browser":["Ubuntu","Chrome","122.0.0"],"helloMsg":{"clientHello":{"ephemeral":"o8gIG7+X7Mg8x+rubPNji6kzlx99gbYiigzEbu5iGGM="}},"msg":"connected to WA"}
{"level":30,"time":1774721642675,"pid":70310,"hostname":"Mac.home","node":{"username":"905333559848","passive":true,"userAgent":{"platform":"WEB","appVersion":{"primary":2,"secondary":3000,"tertiary":1035194821},"mcc":"000","mnc":"000","osVersion":"0.1","device":"Desktop","osBuildNumber":"0.1","releaseChannel":"RELEASE","localeLanguageIso6391":"en","localeCountryIso31661Alpha2":"US"},"webInfo":{"webSubPlatform":"WEB_BROWSER"},"connectType":"WIFI_UNKNOWN","connectReason":"USER_ACTIVATED","device":2,"pull":true,"lidDbMigrated":false},"msg":"logging in..."}
{"level":30,"time":1774721643139,"pid":70310,"hostname":"Mac.home","msg":"5 pre-keys found on server"}
{"level":30,"time":1774721643139,"pid":70310,"hostname":"Mac.home","msg":"Current prekey ID: 2847, exists in storage: true"}
{"level":30,"time":1774721643139,"pid":70310,"hostname":"Mac.home","msg":"Uploading PreKeys due to: server count low (5)"}
{"level":30,"time":1774721643139,"pid":70310,"hostname":"Mac.home","count":5,"retryCount":0,"msg":"uploading pre-keys"}
{"level":30,"time":1774721643475,"pid":70310,"hostname":"Mac.home","count":5,"msg":"uploaded pre-keys successfully"}
{"level":30,"time":1774721643713,"pid":70310,"hostname":"Mac.home","msg":"handled 0 offline messages/notifications"}
{"level":30,"time":1774721643713,"pid":70310,"hostname":"Mac.home","msg":"Connection is now AwaitingInitialSync, buffering events"}
{"level":30,"time":1774721643713,"pid":70310,"hostname":"Mac.home","msg":"History sync is disabled by config, not waiting for notification. Transitioning to Online."}
{"level":30,"time":1774721643903,"pid":70310,"hostname":"Mac.home","msg":"opened connection to WA"}
[WhatsApp] ✅ Bağlantı başarılı!
{"level":30,"time":1774721643908,"pid":70310,"hostname":"Mac.home","myPN":"905333559848:2@s.whatsapp.net","myLID":"129879995613400:2@lid","msg":"Own LID session created successfully"}
{"level":50,"time":1774721648705,"pid":70310,"hostname":"Mac.home","reasonNode":{"tag":"conflict","attrs":{"type":"replaced"}},"fullErrorNode":{"tag":"stream:error","attrs":{},"content":[{"tag":"conflict","attrs":{"type":"replaced"}}]},"msg":"stream errored out"}
{"level":30,"time":1774721648706,"pid":70310,"hostname":"Mac.home","trace":"Error: Stream Errored (conflict)\n    at WebSocketClient.<anonymous> (file:///Users/salihozgen/Desktop/psikolog-projesi/node_modules/@whiskeysockets/baileys/lib/Socket/socket.js:780:13)\n    at WebSocketClient.emit (node:events:518:28)\n    at file:///Users/salihozgen/Desktop/psikolog-projesi/node_modules/@whiskeysockets/baileys/lib/Socket/socket.js:464:35\n    at Object.decodeFrame (file:///Users/salihozgen/Desktop/psikolog-projesi/node_modules/@whiskeysockets/baileys/lib/Utils/noise-handler.js:141:17)\n    at process.processTicksAndRejections (node:internal/process/task_queues:105:5)\n    at async WebSocketClient.onMessageReceived (file:///Users/salihozgen/Desktop/psikolog-projesi/node_modules/@whiskeysockets/baileys/lib/Socket/socket.js:441:9)","msg":"connection errored"}
[WhatsApp] Bot süreci başlatılıyor...
{"level":30,"time":1774721654049,"pid":70310,"hostname":"Mac.home","browser":["Ubuntu","Chrome","122.0.0"],"helloMsg":{"clientHello":{"ephemeral":"StiySR2k5zZ1ImiBbn5J8II/tLaGBDSqj/W3/AdibE8="}},"msg":"connected to WA"}
{"level":30,"time":1774721654206,"pid":70310,"hostname":"Mac.home","node":{"username":"905333559848","passive":true,"userAgent":{"platform":"WEB","appVersion":{"primary":2,"secondary":3000,"tertiary":1035194821},"mcc":"000","mnc":"000","osVersion":"0.1","device":"Desktop","osBuildNumber":"0.1","releaseChannel":"RELEASE","localeLanguageIso6391":"en","localeCountryIso31661Alpha2":"US"},"webInfo":{"webSubPlatform":"WEB_BROWSER"},"connectType":"WIFI_UNKNOWN","connectReason":"USER_ACTIVATED","device":2,"pull":true,"lidDbMigrated":false},"msg":"logging in..."}
{"level":30,"time":1774721654530,"pid":70310,"hostname":"Mac.home","msg":"5 pre-keys found on server"}
{"level":30,"time":1774721654530,"pid":70310,"hostname":"Mac.home","msg":"Current prekey ID: 2857, exists in storage: true"}
{"level":30,"time":1774721654530,"pid":70310,"hostname":"Mac.home","msg":"Uploading PreKeys due to: server count low (5)"}
{"level":30,"time":1774721654530,"pid":70310,"hostname":"Mac.home","count":5,"retryCount":0,"msg":"uploading pre-keys"}
{"level":30,"time":1774721654750,"pid":70310,"hostname":"Mac.home","count":5,"msg":"uploaded pre-keys successfully"}
{"level":30,"time":1774721654901,"pid":70310,"hostname":"Mac.home","msg":"handled 0 offline messages/notifications"}
{"level":30,"time":1774721654901,"pid":70310,"hostname":"Mac.home","msg":"Connection is now AwaitingInitialSync, buffering events"}
{"level":30,"time":1774721654901,"pid":70310,"hostname":"Mac.home","msg":"History sync is disabled by config, not waiting for notification. Transitioning to Online."}
{"level":30,"time":1774721655058,"pid":70310,"hostname":"Mac.home","msg":"opened connection to WA"}
[WhatsApp] ✅ Bağlantı başarılı!
{"level":30,"time":1774721655069,"pid":70310,"hostname":"Mac.home","myPN":"905333559848:2@s.whatsapp.net","myLID":"129879995613400:2@lid","msg":"Own LID session created successfully"}
{"level":50,"time":1774721660096,"pid":70310,"hostname":"Mac.home","reasonNode":{"tag":"conflict","attrs":{"type":"replaced"}},"fullErrorNode":{"tag":"stream:error","attrs":{},"content":[{"tag":"conflict","attrs":{"type":"replaced"}}]},"msg":"stream errored out"}
{"level":30,"time":1774721660096,"pid":70310,"hostname":"Mac.home","trace":"Error: Stream Errored (conflict)\n    at WebSocketClient.<anonymous> (file:///Users/salihozgen/Desktop/psikolog-projesi/node_modules/@whiskeysockets/baileys/lib/Socket/socket.js:780:13)\n    at WebSocketClient.emit (node:events:518:28)\n    at file:///Users/salihozgen/Desktop/psikolog-projesi/node_modules/@whiskeysockets/baileys/lib/Socket/socket.js:464:35\n    at Object.decodeFrame (file:///Users/salihozgen/Desktop/psikolog-projesi/node_modules/@whiskeysockets/baileys/lib/Utils/noise-handler.js:141:17)\n    at process.processTicksAndRejections (node:internal/process/task_queues:105:5)\n    at async WebSocketClient.onMessageReceived (file:///Users/salihozgen/Desktop/psikolog-projesi/node_modules/@whiskeysockets/baileys/lib/Socket/socket.js:441:9)","msg":"connection errored"}
[WhatsApp] Bot süreci başlatılıyor...
{"level":30,"time":1774721665470,"pid":70310,"hostname":"Mac.home","browser":["Ubuntu","Chrome","122.0.0"],"helloMsg":{"clientHello":{"ephemeral":"OuRT33DtN3sAfNh9RewwPkiq9Y2eQQx/Gi3vDrwfcx4="}},"msg":"connected to WA"}
{"level":30,"time":1774721665669,"pid":70310,"hostname":"Mac.home","node":{"username":"905333559848","passive":true,"userAgent":{"platform":"WEB","appVersion":{"primary":2,"secondary":3000,"tertiary":1035194821},"mcc":"000","mnc":"000","osVersion":"0.1","device":"Desktop","osBuildNumber":"0.1","releaseChannel":"RELEASE","localeLanguageIso6391":"en","localeCountryIso31661Alpha2":"US"},"webInfo":{"webSubPlatform":"WEB_BROWSER"},"connectType":"WIFI_UNKNOWN","connectReason":"USER_ACTIVATED","device":2,"pull":true,"lidDbMigrated":false},"msg":"logging in..."}
{"level":30,"time":1774721666137,"pid":70310,"hostname":"Mac.home","msg":"5 pre-keys found on server"}
{"level":30,"time":1774721666137,"pid":70310,"hostname":"Mac.home","msg":"Current prekey ID: 2867, exists in storage: true"}
{"level":30,"time":1774721666137,"pid":70310,"hostname":"Mac.home","msg":"Uploading PreKeys due to: server count low (5)"}
{"level":30,"time":1774721666137,"pid":70310,"hostname":"Mac.home","count":5,"retryCount":0,"msg":"uploading pre-keys"}
{"level":30,"time":1774721666507,"pid":70310,"hostname":"Mac.home","count":5,"msg":"uploaded pre-keys successfully"}
{"level":30,"time":1774721666744,"pid":70310,"hostname":"Mac.home","msg":"handled 0 offline messages/notifications"}
{"level":30,"time":1774721666745,"pid":70310,"hostname":"Mac.home","msg":"Connection is now AwaitingInitialSync, buffering events"}
{"level":30,"time":1774721666745,"pid":70310,"hostname":"Mac.home","msg":"History sync is disabled by config, not waiting for notification. Transitioning to Online."}
{"level":30,"time":1774721666934,"pid":70310,"hostname":"Mac.home","msg":"opened connection to WA"}
[WhatsApp] ✅ Bağlantı başarılı!
{"level":30,"time":1774721666939,"pid":70310,"hostname":"Mac.home","myPN":"905333559848:2@s.whatsapp.net","myLID":"129879995613400:2@lid","msg":"Own LID session created successfully"}
{"level":50,"time":1774721671912,"pid":70310,"hostname":"Mac.home","reasonNode":{"tag":"conflict","attrs":{"type":"replaced"}},"fullErrorNode":{"tag":"stream:error","attrs":{},"content":[{"tag":"conflict","attrs":{"type":"replaced"}}]},"msg":"stream errored out"}
{"level":30,"time":1774721671912,"pid":70310,"hostname":"Mac.home","trace":"Error: Stream Errored (conflict)\n    at WebSocketClient.<anonymous> (file:///Users/salihozgen/Desktop/psikolog-projesi/node_modules/@whiskeysockets/baileys/lib/Socket/socket.js:780:13)\n    at WebSocketClient.emit (node:events:518:28)\n    at file:///Users/salihozgen/Desktop/psikolog-projesi/node_modules/@whiskeysockets/baileys/lib/Socket/socket.js:464:35\n    at Object.decodeFrame (file:///Users/salihozgen/Desktop/psikolog-projesi/node_modules/@whiskeysockets/baileys/lib/Utils/noise-handler.js:141:17)\n    at process.processTicksAndRejections (node:internal/process/task_queues:105:5)\n    at async WebSocketClient.onMessageReceived (file:///Users/salihozgen/Desktop/psikolog-projesi/node_modules/@whiskeysockets/baileys/lib/Socket/socket.js:441:9)","msg":"connection errored"}
[WhatsApp] Bot süreci başlatılıyor...
{"level":30,"time":1774721677279,"pid":70310,"hostname":"Mac.home","browser":["Ubuntu","Chrome","122.0.0"],"helloMsg":{"clientHello":{"ephemeral":"u1JrnDlof0PXMXfzJtF4NkrtwiNLwkfh4phs7Cb3CX4="}},"msg":"connected to WA"}
{"level":30,"time":1774721677457,"pid":70310,"hostname":"Mac.home","node":{"username":"905333559848","passive":true,"userAgent":{"platform":"WEB","appVersion":{"primary":2,"secondary":3000,"tertiary":1035194821},"mcc":"000","mnc":"000","osVersion":"0.1","device":"Desktop","osBuildNumber":"0.1","releaseChannel":"RELEASE","localeLanguageIso6391":"en","localeCountryIso31661Alpha2":"US"},"webInfo":{"webSubPlatform":"WEB_BROWSER"},"connectType":"WIFI_UNKNOWN","connectReason":"USER_ACTIVATED","device":2,"pull":true,"lidDbMigrated":false},"msg":"logging in..."}
{"level":30,"time":1774721677853,"pid":70310,"hostname":"Mac.home","msg":"5 pre-keys found on server"}
{"level":30,"time":1774721677853,"pid":70310,"hostname":"Mac.home","msg":"Current prekey ID: 2877, exists in storage: true"}
{"level":30,"time":1774721677853,"pid":70310,"hostname":"Mac.home","msg":"Uploading PreKeys due to: server count low (5)"}
{"level":30,"time":1774721677853,"pid":70310,"hostname":"Mac.home","count":5,"retryCount":0,"msg":"uploading pre-keys"}
{"level":30,"time":1774721678158,"pid":70310,"hostname":"Mac.home","count":5,"msg":"uploaded pre-keys successfully"}
{"level":30,"time":1774721678350,"pid":70310,"hostname":"Mac.home","msg":"handled 0 offline messages/notifications"}
{"level":30,"time":1774721678350,"pid":70310,"hostname":"Mac.home","msg":"Connection is now AwaitingInitialSync, buffering events"}
{"level":30,"time":1774721678350,"pid":70310,"hostname":"Mac.home","msg":"History sync is disabled by config, not waiting for notification. Transitioning to Online."}
{"level":30,"time":1774721678523,"pid":70310,"hostname":"Mac.home","msg":"opened connection to WA"}
[WhatsApp] ✅ Bağlantı başarılı!
{"level":30,"time":1774721678530,"pid":70310,"hostname":"Mac.home","myPN":"905333559848:2@s.whatsapp.net","myLID":"129879995613400:2@lid","msg":"Own LID session created successfully"}
{"level":50,"time":1774721683597,"pid":70310,"hostname":"Mac.home","reasonNode":{"tag":"conflict","attrs":{"type":"replaced"}},"fullErrorNode":{"tag":"stream:error","attrs":{},"content":[{"tag":"conflict","attrs":{"type":"replaced"}}]},"msg":"stream errored out"}
{"level":30,"time":1774721683597,"pid":70310,"hostname":"Mac.home","trace":"Error: Stream Errored (conflict)\n    at WebSocketClient.<anonymous> (file:///Users/salihozgen/Desktop/psikolog-projesi/node_modules/@whiskeysockets/baileys/lib/Socket/socket.js:780:13)\n    at WebSocketClient.emit (node:events:518:28)\n    at file:///Users/salihozgen/Desktop/psikolog-projesi/node_modules/@whiskeysockets/baileys/lib/Socket/socket.js:464:35\n    at Object.decodeFrame (file:///Users/salihozgen/Desktop/psikolog-projesi/node_modules/@whiskeysockets/baileys/lib/Utils/noise-handler.js:141:17)\n    at process.processTicksAndRejections (node:internal/process/task_queues:105:5)\n    at async WebSocketClient.onMessageReceived (file:///Users/salihozgen/Desktop/psikolog-projesi/node_modules/@whiskeysockets/baileys/lib/Socket/socket.js:441:9)","msg":"connection errored"}
[WhatsApp] Bot süreci başlatılıyor...
{"level":30,"time":1774721688867,"pid":70310,"hostname":"Mac.home","browser":["Ubuntu","Chrome","122.0.0"],"helloMsg":{"clientHello":{"ephemeral":"wik1JM1m/JWp4Mq1fCHD5Axi+RHFGcDKl2ycBws26BY="}},"msg":"connected to WA"}
{"level":30,"time":1774721688952,"pid":70310,"hostname":"Mac.home","node":{"username":"905333559848","passive":true,"userAgent":{"platform":"WEB","appVersion":{"primary":2,"secondary":3000,"tertiary":1035194821},"mcc":"000","mnc":"000","osVersion":"0.1","device":"Desktop","osBuildNumber":"0.1","releaseChannel":"RELEASE","localeLanguageIso6391":"en","localeCountryIso31661Alpha2":"US"},"webInfo":{"webSubPlatform":"WEB_BROWSER"},"connectType":"WIFI_UNKNOWN","connectReason":"USER_ACTIVATED","device":2,"pull":true,"lidDbMigrated":false},"msg":"logging in..."}
{"level":30,"time":1774721689478,"pid":70310,"hostname":"Mac.home","msg":"5 pre-keys found on server"}
{"level":30,"time":1774721689478,"pid":70310,"hostname":"Mac.home","msg":"Current prekey ID: 2887, exists in storage: true"}
{"level":30,"time":1774721689478,"pid":70310,"hostname":"Mac.home","msg":"Uploading PreKeys due to: server count low (5)"}
{"level":30,"time":1774721689478,"pid":70310,"hostname":"Mac.home","count":5,"retryCount":0,"msg":"uploading pre-keys"}
{"level":30,"time":1774721690057,"pid":70310,"hostname":"Mac.home","count":5,"msg":"uploaded pre-keys successfully"}
{"level":30,"time":1774721690257,"pid":70310,"hostname":"Mac.home","msg":"handled 0 offline messages/notifications"}
{"level":30,"time":1774721690257,"pid":70310,"hostname":"Mac.home","msg":"Connection is now AwaitingInitialSync, buffering events"}
{"level":30,"time":1774721690258,"pid":70310,"hostname":"Mac.home","msg":"History sync is disabled by config, not waiting for notification. Transitioning to Online."}
{"level":30,"time":1774721690492,"pid":70310,"hostname":"Mac.home","msg":"opened connection to WA"}
[WhatsApp] ✅ Bağlantı başarılı!
{"level":30,"time":1774721690498,"pid":70310,"hostname":"Mac.home","myPN":"905333559848:2@s.whatsapp.net","myLID":"129879995613400:2@lid","msg":"Own LID session created successfully"}
{"level":50,"time":1774721694849,"pid":70310,"hostname":"Mac.home","reasonNode":{"tag":"conflict","attrs":{"type":"replaced"}},"fullErrorNode":{"tag":"stream:error","attrs":{},"content":[{"tag":"conflict","attrs":{"type":"replaced"}}]},"msg":"stream errored out"}
{"level":30,"time":1774721694849,"pid":70310,"hostname":"Mac.home","trace":"Error: Stream Errored (conflict)\n    at WebSocketClient.<anonymous> (file:///Users/salihozgen/Desktop/psikolog-projesi/node_modules/@whiskeysockets/baileys/lib/Socket/socket.js:780:13)\n    at WebSocketClient.emit (node:events:518:28)\n    at file:///Users/salihozgen/Desktop/psikolog-projesi/node_modules/@whiskeysockets/baileys/lib/Socket/socket.js:464:35\n    at Object.decodeFrame (file:///Users/salihozgen/Desktop/psikolog-projesi/node_modules/@whiskeysockets/baileys/lib/Utils/noise-handler.js:141:17)\n    at process.processTicksAndRejections (node:internal/process/task_queues:105:5)\n    at async WebSocketClient.onMessageReceived (file:///Users/salihozgen/Desktop/psikolog-projesi/node_modules/@whiskeysockets/baileys/lib/Socket/socket.js:441:9)","msg":"connection errored"}
[WhatsApp] Bot süreci başlatılıyor...
{"level":30,"time":1774721700226,"pid":70310,"hostname":"Mac.home","browser":["Ubuntu","Chrome","122.0.0"],"helloMsg":{"clientHello":{"ephemeral":"xPaNs2z+LHucUvaIocZASN/ZBko1b4xGn0aS7Z5gEQ4="}},"msg":"connected to WA"}
{"level":30,"time":1774721700426,"pid":70310,"hostname":"Mac.home","node":{"username":"905333559848","passive":true,"userAgent":{"platform":"WEB","appVersion":{"primary":2,"secondary":3000,"tertiary":1035194821},"mcc":"000","mnc":"000","osVersion":"0.1","device":"Desktop","osBuildNumber":"0.1","releaseChannel":"RELEASE","localeLanguageIso6391":"en","localeCountryIso31661Alpha2":"US"},"webInfo":{"webSubPlatform":"WEB_BROWSER"},"connectType":"WIFI_UNKNOWN","connectReason":"USER_ACTIVATED","device":2,"pull":true,"lidDbMigrated":false},"msg":"logging in..."}
{"level":30,"time":1774721700878,"pid":70310,"hostname":"Mac.home","msg":"5 pre-keys found on server"}
{"level":30,"time":1774721700878,"pid":70310,"hostname":"Mac.home","msg":"Current prekey ID: 2897, exists in storage: true"}
{"level":30,"time":1774721700878,"pid":70310,"hostname":"Mac.home","msg":"Uploading PreKeys due to: server count low (5)"}
{"level":30,"time":1774721700878,"pid":70310,"hostname":"Mac.home","count":5,"retryCount":0,"msg":"uploading pre-keys"}
{"level":30,"time":1774721701216,"pid":70310,"hostname":"Mac.home","count":5,"msg":"uploaded pre-keys successfully"}
{"level":30,"time":1774721701454,"pid":70310,"hostname":"Mac.home","msg":"handled 0 offline messages/notifications"}
{"level":30,"time":1774721701454,"pid":70310,"hostname":"Mac.home","msg":"Connection is now AwaitingInitialSync, buffering events"}
{"level":30,"time":1774721701454,"pid":70310,"hostname":"Mac.home","msg":"History sync is disabled by config, not waiting for notification. Transitioning to Online."}
{"level":30,"time":1774721701645,"pid":70310,"hostname":"Mac.home","msg":"opened connection to WA"}
[WhatsApp] ✅ Bağlantı başarılı!
{"level":30,"time":1774721701669,"pid":70310,"hostname":"Mac.home","myPN":"905333559848:2@s.whatsapp.net","myLID":"129879995613400:2@lid","msg":"Own LID session created successfully"}
{"level":50,"time":1774721706549,"pid":70310,"hostname":"Mac.home","reasonNode":{"tag":"conflict","attrs":{"type":"replaced"}},"fullErrorNode":{"tag":"stream:error","attrs":{},"content":[{"tag":"conflict","attrs":{"type":"replaced"}}]},"msg":"stream errored out"}
{"level":30,"time":1774721706549,"pid":70310,"hostname":"Mac.home","trace":"Error: Stream Errored (conflict)\n    at WebSocketClient.<anonymous> (file:///Users/salihozgen/Desktop/psikolog-projesi/node_modules/@whiskeysockets/baileys/lib/Socket/socket.js:780:13)\n    at WebSocketClient.emit (node:events:518:28)\n    at file:///Users/salihozgen/Desktop/psikolog-projesi/node_modules/@whiskeysockets/baileys/lib/Socket/socket.js:464:35\n    at Object.decodeFrame (file:///Users/salihozgen/Desktop/psikolog-projesi/node_modules/@whiskeysockets/baileys/lib/Utils/noise-handler.js:141:17)\n    at process.processTicksAndRejections (node:internal/process/task_queues:105:5)\n    at async WebSocketClient.onMessageReceived (file:///Users/salihozgen/Desktop/psikolog-projesi/node_modules/@whiskeysockets/baileys/lib/Socket/socket.js:441:9)","msg":"connection errored"}
[WhatsApp] Bot süreci başlatılıyor...
{"level":30,"time":1774721711891,"pid":70310,"hostname":"Mac.home","browser":["Ubuntu","Chrome","122.0.0"],"helloMsg":{"clientHello":{"ephemeral":"grFSmZPO2Y8qckbL+lSvShSQdgH2XAa7J6UCfOMPQGI="}},"msg":"connected to WA"}
{"level":30,"time":1774721712050,"pid":70310,"hostname":"Mac.home","node":{"username":"905333559848","passive":true,"userAgent":{"platform":"WEB","appVersion":{"primary":2,"secondary":3000,"tertiary":1035194821},"mcc":"000","mnc":"000","osVersion":"0.1","device":"Desktop","osBuildNumber":"0.1","releaseChannel":"RELEASE","localeLanguageIso6391":"en","localeCountryIso31661Alpha2":"US"},"webInfo":{"webSubPlatform":"WEB_BROWSER"},"connectType":"WIFI_UNKNOWN","connectReason":"USER_ACTIVATED","device":2,"pull":true,"lidDbMigrated":false},"msg":"logging in..."}
{"level":30,"time":1774721712389,"pid":70310,"hostname":"Mac.home","msg":"5 pre-keys found on server"}
{"level":30,"time":1774721712389,"pid":70310,"hostname":"Mac.home","msg":"Current prekey ID: 2907, exists in storage: true"}
{"level":30,"time":1774721712389,"pid":70310,"hostname":"Mac.home","msg":"Uploading PreKeys due to: server count low (5)"}
{"level":30,"time":1774721712389,"pid":70310,"hostname":"Mac.home","count":5,"retryCount":0,"msg":"uploading pre-keys"}
{"level":30,"time":1774721712615,"pid":70310,"hostname":"Mac.home","count":5,"msg":"uploaded pre-keys successfully"}
{"level":30,"time":1774721712769,"pid":70310,"hostname":"Mac.home","msg":"handled 0 offline messages/notifications"}
{"level":30,"time":1774721712769,"pid":70310,"hostname":"Mac.home","msg":"Connection is now AwaitingInitialSync, buffering events"}
{"level":30,"time":1774721712769,"pid":70310,"hostname":"Mac.home","msg":"History sync is disabled by config, not waiting for notification. Transitioning to Online."}
{"level":30,"time":1774721712932,"pid":70310,"hostname":"Mac.home","msg":"opened connection to WA"}
[WhatsApp] ✅ Bağlantı başarılı!
{"level":30,"time":1774721712951,"pid":70310,"hostname":"Mac.home","myPN":"905333559848:2@s.whatsapp.net","myLID":"129879995613400:2@lid","msg":"Own LID session created successfully"}
{"level":50,"time":1774721718315,"pid":70310,"hostname":"Mac.home","reasonNode":{"tag":"conflict","attrs":{"type":"replaced"}},"fullErrorNode":{"tag":"stream:error","attrs":{},"content":[{"tag":"conflict","attrs":{"type":"replaced"}}]},"msg":"stream errored out"}
{"level":30,"time":1774721718316,"pid":70310,"hostname":"Mac.home","trace":"Error: Stream Errored (conflict)\n    at WebSocketClient.<anonymous> (file:///Users/salihozgen/Desktop/psikolog-projesi/node_modules/@whiskeysockets/baileys/lib/Socket/socket.js:780:13)\n    at WebSocketClient.emit (node:events:518:28)\n    at file:///Users/salihozgen/Desktop/psikolog-projesi/node_modules/@whiskeysockets/baileys/lib/Socket/socket.js:464:35\n    at Object.decodeFrame (file:///Users/salihozgen/Desktop/psikolog-projesi/node_modules/@whiskeysockets/baileys/lib/Utils/noise-handler.js:141:17)\n    at process.processTicksAndRejections (node:internal/process/task_queues:105:5)\n    at async WebSocketClient.onMessageReceived (file:///Users/salihozgen/Desktop/psikolog-projesi/node_modules/@whiskeysockets/baileys/lib/Socket/socket.js:441:9)","msg":"connection errored"}
[WhatsApp] Bot süreci başlatılıyor...
{"level":30,"time":1774721723610,"pid":70310,"hostname":"Mac.home","browser":["Ubuntu","Chrome","122.0.0"],"helloMsg":{"clientHello":{"ephemeral":"/yV56Cm70etmj61tk9njDPqnDLKS13HMetMJGjYMj1U="}},"msg":"connected to WA"}
{"level":30,"time":1774721723716,"pid":70310,"hostname":"Mac.home","node":{"username":"905333559848","passive":true,"userAgent":{"platform":"WEB","appVersion":{"primary":2,"secondary":3000,"tertiary":1035194821},"mcc":"000","mnc":"000","osVersion":"0.1","device":"Desktop","osBuildNumber":"0.1","releaseChannel":"RELEASE","localeLanguageIso6391":"en","localeCountryIso31661Alpha2":"US"},"webInfo":{"webSubPlatform":"WEB_BROWSER"},"connectType":"WIFI_UNKNOWN","connectReason":"USER_ACTIVATED","device":2,"pull":true,"lidDbMigrated":false},"msg":"logging in..."}
{"level":30,"time":1774721724587,"pid":70310,"hostname":"Mac.home","msg":"5 pre-keys found on server"}
{"level":30,"time":1774721724587,"pid":70310,"hostname":"Mac.home","msg":"Current prekey ID: 2917, exists in storage: true"}
{"level":30,"time":1774721724587,"pid":70310,"hostname":"Mac.home","msg":"Uploading PreKeys due to: server count low (5)"}
{"level":30,"time":1774721724587,"pid":70310,"hostname":"Mac.home","count":5,"retryCount":0,"msg":"uploading pre-keys"}
{"level":30,"time":1774721725277,"pid":70310,"hostname":"Mac.home","count":5,"msg":"uploaded pre-keys successfully"}
{"level":30,"time":1774721725524,"pid":70310,"hostname":"Mac.home","msg":"handled 0 offline messages/notifications"}
{"level":30,"time":1774721725524,"pid":70310,"hostname":"Mac.home","msg":"Connection is now AwaitingInitialSync, buffering events"}
{"level":30,"time":1774721725524,"pid":70310,"hostname":"Mac.home","msg":"History sync is disabled by config, not waiting for notification. Transitioning to Online."}
{"level":30,"time":1774721725582,"pid":70310,"hostname":"Mac.home","msg":"opened connection to WA"}
[WhatsApp] ✅ Bağlantı başarılı!
{"level":30,"time":1774721725588,"pid":70310,"hostname":"Mac.home","myPN":"905333559848:2@s.whatsapp.net","myLID":"129879995613400:2@lid","msg":"Own LID session created successfully"}
{"level":50,"time":1774721729677,"pid":70310,"hostname":"Mac.home","reasonNode":{"tag":"conflict","attrs":{"type":"replaced"}},"fullErrorNode":{"tag":"stream:error","attrs":{},"content":[{"tag":"conflict","attrs":{"type":"replaced"}}]},"msg":"stream errored out"}
{"level":30,"time":1774721729677,"pid":70310,"hostname":"Mac.home","trace":"Error: Stream Errored (conflict)\n    at WebSocketClient.<anonymous> (file:///Users/salihozgen/Desktop/psikolog-projesi/node_modules/@whiskeysockets/baileys/lib/Socket/socket.js:780:13)\n    at WebSocketClient.emit (node:events:518:28)\n    at file:///Users/salihozgen/Desktop/psikolog-projesi/node_modules/@whiskeysockets/baileys/lib/Socket/socket.js:464:35\n    at Object.decodeFrame (file:///Users/salihozgen/Desktop/psikolog-projesi/node_modules/@whiskeysockets/baileys/lib/Utils/noise-handler.js:141:17)\n    at process.processTicksAndRejections (node:internal/process/task_queues:105:5)\n    at async WebSocketClient.onMessageReceived (file:///Users/salihozgen/Desktop/psikolog-projesi/node_modules/@whiskeysockets/baileys/lib/Socket/socket.js:441:9)","msg":"connection errored"}
[WhatsApp] Bot süreci başlatılıyor...
{"level":30,"time":1774721735047,"pid":70310,"hostname":"Mac.home","browser":["Ubuntu","Chrome","122.0.0"],"helloMsg":{"clientHello":{"ephemeral":"lPh5LxpUTbPQBcIu1zcKN6ABa1PB5VPSjv4hyqcvwSM="}},"msg":"connected to WA"}
{"level":30,"time":1774721735224,"pid":70310,"hostname":"Mac.home","node":{"username":"905333559848","passive":true,"userAgent":{"platform":"WEB","appVersion":{"primary":2,"secondary":3000,"tertiary":1035194821},"mcc":"000","mnc":"000","osVersion":"0.1","device":"Desktop","osBuildNumber":"0.1","releaseChannel":"RELEASE","localeLanguageIso6391":"en","localeCountryIso31661Alpha2":"US"},"webInfo":{"webSubPlatform":"WEB_BROWSER"},"connectType":"WIFI_UNKNOWN","connectReason":"USER_ACTIVATED","device":2,"pull":true,"lidDbMigrated":false},"msg":"logging in..."}
{"level":30,"time":1774721735636,"pid":70310,"hostname":"Mac.home","msg":"5 pre-keys found on server"}
{"level":30,"time":1774721735636,"pid":70310,"hostname":"Mac.home","msg":"Current prekey ID: 2927, exists in storage: true"}
{"level":30,"time":1774721735636,"pid":70310,"hostname":"Mac.home","msg":"Uploading PreKeys due to: server count low (5)"}
{"level":30,"time":1774721735636,"pid":70310,"hostname":"Mac.home","count":5,"retryCount":0,"msg":"uploading pre-keys"}
{"level":30,"time":1774721735937,"pid":70310,"hostname":"Mac.home","count":5,"msg":"uploaded pre-keys successfully"}
{"level":30,"time":1774721736132,"pid":70310,"hostname":"Mac.home","msg":"handled 0 offline messages/notifications"}
{"level":30,"time":1774721736132,"pid":70310,"hostname":"Mac.home","msg":"Connection is now AwaitingInitialSync, buffering events"}
{"level":30,"time":1774721736132,"pid":70310,"hostname":"Mac.home","msg":"History sync is disabled by config, not waiting for notification. Transitioning to Online."}
{"level":30,"time":1774721736311,"pid":70310,"hostname":"Mac.home","msg":"opened connection to WA"}
[WhatsApp] ✅ Bağlantı başarılı!
{"level":30,"time":1774721736327,"pid":70310,"hostname":"Mac.home","myPN":"905333559848:2@s.whatsapp.net","myLID":"129879995613400:2@lid","msg":"Own LID session created successfully"}
{"level":50,"time":1774721741186,"pid":70310,"hostname":"Mac.home","reasonNode":{"tag":"conflict","attrs":{"type":"replaced"}},"fullErrorNode":{"tag":"stream:error","attrs":{},"content":[{"tag":"conflict","attrs":{"type":"replaced"}}]},"msg":"stream errored out"}
{"level":30,"time":1774721741187,"pid":70310,"hostname":"Mac.home","trace":"Error: Stream Errored (conflict)\n    at WebSocketClient.<anonymous> (file:///Users/salihozgen/Desktop/psikolog-projesi/node_modules/@whiskeysockets/baileys/lib/Socket/socket.js:780:13)\n    at WebSocketClient.emit (node:events:518:28)\n    at file:///Users/salihozgen/Desktop/psikolog-projesi/node_modules/@whiskeysockets/baileys/lib/Socket/socket.js:464:35\n    at Object.decodeFrame (file:///Users/salihozgen/Desktop/psikolog-projesi/node_modules/@whiskeysockets/baileys/lib/Utils/noise-handler.js:141:17)\n    at process.processTicksAndRejections (node:internal/process/task_queues:105:5)\n    at async WebSocketClient.onMessageReceived (file:///Users/salihozgen/Desktop/psikolog-projesi/node_modules/@whiskeysockets/baileys/lib/Socket/socket.js:441:9)","msg":"connection errored"}
[WhatsApp] Bot süreci başlatılıyor...
{"level":30,"time":1774721746529,"pid":70310,"hostname":"Mac.home","browser":["Ubuntu","Chrome","122.0.0"],"helloMsg":{"clientHello":{"ephemeral":"kJtEAQ2+ZOw9ZcCmItgfH200twpv4bLeceqaC3/1+xY="}},"msg":"connected to WA"}
{"level":30,"time":1774721746691,"pid":70310,"hostname":"Mac.home","node":{"username":"905333559848","passive":true,"userAgent":{"platform":"WEB","appVersion":{"primary":2,"secondary":3000,"tertiary":1035194821},"mcc":"000","mnc":"000","osVersion":"0.1","device":"Desktop","osBuildNumber":"0.1","releaseChannel":"RELEASE","localeLanguageIso6391":"en","localeCountryIso31661Alpha2":"US"},"webInfo":{"webSubPlatform":"WEB_BROWSER"},"connectType":"WIFI_UNKNOWN","connectReason":"USER_ACTIVATED","device":2,"pull":true,"lidDbMigrated":false},"msg":"logging in..."}
{"level":30,"time":1774721747009,"pid":70310,"hostname":"Mac.home","msg":"5 pre-keys found on server"}
{"level":30,"time":1774721747009,"pid":70310,"hostname":"Mac.home","msg":"Current prekey ID: 2937, exists in storage: true"}
{"level":30,"time":1774721747009,"pid":70310,"hostname":"Mac.home","msg":"Uploading PreKeys due to: server count low (5)"}
{"level":30,"time":1774721747009,"pid":70310,"hostname":"Mac.home","count":5,"retryCount":0,"msg":"uploading pre-keys"}
{"level":30,"time":1774721747209,"pid":70310,"hostname":"Mac.home","count":5,"msg":"uploaded pre-keys successfully"}
{"level":30,"time":1774721747418,"pid":70310,"hostname":"Mac.home","msg":"handled 0 offline messages/notifications"}
{"level":30,"time":1774721747418,"pid":70310,"hostname":"Mac.home","msg":"Connection is now AwaitingInitialSync, buffering events"}
{"level":30,"time":1774721747418,"pid":70310,"hostname":"Mac.home","msg":"History sync is disabled by config, not waiting for notification. Transitioning to Online."}
{"level":30,"time":1774721747522,"pid":70310,"hostname":"Mac.home","msg":"opened connection to WA"}
[WhatsApp] ✅ Bağlantı başarılı!
{"level":30,"time":1774721747538,"pid":70310,"hostname":"Mac.home","myPN":"905333559848:2@s.whatsapp.net","myLID":"129879995613400:2@lid","msg":"Own LID session created successfully"}
{"level":50,"time":1774721752624,"pid":70310,"hostname":"Mac.home","reasonNode":{"tag":"conflict","attrs":{"type":"replaced"}},"fullErrorNode":{"tag":"stream:error","attrs":{},"content":[{"tag":"conflict","attrs":{"type":"replaced"}}]},"msg":"stream errored out"}
{"level":30,"time":1774721752624,"pid":70310,"hostname":"Mac.home","trace":"Error: Stream Errored (conflict)\n    at WebSocketClient.<anonymous> (file:///Users/salihozgen/Desktop/psikolog-projesi/node_modules/@whiskeysockets/baileys/lib/Socket/socket.js:780:13)\n    at WebSocketClient.emit (node:events:518:28)\n    at file:///Users/salihozgen/Desktop/psikolog-projesi/node_modules/@whiskeysockets/baileys/lib/Socket/socket.js:464:35\n    at Object.decodeFrame (file:///Users/salihozgen/Desktop/psikolog-projesi/node_modules/@whiskeysockets/baileys/lib/Utils/noise-handler.js:141:17)\n    at process.processTicksAndRejections (node:internal/process/task_queues:105:5)\n    at async WebSocketClient.onMessageReceived (file:///Users/salihozgen/Desktop/psikolog-projesi/node_modules/@whiskeysockets/baileys/lib/Socket/socket.js:441:9)","msg":"connection errored"}
[WhatsApp] Bot süreci başlatılıyor...
{"level":30,"time":1774721757996,"pid":70310,"hostname":"Mac.home","browser":["Ubuntu","Chrome","122.0.0"],"helloMsg":{"clientHello":{"ephemeral":"yQzcsG3Va4N6mY2F7FtuSz5iCeEDOmXnw9jWFvwewxQ="}},"msg":"connected to WA"}
{"level":30,"time":1774721758188,"pid":70310,"hostname":"Mac.home","node":{"username":"905333559848","passive":true,"userAgent":{"platform":"WEB","appVersion":{"primary":2,"secondary":3000,"tertiary":1035194821},"mcc":"000","mnc":"000","osVersion":"0.1","device":"Desktop","osBuildNumber":"0.1","releaseChannel":"RELEASE","localeLanguageIso6391":"en","localeCountryIso31661Alpha2":"US"},"webInfo":{"webSubPlatform":"WEB_BROWSER"},"connectType":"WIFI_UNKNOWN","connectReason":"USER_ACTIVATED","device":2,"pull":true,"lidDbMigrated":false},"msg":"logging in..."}
{"level":30,"time":1774721758652,"pid":70310,"hostname":"Mac.home","msg":"5 pre-keys found on server"}
{"level":30,"time":1774721758652,"pid":70310,"hostname":"Mac.home","msg":"Current prekey ID: 2947, exists in storage: true"}
{"level":30,"time":1774721758652,"pid":70310,"hostname":"Mac.home","msg":"Uploading PreKeys due to: server count low (5)"}
{"level":30,"time":1774721758652,"pid":70310,"hostname":"Mac.home","count":5,"retryCount":0,"msg":"uploading pre-keys"}
{"level":30,"time":1774721758997,"pid":70310,"hostname":"Mac.home","count":5,"msg":"uploaded pre-keys successfully"}
{"level":30,"time":1774721759235,"pid":70310,"hostname":"Mac.home","msg":"handled 0 offline messages/notifications"}
{"level":30,"time":1774721759236,"pid":70310,"hostname":"Mac.home","msg":"Connection is now AwaitingInitialSync, buffering events"}
{"level":30,"time":1774721759236,"pid":70310,"hostname":"Mac.home","msg":"History sync is disabled by config, not waiting for notification. Transitioning to Online."}
{"level":30,"time":1774721759424,"pid":70310,"hostname":"Mac.home","msg":"opened connection to WA"}
[WhatsApp] ✅ Bağlantı başarılı!
{"level":30,"time":1774721759441,"pid":70310,"hostname":"Mac.home","myPN":"905333559848:2@s.whatsapp.net","myLID":"129879995613400:2@lid","msg":"Own LID session created successfully"}
{"level":50,"time":1774721764503,"pid":70310,"hostname":"Mac.home","reasonNode":{"tag":"conflict","attrs":{"type":"replaced"}},"fullErrorNode":{"tag":"stream:error","attrs":{},"content":[{"tag":"conflict","attrs":{"type":"replaced"}}]},"msg":"stream errored out"}
{"level":30,"time":1774721764503,"pid":70310,"hostname":"Mac.home","trace":"Error: Stream Errored (conflict)\n    at WebSocketClient.<anonymous> (file:///Users/salihozgen/Desktop/psikolog-projesi/node_modules/@whiskeysockets/baileys/lib/Socket/socket.js:780:13)\n    at WebSocketClient.emit (node:events:518:28)\n    at file:///Users/salihozgen/Desktop/psikolog-projesi/node_modules/@whiskeysockets/baileys/lib/Socket/socket.js:464:35\n    at Object.decodeFrame (file:///Users/salihozgen/Desktop/psikolog-projesi/node_modules/@whiskeysockets/baileys/lib/Utils/noise-handler.js:141:17)\n    at process.processTicksAndRejections (node:internal/process/task_queues:105:5)\n    at async WebSocketClient.onMessageReceived (file:///Users/salihozgen/Desktop/psikolog-projesi/node_modules/@whiskeysockets/baileys/lib/Socket/socket.js:441:9)","msg":"connection errored"}
[WhatsApp] Bot süreci başlatılıyor...
{"level":30,"time":1774721769838,"pid":70310,"hostname":"Mac.home","browser":["Ubuntu","Chrome","122.0.0"],"helloMsg":{"clientHello":{"ephemeral":"4PV+uj/zIlxTxZTrsqjSOZqvoYUKeXfFd4D/OwU7tE4="}},"msg":"connected to WA"}
{"level":30,"time":1774721769994,"pid":70310,"hostname":"Mac.home","node":{"username":"905333559848","passive":true,"userAgent":{"platform":"WEB","appVersion":{"primary":2,"secondary":3000,"tertiary":1035194821},"mcc":"000","mnc":"000","osVersion":"0.1","device":"Desktop","osBuildNumber":"0.1","releaseChannel":"RELEASE","localeLanguageIso6391":"en","localeCountryIso31661Alpha2":"US"},"webInfo":{"webSubPlatform":"WEB_BROWSER"},"connectType":"WIFI_UNKNOWN","connectReason":"USER_ACTIVATED","device":2,"pull":true,"lidDbMigrated":false},"msg":"logging in..."}
{"level":30,"time":1774721770310,"pid":70310,"hostname":"Mac.home","msg":"5 pre-keys found on server"}
{"level":30,"time":1774721770311,"pid":70310,"hostname":"Mac.home","msg":"Current prekey ID: 2957, exists in storage: true"}
{"level":30,"time":1774721770311,"pid":70310,"hostname":"Mac.home","msg":"Uploading PreKeys due to: server count low (5)"}
{"level":30,"time":1774721770311,"pid":70310,"hostname":"Mac.home","count":5,"retryCount":0,"msg":"uploading pre-keys"}
{"level":30,"time":1774721770514,"pid":70310,"hostname":"Mac.home","count":5,"msg":"uploaded pre-keys successfully"}
{"level":30,"time":1774721770722,"pid":70310,"hostname":"Mac.home","msg":"handled 0 offline messages/notifications"}
{"level":30,"time":1774721770722,"pid":70310,"hostname":"Mac.home","msg":"Connection is now AwaitingInitialSync, buffering events"}
{"level":30,"time":1774721770722,"pid":70310,"hostname":"Mac.home","msg":"History sync is disabled by config, not waiting for notification. Transitioning to Online."}
{"level":30,"time":1774721770829,"pid":70310,"hostname":"Mac.home","msg":"opened connection to WA"}
[WhatsApp] ✅ Bağlantı başarılı!
{"level":30,"time":1774721770845,"pid":70310,"hostname":"Mac.home","myPN":"905333559848:2@s.whatsapp.net","myLID":"129879995613400:2@lid","msg":"Own LID session created successfully"}
{"level":50,"time":1774721776061,"pid":70310,"hostname":"Mac.home","reasonNode":{"tag":"conflict","attrs":{"type":"replaced"}},"fullErrorNode":{"tag":"stream:error","attrs":{},"content":[{"tag":"conflict","attrs":{"type":"replaced"}}]},"msg":"stream errored out"}
{"level":30,"time":1774721776062,"pid":70310,"hostname":"Mac.home","trace":"Error: Stream Errored (conflict)\n    at WebSocketClient.<anonymous> (file:///Users/salihozgen/Desktop/psikolog-projesi/node_modules/@whiskeysockets/baileys/lib/Socket/socket.js:780:13)\n    at WebSocketClient.emit (node:events:518:28)\n    at file:///Users/salihozgen/Desktop/psikolog-projesi/node_modules/@whiskeysockets/baileys/lib/Socket/socket.js:464:35\n    at Object.decodeFrame (file:///Users/salihozgen/Desktop/psikolog-projesi/node_modules/@whiskeysockets/baileys/lib/Utils/noise-handler.js:141:17)\n    at process.processTicksAndRejections (node:internal/process/task_queues:105:5)\n    at async WebSocketClient.onMessageReceived (file:///Users/salihozgen/Desktop/psikolog-projesi/node_modules/@whiskeysockets/baileys/lib/Socket/socket.js:441:9)","msg":"connection errored"}
[WhatsApp] Bot süreci başlatılıyor...
{"level":30,"time":1774721781459,"pid":70310,"hostname":"Mac.home","browser":["Ubuntu","Chrome","122.0.0"],"helloMsg":{"clientHello":{"ephemeral":"SKXSDQRVkV1G5x/i0R9DmG64k9LbaqB3POT57uZnxnI="}},"msg":"connected to WA"}
{"level":30,"time":1774721781669,"pid":70310,"hostname":"Mac.home","node":{"username":"905333559848","passive":true,"userAgent":{"platform":"WEB","appVersion":{"primary":2,"secondary":3000,"tertiary":1035194821},"mcc":"000","mnc":"000","osVersion":"0.1","device":"Desktop","osBuildNumber":"0.1","releaseChannel":"RELEASE","localeLanguageIso6391":"en","localeCountryIso31661Alpha2":"US"},"webInfo":{"webSubPlatform":"WEB_BROWSER"},"connectType":"WIFI_UNKNOWN","connectReason":"USER_ACTIVATED","device":2,"pull":true,"lidDbMigrated":false},"msg":"logging in..."}
{"level":30,"time":1774721782200,"pid":70310,"hostname":"Mac.home","msg":"5 pre-keys found on server"}
{"level":30,"time":1774721782200,"pid":70310,"hostname":"Mac.home","msg":"Current prekey ID: 2967, exists in storage: true"}
{"level":30,"time":1774721782200,"pid":70310,"hostname":"Mac.home","msg":"Uploading PreKeys due to: server count low (5)"}
{"level":30,"time":1774721782200,"pid":70310,"hostname":"Mac.home","count":5,"retryCount":0,"msg":"uploading pre-keys"}
{"level":30,"time":1774721782623,"pid":70310,"hostname":"Mac.home","count":5,"msg":"uploaded pre-keys successfully"}
{"level":30,"time":1774721782894,"pid":70310,"hostname":"Mac.home","msg":"handled 0 offline messages/notifications"}
{"level":30,"time":1774721782894,"pid":70310,"hostname":"Mac.home","msg":"Connection is now AwaitingInitialSync, buffering events"}
{"level":30,"time":1774721782894,"pid":70310,"hostname":"Mac.home","msg":"History sync is disabled by config, not waiting for notification. Transitioning to Online."}
{"level":30,"time":1774721783095,"pid":70310,"hostname":"Mac.home","msg":"opened connection to WA"}
[WhatsApp] ✅ Bağlantı başarılı!
{"level":30,"time":1774721783114,"pid":70310,"hostname":"Mac.home","myPN":"905333559848:2@s.whatsapp.net","myLID":"129879995613400:2@lid","msg":"Own LID session created successfully"}
{"level":50,"time":1774721787727,"pid":70310,"hostname":"Mac.home","reasonNode":{"tag":"conflict","attrs":{"type":"replaced"}},"fullErrorNode":{"tag":"stream:error","attrs":{},"content":[{"tag":"conflict","attrs":{"type":"replaced"}}]},"msg":"stream errored out"}
{"level":30,"time":1774721787727,"pid":70310,"hostname":"Mac.home","trace":"Error: Stream Errored (conflict)\n    at WebSocketClient.<anonymous> (file:///Users/salihozgen/Desktop/psikolog-projesi/node_modules/@whiskeysockets/baileys/lib/Socket/socket.js:780:13)\n    at WebSocketClient.emit (node:events:518:28)\n    at file:///Users/salihozgen/Desktop/psikolog-projesi/node_modules/@whiskeysockets/baileys/lib/Socket/socket.js:464:35\n    at Object.decodeFrame (file:///Users/salihozgen/Desktop/psikolog-projesi/node_modules/@whiskeysockets/baileys/lib/Utils/noise-handler.js:141:17)\n    at process.processTicksAndRejections (node:internal/process/task_queues:105:5)\n    at async WebSocketClient.onMessageReceived (file:///Users/salihozgen/Desktop/psikolog-projesi/node_modules/@whiskeysockets/baileys/lib/Socket/socket.js:441:9)","msg":"connection errored"}
[WhatsApp] Bot süreci başlatılıyor...
{"level":30,"time":1774721793066,"pid":70310,"hostname":"Mac.home","browser":["Ubuntu","Chrome","122.0.0"],"helloMsg":{"clientHello":{"ephemeral":"jQtfaOYl3hL5if0eMe+/p8Zg3cfXtSWzg1fim2DI0BM="}},"msg":"connected to WA"}
{"level":30,"time":1774721793249,"pid":70310,"hostname":"Mac.home","node":{"username":"905333559848","passive":true,"userAgent":{"platform":"WEB","appVersion":{"primary":2,"secondary":3000,"tertiary":1035194821},"mcc":"000","mnc":"000","osVersion":"0.1","device":"Desktop","osBuildNumber":"0.1","releaseChannel":"RELEASE","localeLanguageIso6391":"en","localeCountryIso31661Alpha2":"US"},"webInfo":{"webSubPlatform":"WEB_BROWSER"},"connectType":"WIFI_UNKNOWN","connectReason":"USER_ACTIVATED","device":2,"pull":true,"lidDbMigrated":false},"msg":"logging in..."}
{"level":30,"time":1774721793664,"pid":70310,"hostname":"Mac.home","msg":"5 pre-keys found on server"}
{"level":30,"time":1774721793664,"pid":70310,"hostname":"Mac.home","msg":"Current prekey ID: 2977, exists in storage: true"}
{"level":30,"time":1774721793664,"pid":70310,"hostname":"Mac.home","msg":"Uploading PreKeys due to: server count low (5)"}
{"level":30,"time":1774721793664,"pid":70310,"hostname":"Mac.home","count":5,"retryCount":0,"msg":"uploading pre-keys"}
{"level":30,"time":1774721793967,"pid":70310,"hostname":"Mac.home","count":5,"msg":"uploaded pre-keys successfully"}
{"level":30,"time":1774721794167,"pid":70310,"hostname":"Mac.home","msg":"handled 0 offline messages/notifications"}
{"level":30,"time":1774721794167,"pid":70310,"hostname":"Mac.home","msg":"Connection is now AwaitingInitialSync, buffering events"}
{"level":30,"time":1774721794167,"pid":70310,"hostname":"Mac.home","msg":"History sync is disabled by config, not waiting for notification. Transitioning to Online."}
{"level":30,"time":1774721794346,"pid":70310,"hostname":"Mac.home","msg":"opened connection to WA"}
[WhatsApp] ✅ Bağlantı başarılı!
{"level":30,"time":1774721794361,"pid":70310,"hostname":"Mac.home","myPN":"905333559848:2@s.whatsapp.net","myLID":"129879995613400:2@lid","msg":"Own LID session created successfully"}
{"level":50,"time":1774721799297,"pid":70310,"hostname":"Mac.home","reasonNode":{"tag":"conflict","attrs":{"type":"replaced"}},"fullErrorNode":{"tag":"stream:error","attrs":{},"content":[{"tag":"conflict","attrs":{"type":"replaced"}}]},"msg":"stream errored out"}
{"level":30,"time":1774721799297,"pid":70310,"hostname":"Mac.home","trace":"Error: Stream Errored (conflict)\n    at WebSocketClient.<anonymous> (file:///Users/salihozgen/Desktop/psikolog-projesi/node_modules/@whiskeysockets/baileys/lib/Socket/socket.js:780:13)\n    at WebSocketClient.emit (node:events:518:28)\n    at file:///Users/salihozgen/Desktop/psikolog-projesi/node_modules/@whiskeysockets/baileys/lib/Socket/socket.js:464:35\n    at Object.decodeFrame (file:///Users/salihozgen/Desktop/psikolog-projesi/node_modules/@whiskeysockets/baileys/lib/Utils/noise-handler.js:141:17)\n    at process.processTicksAndRejections (node:internal/process/task_queues:105:5)\n    at async WebSocketClient.onMessageReceived (file:///Users/salihozgen/Desktop/psikolog-projesi/node_modules/@whiskeysockets/baileys/lib/Socket/socket.js:441:9)","msg":"connection errored"}
[WhatsApp] Bot süreci başlatılıyor...
{"level":30,"time":1774721804652,"pid":70310,"hostname":"Mac.home","browser":["Ubuntu","Chrome","122.0.0"],"helloMsg":{"clientHello":{"ephemeral":"ynXJvnFh3wOs3iwRCWuZznDNgUZZ78Y2NB1wsEO6Kg8="}},"msg":"connected to WA"}
{"level":30,"time":1774721804823,"pid":70310,"hostname":"Mac.home","node":{"username":"905333559848","passive":true,"userAgent":{"platform":"WEB","appVersion":{"primary":2,"secondary":3000,"tertiary":1035194821},"mcc":"000","mnc":"000","osVersion":"0.1","device":"Desktop","osBuildNumber":"0.1","releaseChannel":"RELEASE","localeLanguageIso6391":"en","localeCountryIso31661Alpha2":"US"},"webInfo":{"webSubPlatform":"WEB_BROWSER"},"connectType":"WIFI_UNKNOWN","connectReason":"USER_ACTIVATED","device":2,"pull":true,"lidDbMigrated":false},"msg":"logging in..."}
{"level":30,"time":1774721805210,"pid":70310,"hostname":"Mac.home","msg":"5 pre-keys found on server"}
{"level":30,"time":1774721805210,"pid":70310,"hostname":"Mac.home","msg":"Current prekey ID: 2987, exists in storage: true"}
{"level":30,"time":1774721805210,"pid":70310,"hostname":"Mac.home","msg":"Uploading PreKeys due to: server count low (5)"}
{"level":30,"time":1774721805210,"pid":70310,"hostname":"Mac.home","count":5,"retryCount":0,"msg":"uploading pre-keys"}
{"level":30,"time":1774721805514,"pid":70310,"hostname":"Mac.home","count":5,"msg":"uploaded pre-keys successfully"}
{"level":30,"time":1774721805705,"pid":70310,"hostname":"Mac.home","msg":"handled 0 offline messages/notifications"}
{"level":30,"time":1774721805705,"pid":70310,"hostname":"Mac.home","msg":"Connection is now AwaitingInitialSync, buffering events"}
{"level":30,"time":1774721805705,"pid":70310,"hostname":"Mac.home","msg":"History sync is disabled by config, not waiting for notification. Transitioning to Online."}
{"level":30,"time":1774721805879,"pid":70310,"hostname":"Mac.home","msg":"opened connection to WA"}
[WhatsApp] ✅ Bağlantı başarılı!
{"level":30,"time":1774721805897,"pid":70310,"hostname":"Mac.home","myPN":"905333559848:2@s.whatsapp.net","myLID":"129879995613400:2@lid","msg":"Own LID session created successfully"}
{"level":50,"time":1774721810776,"pid":70310,"hostname":"Mac.home","reasonNode":{"tag":"conflict","attrs":{"type":"replaced"}},"fullErrorNode":{"tag":"stream:error","attrs":{},"content":[{"tag":"conflict","attrs":{"type":"replaced"}}]},"msg":"stream errored out"}
{"level":30,"time":1774721810776,"pid":70310,"hostname":"Mac.home","trace":"Error: Stream Errored (conflict)\n    at WebSocketClient.<anonymous> (file:///Users/salihozgen/Desktop/psikolog-projesi/node_modules/@whiskeysockets/baileys/lib/Socket/socket.js:780:13)\n    at WebSocketClient.emit (node:events:518:28)\n    at file:///Users/salihozgen/Desktop/psikolog-projesi/node_modules/@whiskeysockets/baileys/lib/Socket/socket.js:464:35\n    at Object.decodeFrame (file:///Users/salihozgen/Desktop/psikolog-projesi/node_modules/@whiskeysockets/baileys/lib/Utils/noise-handler.js:141:17)\n    at process.processTicksAndRejections (node:internal/process/task_queues:105:5)\n    at async WebSocketClient.onMessageReceived (file:///Users/salihozgen/Desktop/psikolog-projesi/node_modules/@whiskeysockets/baileys/lib/Socket/socket.js:441:9)","msg":"connection errored"}
[WhatsApp] Bot süreci başlatılıyor...
{"level":30,"time":1774721816061,"pid":70310,"hostname":"Mac.home","browser":["Ubuntu","Chrome","122.0.0"],"helloMsg":{"clientHello":{"ephemeral":"6WLm9RYZrlsma0IjYMmBMllVokOP+K+U65nC+nlSVmQ="}},"msg":"connected to WA"}
{"level":30,"time":1774721816161,"pid":70310,"hostname":"Mac.home","node":{"username":"905333559848","passive":true,"userAgent":{"platform":"WEB","appVersion":{"primary":2,"secondary":3000,"tertiary":1035194821},"mcc":"000","mnc":"000","osVersion":"0.1","device":"Desktop","osBuildNumber":"0.1","releaseChannel":"RELEASE","localeLanguageIso6391":"en","localeCountryIso31661Alpha2":"US"},"webInfo":{"webSubPlatform":"WEB_BROWSER"},"connectType":"WIFI_UNKNOWN","connectReason":"USER_ACTIVATED","device":2,"pull":true,"lidDbMigrated":false},"msg":"logging in..."}
{"level":30,"time":1774721816800,"pid":70310,"hostname":"Mac.home","msg":"5 pre-keys found on server"}
{"level":30,"time":1774721816800,"pid":70310,"hostname":"Mac.home","msg":"Current prekey ID: 2997, exists in storage: true"}
{"level":30,"time":1774721816800,"pid":70310,"hostname":"Mac.home","msg":"Uploading PreKeys due to: server count low (5)"}
{"level":30,"time":1774721816801,"pid":70310,"hostname":"Mac.home","count":5,"retryCount":0,"msg":"uploading pre-keys"}
{"level":30,"time":1774721817496,"pid":70310,"hostname":"Mac.home","count":5,"msg":"uploaded pre-keys successfully"}
{"level":30,"time":1774721817738,"pid":70310,"hostname":"Mac.home","msg":"handled 0 offline messages/notifications"}
{"level":30,"time":1774721817738,"pid":70310,"hostname":"Mac.home","msg":"Connection is now AwaitingInitialSync, buffering events"}
{"level":30,"time":1774721817738,"pid":70310,"hostname":"Mac.home","msg":"History sync is disabled by config, not waiting for notification. Transitioning to Online."}
{"level":30,"time":1774721817794,"pid":70310,"hostname":"Mac.home","msg":"opened connection to WA"}
[WhatsApp] ✅ Bağlantı başarılı!
{"level":30,"time":1774721817807,"pid":70310,"hostname":"Mac.home","myPN":"905333559848:2@s.whatsapp.net","myLID":"129879995613400:2@lid","msg":"Own LID session created successfully"}
{"level":50,"time":1774721822066,"pid":70310,"hostname":"Mac.home","reasonNode":{"tag":"conflict","attrs":{"type":"replaced"}},"fullErrorNode":{"tag":"stream:error","attrs":{},"content":[{"tag":"conflict","attrs":{"type":"replaced"}}]},"msg":"stream errored out"}
{"level":30,"time":1774721822066,"pid":70310,"hostname":"Mac.home","trace":"Error: Stream Errored (conflict)\n    at WebSocketClient.<anonymous> (file:///Users/salihozgen/Desktop/psikolog-projesi/node_modules/@whiskeysockets/baileys/lib/Socket/socket.js:780:13)\n    at WebSocketClient.emit (node:events:518:28)\n    at file:///Users/salihozgen/Desktop/psikolog-projesi/node_modules/@whiskeysockets/baileys/lib/Socket/socket.js:464:35\n    at Object.decodeFrame (file:///Users/salihozgen/Desktop/psikolog-projesi/node_modules/@whiskeysockets/baileys/lib/Utils/noise-handler.js:141:17)\n    at process.processTicksAndRejections (node:internal/process/task_queues:105:5)\n    at async WebSocketClient.onMessageReceived (file:///Users/salihozgen/Desktop/psikolog-projesi/node_modules/@whiskeysockets/baileys/lib/Socket/socket.js:441:9)","msg":"connection errored"}
[WhatsApp] Bot süreci başlatılıyor...
{"level":30,"time":1774721827359,"pid":70310,"hostname":"Mac.home","browser":["Ubuntu","Chrome","122.0.0"],"helloMsg":{"clientHello":{"ephemeral":"Dc2DF16W1G8QsccmB60m5VVyud4c8llcsZbID6QsEx8="}},"msg":"connected to WA"}
{"level":30,"time":1774721827459,"pid":70310,"hostname":"Mac.home","node":{"username":"905333559848","passive":true,"userAgent":{"platform":"WEB","appVersion":{"primary":2,"secondary":3000,"tertiary":1035194821},"mcc":"000","mnc":"000","osVersion":"0.1","device":"Desktop","osBuildNumber":"0.1","releaseChannel":"RELEASE","localeLanguageIso6391":"en","localeCountryIso31661Alpha2":"US"},"webInfo":{"webSubPlatform":"WEB_BROWSER"},"connectType":"WIFI_UNKNOWN","connectReason":"USER_ACTIVATED","device":2,"pull":true,"lidDbMigrated":false},"msg":"logging in..."}
{"level":30,"time":1774721828282,"pid":70310,"hostname":"Mac.home","msg":"5 pre-keys found on server"}
{"level":30,"time":1774721828282,"pid":70310,"hostname":"Mac.home","msg":"Current prekey ID: 3007, exists in storage: true"}
{"level":30,"time":1774721828282,"pid":70310,"hostname":"Mac.home","msg":"Uploading PreKeys due to: server count low (5)"}
{"level":30,"time":1774721828282,"pid":70310,"hostname":"Mac.home","count":5,"retryCount":0,"msg":"uploading pre-keys"}
{"level":30,"time":1774721828991,"pid":70310,"hostname":"Mac.home","count":5,"msg":"uploaded pre-keys successfully"}
{"level":30,"time":1774721829233,"pid":70310,"hostname":"Mac.home","msg":"handled 0 offline messages/notifications"}
{"level":30,"time":1774721829233,"pid":70310,"hostname":"Mac.home","msg":"Connection is now AwaitingInitialSync, buffering events"}
{"level":30,"time":1774721829233,"pid":70310,"hostname":"Mac.home","msg":"History sync is disabled by config, not waiting for notification. Transitioning to Online."}
{"level":30,"time":1774721829529,"pid":70310,"hostname":"Mac.home","msg":"opened connection to WA"}
[WhatsApp] ✅ Bağlantı başarılı!
{"level":30,"time":1774721829546,"pid":70310,"hostname":"Mac.home","myPN":"905333559848:2@s.whatsapp.net","myLID":"129879995613400:2@lid","msg":"Own LID session created successfully"}
{"level":50,"time":1774721833499,"pid":70310,"hostname":"Mac.home","reasonNode":{"tag":"conflict","attrs":{"type":"replaced"}},"fullErrorNode":{"tag":"stream:error","attrs":{},"content":[{"tag":"conflict","attrs":{"type":"replaced"}}]},"msg":"stream errored out"}
{"level":30,"time":1774721833499,"pid":70310,"hostname":"Mac.home","trace":"Error: Stream Errored (conflict)\n    at WebSocketClient.<anonymous> (file:///Users/salihozgen/Desktop/psikolog-projesi/node_modules/@whiskeysockets/baileys/lib/Socket/socket.js:780:13)\n    at WebSocketClient.emit (node:events:518:28)\n    at file:///Users/salihozgen/Desktop/psikolog-projesi/node_modules/@whiskeysockets/baileys/lib/Socket/socket.js:464:35\n    at Object.decodeFrame (file:///Users/salihozgen/Desktop/psikolog-projesi/node_modules/@whiskeysockets/baileys/lib/Utils/noise-handler.js:141:17)\n    at process.processTicksAndRejections (node:internal/process/task_queues:105:5)\n    at async WebSocketClient.onMessageReceived (file:///Users/salihozgen/Desktop/psikolog-projesi/node_modules/@whiskeysockets/baileys/lib/Socket/socket.js:441:9)","msg":"connection errored"}
[WhatsApp] Bot süreci başlatılıyor...
{"level":30,"time":1774721838761,"pid":70310,"hostname":"Mac.home","browser":["Ubuntu","Chrome","122.0.0"],"helloMsg":{"clientHello":{"ephemeral":"/+OhUhDBe6TmkaEW9dXfFgDbdsttI97JTutOMJLokFY="}},"msg":"connected to WA"}
{"level":30,"time":1774721838844,"pid":70310,"hostname":"Mac.home","node":{"username":"905333559848","passive":true,"userAgent":{"platform":"WEB","appVersion":{"primary":2,"secondary":3000,"tertiary":1035194821},"mcc":"000","mnc":"000","osVersion":"0.1","device":"Desktop","osBuildNumber":"0.1","releaseChannel":"RELEASE","localeLanguageIso6391":"en","localeCountryIso31661Alpha2":"US"},"webInfo":{"webSubPlatform":"WEB_BROWSER"},"connectType":"WIFI_UNKNOWN","connectReason":"USER_ACTIVATED","device":2,"pull":true,"lidDbMigrated":false},"msg":"logging in..."}
{"level":30,"time":1774721839556,"pid":70310,"hostname":"Mac.home","msg":"5 pre-keys found on server"}
{"level":30,"time":1774721839556,"pid":70310,"hostname":"Mac.home","msg":"Current prekey ID: 3017, exists in storage: true"}
{"level":30,"time":1774721839556,"pid":70310,"hostname":"Mac.home","msg":"Uploading PreKeys due to: server count low (5)"}
{"level":30,"time":1774721839556,"pid":70310,"hostname":"Mac.home","count":5,"retryCount":0,"msg":"uploading pre-keys"}
{"level":30,"time":1774721839968,"pid":70310,"hostname":"Mac.home","count":5,"msg":"uploaded pre-keys successfully"}
{"level":30,"time":1774721840170,"pid":70310,"hostname":"Mac.home","msg":"handled 0 offline messages/notifications"}
{"level":30,"time":1774721840170,"pid":70310,"hostname":"Mac.home","msg":"Connection is now AwaitingInitialSync, buffering events"}
{"level":30,"time":1774721840170,"pid":70310,"hostname":"Mac.home","msg":"History sync is disabled by config, not waiting for notification. Transitioning to Online."}
{"level":30,"time":1774721840206,"pid":70310,"hostname":"Mac.home","msg":"opened connection to WA"}
[WhatsApp] ✅ Bağlantı başarılı!
{"level":30,"time":1774721840212,"pid":70310,"hostname":"Mac.home","myPN":"905333559848:2@s.whatsapp.net","myLID":"129879995613400:2@lid","msg":"Own LID session created successfully"}
{"level":50,"time":1774721844985,"pid":70310,"hostname":"Mac.home","reasonNode":{"tag":"conflict","attrs":{"type":"replaced"}},"fullErrorNode":{"tag":"stream:error","attrs":{},"content":[{"tag":"conflict","attrs":{"type":"replaced"}}]},"msg":"stream errored out"}
{"level":30,"time":1774721844985,"pid":70310,"hostname":"Mac.home","trace":"Error: Stream Errored (conflict)\n    at WebSocketClient.<anonymous> (file:///Users/salihozgen/Desktop/psikolog-projesi/node_modules/@whiskeysockets/baileys/lib/Socket/socket.js:780:13)\n    at WebSocketClient.emit (node:events:518:28)\n    at file:///Users/salihozgen/Desktop/psikolog-projesi/node_modules/@whiskeysockets/baileys/lib/Socket/socket.js:464:35\n    at Object.decodeFrame (file:///Users/salihozgen/Desktop/psikolog-projesi/node_modules/@whiskeysockets/baileys/lib/Utils/noise-handler.js:141:17)\n    at process.processTicksAndRejections (node:internal/process/task_queues:105:5)\n    at async WebSocketClient.onMessageReceived (file:///Users/salihozgen/Desktop/psikolog-projesi/node_modules/@whiskeysockets/baileys/lib/Socket/socket.js:441:9)","msg":"connection errored"}
[WhatsApp] Bot süreci başlatılıyor...
{"level":30,"time":1774721850393,"pid":70310,"hostname":"Mac.home","browser":["Ubuntu","Chrome","122.0.0"],"helloMsg":{"clientHello":{"ephemeral":"oglyffg2veWx2JCuynR3poASwy9IbwSFvjFioooEWhQ="}},"msg":"connected to WA"}
{"level":30,"time":1774721850606,"pid":70310,"hostname":"Mac.home","node":{"username":"905333559848","passive":true,"userAgent":{"platform":"WEB","appVersion":{"primary":2,"secondary":3000,"tertiary":1035194821},"mcc":"000","mnc":"000","osVersion":"0.1","device":"Desktop","osBuildNumber":"0.1","releaseChannel":"RELEASE","localeLanguageIso6391":"en","localeCountryIso31661Alpha2":"US"},"webInfo":{"webSubPlatform":"WEB_BROWSER"},"connectType":"WIFI_UNKNOWN","connectReason":"USER_ACTIVATED","device":2,"pull":true,"lidDbMigrated":false},"msg":"logging in..."}
{"level":30,"time":1774721851149,"pid":70310,"hostname":"Mac.home","msg":"5 pre-keys found on server"}
{"level":30,"time":1774721851149,"pid":70310,"hostname":"Mac.home","msg":"Current prekey ID: 3027, exists in storage: true"}
{"level":30,"time":1774721851149,"pid":70310,"hostname":"Mac.home","msg":"Uploading PreKeys due to: server count low (5)"}
{"level":30,"time":1774721851149,"pid":70310,"hostname":"Mac.home","count":5,"retryCount":0,"msg":"uploading pre-keys"}
{"level":30,"time":1774721851585,"pid":70310,"hostname":"Mac.home","count":5,"msg":"uploaded pre-keys successfully"}
{"level":30,"time":1774721851854,"pid":70310,"hostname":"Mac.home","msg":"handled 0 offline messages/notifications"}
{"level":30,"time":1774721851854,"pid":70310,"hostname":"Mac.home","msg":"Connection is now AwaitingInitialSync, buffering events"}
{"level":30,"time":1774721851855,"pid":70310,"hostname":"Mac.home","msg":"History sync is disabled by config, not waiting for notification. Transitioning to Online."}
{"level":30,"time":1774721852057,"pid":70310,"hostname":"Mac.home","msg":"opened connection to WA"}
[WhatsApp] ✅ Bağlantı başarılı!
{"level":30,"time":1774721852063,"pid":70310,"hostname":"Mac.home","myPN":"905333559848:2@s.whatsapp.net","myLID":"129879995613400:2@lid","msg":"Own LID session created successfully"}
{"level":50,"time":1774721856953,"pid":70310,"hostname":"Mac.home","reasonNode":{"tag":"conflict","attrs":{"type":"replaced"}},"fullErrorNode":{"tag":"stream:error","attrs":{},"content":[{"tag":"conflict","attrs":{"type":"replaced"}}]},"msg":"stream errored out"}
{"level":30,"time":1774721856953,"pid":70310,"hostname":"Mac.home","trace":"Error: Stream Errored (conflict)\n    at WebSocketClient.<anonymous> (file:///Users/salihozgen/Desktop/psikolog-projesi/node_modules/@whiskeysockets/baileys/lib/Socket/socket.js:780:13)\n    at WebSocketClient.emit (node:events:518:28)\n    at file:///Users/salihozgen/Desktop/psikolog-projesi/node_modules/@whiskeysockets/baileys/lib/Socket/socket.js:464:35\n    at Object.decodeFrame (file:///Users/salihozgen/Desktop/psikolog-projesi/node_modules/@whiskeysockets/baileys/lib/Utils/noise-handler.js:141:17)\n    at process.processTicksAndRejections (node:internal/process/task_queues:105:5)\n    at async WebSocketClient.onMessageReceived (file:///Users/salihozgen/Desktop/psikolog-projesi/node_modules/@whiskeysockets/baileys/lib/Socket/socket.js:441:9)","msg":"connection errored"}
[WhatsApp] Bot süreci başlatılıyor...
{"level":30,"time":1774721862333,"pid":70310,"hostname":"Mac.home","browser":["Ubuntu","Chrome","122.0.0"],"helloMsg":{"clientHello":{"ephemeral":"uRgVhC6xbOs0ET4Xo2tgUHJR4X6nnwC+slIiP55H2yc="}},"msg":"connected to WA"}
{"level":30,"time":1774721862550,"pid":70310,"hostname":"Mac.home","node":{"username":"905333559848","passive":true,"userAgent":{"platform":"WEB","appVersion":{"primary":2,"secondary":3000,"tertiary":1035194821},"mcc":"000","mnc":"000","osVersion":"0.1","device":"Desktop","osBuildNumber":"0.1","releaseChannel":"RELEASE","localeLanguageIso6391":"en","localeCountryIso31661Alpha2":"US"},"webInfo":{"webSubPlatform":"WEB_BROWSER"},"connectType":"WIFI_UNKNOWN","connectReason":"USER_ACTIVATED","device":2,"pull":true,"lidDbMigrated":false},"msg":"logging in..."}
{"level":30,"time":1774721863094,"pid":70310,"hostname":"Mac.home","msg":"5 pre-keys found on server"}
{"level":30,"time":1774721863094,"pid":70310,"hostname":"Mac.home","msg":"Current prekey ID: 3037, exists in storage: true"}
{"level":30,"time":1774721863094,"pid":70310,"hostname":"Mac.home","msg":"Uploading PreKeys due to: server count low (5)"}
{"level":30,"time":1774721863094,"pid":70310,"hostname":"Mac.home","count":5,"retryCount":0,"msg":"uploading pre-keys"}
{"level":30,"time":1774721863534,"pid":70310,"hostname":"Mac.home","count":5,"msg":"uploaded pre-keys successfully"}
{"level":30,"time":1774721863808,"pid":70310,"hostname":"Mac.home","msg":"handled 0 offline messages/notifications"}
{"level":30,"time":1774721863808,"pid":70310,"hostname":"Mac.home","msg":"Connection is now AwaitingInitialSync, buffering events"}
{"level":30,"time":1774721863808,"pid":70310,"hostname":"Mac.home","msg":"History sync is disabled by config, not waiting for notification. Transitioning to Online."}
{"level":30,"time":1774721864018,"pid":70310,"hostname":"Mac.home","msg":"opened connection to WA"}
[WhatsApp] ✅ Bağlantı başarılı!
{"level":30,"time":1774721864036,"pid":70310,"hostname":"Mac.home","myPN":"905333559848:2@s.whatsapp.net","myLID":"129879995613400:2@lid","msg":"Own LID session created successfully"}
{"level":50,"time":1774721868627,"pid":70310,"hostname":"Mac.home","reasonNode":{"tag":"conflict","attrs":{"type":"replaced"}},"fullErrorNode":{"tag":"stream:error","attrs":{},"content":[{"tag":"conflict","attrs":{"type":"replaced"}}]},"msg":"stream errored out"}
{"level":30,"time":1774721868628,"pid":70310,"hostname":"Mac.home","trace":"Error: Stream Errored (conflict)\n    at WebSocketClient.<anonymous> (file:///Users/salihozgen/Desktop/psikolog-projesi/node_modules/@whiskeysockets/baileys/lib/Socket/socket.js:780:13)\n    at WebSocketClient.emit (node:events:518:28)\n    at file:///Users/salihozgen/Desktop/psikolog-projesi/node_modules/@whiskeysockets/baileys/lib/Socket/socket.js:464:35\n    at Object.decodeFrame (file:///Users/salihozgen/Desktop/psikolog-projesi/node_modules/@whiskeysockets/baileys/lib/Utils/noise-handler.js:141:17)\n    at process.processTicksAndRejections (node:internal/process/task_queues:105:5)\n    at async WebSocketClient.onMessageReceived (file:///Users/salihozgen/Desktop/psikolog-projesi/node_modules/@whiskeysockets/baileys/lib/Socket/socket.js:441:9)","msg":"connection errored"}
[WhatsApp] Bot süreci başlatılıyor...
{"level":30,"time":1774721874029,"pid":70310,"hostname":"Mac.home","browser":["Ubuntu","Chrome","122.0.0"],"helloMsg":{"clientHello":{"ephemeral":"a81ZhZt/4H7x6dg2eL3A9Eg/MEbiFpOkShftLEzTCm8="}},"msg":"connected to WA"}
{"level":30,"time":1774721874242,"pid":70310,"hostname":"Mac.home","node":{"username":"905333559848","passive":true,"userAgent":{"platform":"WEB","appVersion":{"primary":2,"secondary":3000,"tertiary":1035194821},"mcc":"000","mnc":"000","osVersion":"0.1","device":"Desktop","osBuildNumber":"0.1","releaseChannel":"RELEASE","localeLanguageIso6391":"en","localeCountryIso31661Alpha2":"US"},"webInfo":{"webSubPlatform":"WEB_BROWSER"},"connectType":"WIFI_UNKNOWN","connectReason":"USER_ACTIVATED","device":2,"pull":true,"lidDbMigrated":false},"msg":"logging in..."}
{"level":30,"time":1774721874775,"pid":70310,"hostname":"Mac.home","msg":"5 pre-keys found on server"}
{"level":30,"time":1774721874775,"pid":70310,"hostname":"Mac.home","msg":"Current prekey ID: 3047, exists in storage: true"}
{"level":30,"time":1774721874775,"pid":70310,"hostname":"Mac.home","msg":"Uploading PreKeys due to: server count low (5)"}
{"level":30,"time":1774721874775,"pid":70310,"hostname":"Mac.home","count":5,"retryCount":0,"msg":"uploading pre-keys"}
{"level":30,"time":1774721875206,"pid":70310,"hostname":"Mac.home","count":5,"msg":"uploaded pre-keys successfully"}
{"level":30,"time":1774721875477,"pid":70310,"hostname":"Mac.home","msg":"handled 0 offline messages/notifications"}
{"level":30,"time":1774721875477,"pid":70310,"hostname":"Mac.home","msg":"Connection is now AwaitingInitialSync, buffering events"}
{"level":30,"time":1774721875477,"pid":70310,"hostname":"Mac.home","msg":"History sync is disabled by config, not waiting for notification. Transitioning to Online."}
{"level":30,"time":1774721875684,"pid":70310,"hostname":"Mac.home","msg":"opened connection to WA"}
[WhatsApp] ✅ Bağlantı başarılı!
{"level":30,"time":1774721875701,"pid":70310,"hostname":"Mac.home","myPN":"905333559848:2@s.whatsapp.net","myLID":"129879995613400:2@lid","msg":"Own LID session created successfully"}
{"level":50,"time":1774721880420,"pid":70310,"hostname":"Mac.home","reasonNode":{"tag":"conflict","attrs":{"type":"replaced"}},"fullErrorNode":{"tag":"stream:error","attrs":{},"content":[{"tag":"conflict","attrs":{"type":"replaced"}}]},"msg":"stream errored out"}
{"level":30,"time":1774721880420,"pid":70310,"hostname":"Mac.home","trace":"Error: Stream Errored (conflict)\n    at WebSocketClient.<anonymous> (file:///Users/salihozgen/Desktop/psikolog-projesi/node_modules/@whiskeysockets/baileys/lib/Socket/socket.js:780:13)\n    at WebSocketClient.emit (node:events:518:28)\n    at file:///Users/salihozgen/Desktop/psikolog-projesi/node_modules/@whiskeysockets/baileys/lib/Socket/socket.js:464:35\n    at Object.decodeFrame (file:///Users/salihozgen/Desktop/psikolog-projesi/node_modules/@whiskeysockets/baileys/lib/Utils/noise-handler.js:141:17)\n    at process.processTicksAndRejections (node:internal/process/task_queues:105:5)\n    at async WebSocketClient.onMessageReceived (file:///Users/salihozgen/Desktop/psikolog-projesi/node_modules/@whiskeysockets/baileys/lib/Socket/socket.js:441:9)","msg":"connection errored"}
[WhatsApp] Bot süreci başlatılıyor...
{"level":30,"time":1774721885678,"pid":70310,"hostname":"Mac.home","browser":["Ubuntu","Chrome","122.0.0"],"helloMsg":{"clientHello":{"ephemeral":"Bj3abKiP4KWb/8JlAC/vzckm+Ro9rKwHDqOLM+Jd3Xc="}},"msg":"connected to WA"}
{"level":30,"time":1774721885761,"pid":70310,"hostname":"Mac.home","node":{"username":"905333559848","passive":true,"userAgent":{"platform":"WEB","appVersion":{"primary":2,"secondary":3000,"tertiary":1035194821},"mcc":"000","mnc":"000","osVersion":"0.1","device":"Desktop","osBuildNumber":"0.1","releaseChannel":"RELEASE","localeLanguageIso6391":"en","localeCountryIso31661Alpha2":"US"},"webInfo":{"webSubPlatform":"WEB_BROWSER"},"connectType":"WIFI_UNKNOWN","connectReason":"USER_ACTIVATED","device":2,"pull":true,"lidDbMigrated":false},"msg":"logging in..."}
{"level":30,"time":1774721886292,"pid":70310,"hostname":"Mac.home","msg":"5 pre-keys found on server"}
{"level":30,"time":1774721886292,"pid":70310,"hostname":"Mac.home","msg":"Current prekey ID: 3057, exists in storage: true"}
{"level":30,"time":1774721886292,"pid":70310,"hostname":"Mac.home","msg":"Uploading PreKeys due to: server count low (5)"}
{"level":30,"time":1774721886292,"pid":70310,"hostname":"Mac.home","count":5,"retryCount":0,"msg":"uploading pre-keys"}
{"level":30,"time":1774721886696,"pid":70310,"hostname":"Mac.home","count":5,"msg":"uploaded pre-keys successfully"}
{"level":30,"time":1774721886906,"pid":70310,"hostname":"Mac.home","msg":"handled 0 offline messages/notifications"}
{"level":30,"time":1774721886906,"pid":70310,"hostname":"Mac.home","msg":"Connection is now AwaitingInitialSync, buffering events"}
{"level":30,"time":1774721886906,"pid":70310,"hostname":"Mac.home","msg":"History sync is disabled by config, not waiting for notification. Transitioning to Online."}
{"level":30,"time":1774721887098,"pid":70310,"hostname":"Mac.home","msg":"opened connection to WA"}
[WhatsApp] ✅ Bağlantı başarılı!
{"level":30,"time":1774721887103,"pid":70310,"hostname":"Mac.home","myPN":"905333559848:2@s.whatsapp.net","myLID":"129879995613400:2@lid","msg":"Own LID session created successfully"}
{"level":50,"time":1774721891691,"pid":70310,"hostname":"Mac.home","reasonNode":{"tag":"conflict","attrs":{"type":"replaced"}},"fullErrorNode":{"tag":"stream:error","attrs":{},"content":[{"tag":"conflict","attrs":{"type":"replaced"}}]},"msg":"stream errored out"}
{"level":30,"time":1774721891692,"pid":70310,"hostname":"Mac.home","trace":"Error: Stream Errored (conflict)\n    at WebSocketClient.<anonymous> (file:///Users/salihozgen/Desktop/psikolog-projesi/node_modules/@whiskeysockets/baileys/lib/Socket/socket.js:780:13)\n    at WebSocketClient.emit (node:events:518:28)\n    at file:///Users/salihozgen/Desktop/psikolog-projesi/node_modules/@whiskeysockets/baileys/lib/Socket/socket.js:464:35\n    at Object.decodeFrame (file:///Users/salihozgen/Desktop/psikolog-projesi/node_modules/@whiskeysockets/baileys/lib/Utils/noise-handler.js:141:17)\n    at process.processTicksAndRejections (node:internal/process/task_queues:105:5)\n    at async WebSocketClient.onMessageReceived (file:///Users/salihozgen/Desktop/psikolog-projesi/node_modules/@whiskeysockets/baileys/lib/Socket/socket.js:441:9)","msg":"connection errored"}
[WhatsApp] Bot süreci başlatılıyor...
{"level":30,"time":1774721897066,"pid":70310,"hostname":"Mac.home","browser":["Ubuntu","Chrome","122.0.0"],"helloMsg":{"clientHello":{"ephemeral":"1hUUJvBT45i/wUa9riMK2kL5ueFNryO9G3p3vaF/8AY="}},"msg":"connected to WA"}
{"level":30,"time":1774721897269,"pid":70310,"hostname":"Mac.home","node":{"username":"905333559848","passive":true,"userAgent":{"platform":"WEB","appVersion":{"primary":2,"secondary":3000,"tertiary":1035194821},"mcc":"000","mnc":"000","osVersion":"0.1","device":"Desktop","osBuildNumber":"0.1","releaseChannel":"RELEASE","localeLanguageIso6391":"en","localeCountryIso31661Alpha2":"US"},"webInfo":{"webSubPlatform":"WEB_BROWSER"},"connectType":"WIFI_UNKNOWN","connectReason":"USER_ACTIVATED","device":2,"pull":true,"lidDbMigrated":false},"msg":"logging in..."}
{"level":30,"time":1774721897745,"pid":70310,"hostname":"Mac.home","msg":"5 pre-keys found on server"}
{"level":30,"time":1774721897745,"pid":70310,"hostname":"Mac.home","msg":"Current prekey ID: 3067, exists in storage: true"}
{"level":30,"time":1774721897745,"pid":70310,"hostname":"Mac.home","msg":"Uploading PreKeys due to: server count low (5)"}
{"level":30,"time":1774721897745,"pid":70310,"hostname":"Mac.home","count":5,"retryCount":0,"msg":"uploading pre-keys"}
{"level":30,"time":1774721898088,"pid":70310,"hostname":"Mac.home","count":5,"msg":"uploaded pre-keys successfully"}
{"level":30,"time":1774721898331,"pid":70310,"hostname":"Mac.home","msg":"handled 0 offline messages/notifications"}
{"level":30,"time":1774721898331,"pid":70310,"hostname":"Mac.home","msg":"Connection is now AwaitingInitialSync, buffering events"}
{"level":30,"time":1774721898331,"pid":70310,"hostname":"Mac.home","msg":"History sync is disabled by config, not waiting for notification. Transitioning to Online."}
{"level":30,"time":1774721898520,"pid":70310,"hostname":"Mac.home","msg":"opened connection to WA"}
[WhatsApp] ✅ Bağlantı başarılı!
{"level":30,"time":1774721898534,"pid":70310,"hostname":"Mac.home","myPN":"905333559848:2@s.whatsapp.net","myLID":"129879995613400:2@lid","msg":"Own LID session created successfully"}
{"level":50,"time":1774721903630,"pid":70310,"hostname":"Mac.home","reasonNode":{"tag":"conflict","attrs":{"type":"replaced"}},"fullErrorNode":{"tag":"stream:error","attrs":{},"content":[{"tag":"conflict","attrs":{"type":"replaced"}}]},"msg":"stream errored out"}
{"level":30,"time":1774721903630,"pid":70310,"hostname":"Mac.home","trace":"Error: Stream Errored (conflict)\n    at WebSocketClient.<anonymous> (file:///Users/salihozgen/Desktop/psikolog-projesi/node_modules/@whiskeysockets/baileys/lib/Socket/socket.js:780:13)\n    at WebSocketClient.emit (node:events:518:28)\n    at file:///Users/salihozgen/Desktop/psikolog-projesi/node_modules/@whiskeysockets/baileys/lib/Socket/socket.js:464:35\n    at Object.decodeFrame (file:///Users/salihozgen/Desktop/psikolog-projesi/node_modules/@whiskeysockets/baileys/lib/Utils/noise-handler.js:141:17)\n    at process.processTicksAndRejections (node:internal/process/task_queues:105:5)\n    at async WebSocketClient.onMessageReceived (file:///Users/salihozgen/Desktop/psikolog-projesi/node_modules/@whiskeysockets/baileys/lib/Socket/socket.js:441:9)","msg":"connection errored"}
[WhatsApp] Bot süreci başlatılıyor...
{"level":30,"time":1774721908995,"pid":70310,"hostname":"Mac.home","browser":["Ubuntu","Chrome","122.0.0"],"helloMsg":{"clientHello":{"ephemeral":"mF690xvrAYO1+LlLpiCvl8vNYWJRwRwmKgvwJ4ymgSw="}},"msg":"connected to WA"}
{"level":30,"time":1774721909176,"pid":70310,"hostname":"Mac.home","node":{"username":"905333559848","passive":true,"userAgent":{"platform":"WEB","appVersion":{"primary":2,"secondary":3000,"tertiary":1035194821},"mcc":"000","mnc":"000","osVersion":"0.1","device":"Desktop","osBuildNumber":"0.1","releaseChannel":"RELEASE","localeLanguageIso6391":"en","localeCountryIso31661Alpha2":"US"},"webInfo":{"webSubPlatform":"WEB_BROWSER"},"connectType":"WIFI_UNKNOWN","connectReason":"USER_ACTIVATED","device":2,"pull":true,"lidDbMigrated":false},"msg":"logging in..."}
{"level":30,"time":1774721909583,"pid":70310,"hostname":"Mac.home","msg":"5 pre-keys found on server"}
{"level":30,"time":1774721909583,"pid":70310,"hostname":"Mac.home","msg":"Current prekey ID: 3077, exists in storage: true"}
{"level":30,"time":1774721909583,"pid":70310,"hostname":"Mac.home","msg":"Uploading PreKeys due to: server count low (5)"}
{"level":30,"time":1774721909583,"pid":70310,"hostname":"Mac.home","count":5,"retryCount":0,"msg":"uploading pre-keys"}
{"level":30,"time":1774721909882,"pid":70310,"hostname":"Mac.home","count":5,"msg":"uploaded pre-keys successfully"}
{"level":30,"time":1774721910079,"pid":70310,"hostname":"Mac.home","msg":"handled 0 offline messages/notifications"}
{"level":30,"time":1774721910079,"pid":70310,"hostname":"Mac.home","msg":"Connection is now AwaitingInitialSync, buffering events"}
{"level":30,"time":1774721910079,"pid":70310,"hostname":"Mac.home","msg":"History sync is disabled by config, not waiting for notification. Transitioning to Online."}
{"level":30,"time":1774721910253,"pid":70310,"hostname":"Mac.home","msg":"opened connection to WA"}
[WhatsApp] ✅ Bağlantı başarılı!
{"level":30,"time":1774721910268,"pid":70310,"hostname":"Mac.home","myPN":"905333559848:2@s.whatsapp.net","myLID":"129879995613400:2@lid","msg":"Own LID session created successfully"}
{"level":50,"time":1774721915343,"pid":70310,"hostname":"Mac.home","reasonNode":{"tag":"conflict","attrs":{"type":"replaced"}},"fullErrorNode":{"tag":"stream:error","attrs":{},"content":[{"tag":"conflict","attrs":{"type":"replaced"}}]},"msg":"stream errored out"}
{"level":30,"time":1774721915343,"pid":70310,"hostname":"Mac.home","trace":"Error: Stream Errored (conflict)\n    at WebSocketClient.<anonymous> (file:///Users/salihozgen/Desktop/psikolog-projesi/node_modules/@whiskeysockets/baileys/lib/Socket/socket.js:780:13)\n    at WebSocketClient.emit (node:events:518:28)\n    at file:///Users/salihozgen/Desktop/psikolog-projesi/node_modules/@whiskeysockets/baileys/lib/Socket/socket.js:464:35\n    at Object.decodeFrame (file:///Users/salihozgen/Desktop/psikolog-projesi/node_modules/@whiskeysockets/baileys/lib/Utils/noise-handler.js:141:17)\n    at process.processTicksAndRejections (node:internal/process/task_queues:105:5)\n    at async WebSocketClient.onMessageReceived (file:///Users/salihozgen/Desktop/psikolog-projesi/node_modules/@whiskeysockets/baileys/lib/Socket/socket.js:441:9)","msg":"connection errored"}
[WhatsApp] Bot süreci başlatılıyor...
{"level":30,"time":1774721920695,"pid":70310,"hostname":"Mac.home","browser":["Ubuntu","Chrome","122.0.0"],"helloMsg":{"clientHello":{"ephemeral":"l41NjmFKh82SfEajmibGiasH4PaETdEq++1b2PovNC0="}},"msg":"connected to WA"}
{"level":30,"time":1774721920861,"pid":70310,"hostname":"Mac.home","node":{"username":"905333559848","passive":true,"userAgent":{"platform":"WEB","appVersion":{"primary":2,"secondary":3000,"tertiary":1035194821},"mcc":"000","mnc":"000","osVersion":"0.1","device":"Desktop","osBuildNumber":"0.1","releaseChannel":"RELEASE","localeLanguageIso6391":"en","localeCountryIso31661Alpha2":"US"},"webInfo":{"webSubPlatform":"WEB_BROWSER"},"connectType":"WIFI_UNKNOWN","connectReason":"USER_ACTIVATED","device":2,"pull":true,"lidDbMigrated":false},"msg":"logging in..."}
{"level":30,"time":1774721921183,"pid":70310,"hostname":"Mac.home","msg":"5 pre-keys found on server"}
{"level":30,"time":1774721921183,"pid":70310,"hostname":"Mac.home","msg":"Current prekey ID: 3087, exists in storage: true"}
{"level":30,"time":1774721921183,"pid":70310,"hostname":"Mac.home","msg":"Uploading PreKeys due to: server count low (5)"}
{"level":30,"time":1774721921183,"pid":70310,"hostname":"Mac.home","count":5,"retryCount":0,"msg":"uploading pre-keys"}
{"level":30,"time":1774721921387,"pid":70310,"hostname":"Mac.home","count":5,"msg":"uploaded pre-keys successfully"}
{"level":30,"time":1774721921597,"pid":70310,"hostname":"Mac.home","msg":"handled 0 offline messages/notifications"}
{"level":30,"time":1774721921597,"pid":70310,"hostname":"Mac.home","msg":"Connection is now AwaitingInitialSync, buffering events"}
{"level":30,"time":1774721921597,"pid":70310,"hostname":"Mac.home","msg":"History sync is disabled by config, not waiting for notification. Transitioning to Online."}
{"level":30,"time":1774721921701,"pid":70310,"hostname":"Mac.home","msg":"opened connection to WA"}
[WhatsApp] ✅ Bağlantı başarılı!
{"level":30,"time":1774721921716,"pid":70310,"hostname":"Mac.home","myPN":"905333559848:2@s.whatsapp.net","myLID":"129879995613400:2@lid","msg":"Own LID session created successfully"}
{"level":50,"time":1774721927393,"pid":70310,"hostname":"Mac.home","reasonNode":{"tag":"conflict","attrs":{"type":"replaced"}},"fullErrorNode":{"tag":"stream:error","attrs":{},"content":[{"tag":"conflict","attrs":{"type":"replaced"}}]},"msg":"stream errored out"}
{"level":30,"time":1774721927394,"pid":70310,"hostname":"Mac.home","trace":"Error: Stream Errored (conflict)\n    at WebSocketClient.<anonymous> (file:///Users/salihozgen/Desktop/psikolog-projesi/node_modules/@whiskeysockets/baileys/lib/Socket/socket.js:780:13)\n    at WebSocketClient.emit (node:events:518:28)\n    at file:///Users/salihozgen/Desktop/psikolog-projesi/node_modules/@whiskeysockets/baileys/lib/Socket/socket.js:464:35\n    at Object.decodeFrame (file:///Users/salihozgen/Desktop/psikolog-projesi/node_modules/@whiskeysockets/baileys/lib/Utils/noise-handler.js:141:17)\n    at process.processTicksAndRejections (node:internal/process/task_queues:105:5)\n    at async WebSocketClient.onMessageReceived (file:///Users/salihozgen/Desktop/psikolog-projesi/node_modules/@whiskeysockets/baileys/lib/Socket/socket.js:441:9)","msg":"connection errored"}
[WhatsApp] Bot süreci başlatılıyor...
{"level":30,"time":1774721932752,"pid":70310,"hostname":"Mac.home","browser":["Ubuntu","Chrome","122.0.0"],"helloMsg":{"clientHello":{"ephemeral":"CDrZ3YCnvQObefQwgyrKajqLiiDRnpBobS7J3B8bmmA="}},"msg":"connected to WA"}
{"level":30,"time":1774721932917,"pid":70310,"hostname":"Mac.home","node":{"username":"905333559848","passive":true,"userAgent":{"platform":"WEB","appVersion":{"primary":2,"secondary":3000,"tertiary":1035194821},"mcc":"000","mnc":"000","osVersion":"0.1","device":"Desktop","osBuildNumber":"0.1","releaseChannel":"RELEASE","localeLanguageIso6391":"en","localeCountryIso31661Alpha2":"US"},"webInfo":{"webSubPlatform":"WEB_BROWSER"},"connectType":"WIFI_UNKNOWN","connectReason":"USER_ACTIVATED","device":2,"pull":true,"lidDbMigrated":false},"msg":"logging in..."}
{"level":30,"time":1774721933238,"pid":70310,"hostname":"Mac.home","msg":"5 pre-keys found on server"}
{"level":30,"time":1774721933238,"pid":70310,"hostname":"Mac.home","msg":"Current prekey ID: 3097, exists in storage: true"}
{"level":30,"time":1774721933238,"pid":70310,"hostname":"Mac.home","msg":"Uploading PreKeys due to: server count low (5)"}
{"level":30,"time":1774721933238,"pid":70310,"hostname":"Mac.home","count":5,"retryCount":0,"msg":"uploading pre-keys"}
{"level":30,"time":1774721933447,"pid":70310,"hostname":"Mac.home","count":5,"msg":"uploaded pre-keys successfully"}
{"level":30,"time":1774721933656,"pid":70310,"hostname":"Mac.home","msg":"handled 0 offline messages/notifications"}
{"level":30,"time":1774721933656,"pid":70310,"hostname":"Mac.home","msg":"Connection is now AwaitingInitialSync, buffering events"}
{"level":30,"time":1774721933656,"pid":70310,"hostname":"Mac.home","msg":"History sync is disabled by config, not waiting for notification. Transitioning to Online."}
{"level":30,"time":1774721933759,"pid":70310,"hostname":"Mac.home","msg":"opened connection to WA"}
[WhatsApp] ✅ Bağlantı başarılı!
{"level":30,"time":1774721933764,"pid":70310,"hostname":"Mac.home","myPN":"905333559848:2@s.whatsapp.net","myLID":"129879995613400:2@lid","msg":"Own LID session created successfully"}
{"level":50,"time":1774721938948,"pid":70310,"hostname":"Mac.home","reasonNode":{"tag":"conflict","attrs":{"type":"replaced"}},"fullErrorNode":{"tag":"stream:error","attrs":{},"content":[{"tag":"conflict","attrs":{"type":"replaced"}}]},"msg":"stream errored out"}
{"level":30,"time":1774721938949,"pid":70310,"hostname":"Mac.home","trace":"Error: Stream Errored (conflict)\n    at WebSocketClient.<anonymous> (file:///Users/salihozgen/Desktop/psikolog-projesi/node_modules/@whiskeysockets/baileys/lib/Socket/socket.js:780:13)\n    at WebSocketClient.emit (node:events:518:28)\n    at file:///Users/salihozgen/Desktop/psikolog-projesi/node_modules/@whiskeysockets/baileys/lib/Socket/socket.js:464:35\n    at Object.decodeFrame (file:///Users/salihozgen/Desktop/psikolog-projesi/node_modules/@whiskeysockets/baileys/lib/Utils/noise-handler.js:141:17)\n    at process.processTicksAndRejections (node:internal/process/task_queues:105:5)\n    at async WebSocketClient.onMessageReceived (file:///Users/salihozgen/Desktop/psikolog-projesi/node_modules/@whiskeysockets/baileys/lib/Socket/socket.js:441:9)","msg":"connection errored"}
[WhatsApp] Bot süreci başlatılıyor...
{"level":30,"time":1774721944301,"pid":70310,"hostname":"Mac.home","browser":["Ubuntu","Chrome","122.0.0"],"helloMsg":{"clientHello":{"ephemeral":"0AivWoMMwtSIzprVrPs1VAXhN0OwQMGlkXNFehMIDGk="}},"msg":"connected to WA"}
{"level":30,"time":1774721944467,"pid":70310,"hostname":"Mac.home","node":{"username":"905333559848","passive":true,"userAgent":{"platform":"WEB","appVersion":{"primary":2,"secondary":3000,"tertiary":1035194821},"mcc":"000","mnc":"000","osVersion":"0.1","device":"Desktop","osBuildNumber":"0.1","releaseChannel":"RELEASE","localeLanguageIso6391":"en","localeCountryIso31661Alpha2":"US"},"webInfo":{"webSubPlatform":"WEB_BROWSER"},"connectType":"WIFI_UNKNOWN","connectReason":"USER_ACTIVATED","device":2,"pull":true,"lidDbMigrated":false},"msg":"logging in..."}
{"level":30,"time":1774721944789,"pid":70310,"hostname":"Mac.home","msg":"5 pre-keys found on server"}
{"level":30,"time":1774721944790,"pid":70310,"hostname":"Mac.home","msg":"Current prekey ID: 3107, exists in storage: true"}
{"level":30,"time":1774721944790,"pid":70310,"hostname":"Mac.home","msg":"Uploading PreKeys due to: server count low (5)"}
{"level":30,"time":1774721944790,"pid":70310,"hostname":"Mac.home","count":5,"retryCount":0,"msg":"uploading pre-keys"}
{"level":30,"time":1774721944996,"pid":70310,"hostname":"Mac.home","count":5,"msg":"uploaded pre-keys successfully"}
{"level":30,"time":1774721945204,"pid":70310,"hostname":"Mac.home","msg":"handled 0 offline messages/notifications"}
{"level":30,"time":1774721945204,"pid":70310,"hostname":"Mac.home","msg":"Connection is now AwaitingInitialSync, buffering events"}
{"level":30,"time":1774721945204,"pid":70310,"hostname":"Mac.home","msg":"History sync is disabled by config, not waiting for notification. Transitioning to Online."}
{"level":30,"time":1774721945307,"pid":70310,"hostname":"Mac.home","msg":"opened connection to WA"}
[WhatsApp] ✅ Bağlantı başarılı!
{"level":30,"time":1774721945313,"pid":70310,"hostname":"Mac.home","myPN":"905333559848:2@s.whatsapp.net","myLID":"129879995613400:2@lid","msg":"Own LID session created successfully"}
{"level":50,"time":1774721950419,"pid":70310,"hostname":"Mac.home","reasonNode":{"tag":"conflict","attrs":{"type":"replaced"}},"fullErrorNode":{"tag":"stream:error","attrs":{},"content":[{"tag":"conflict","attrs":{"type":"replaced"}}]},"msg":"stream errored out"}
{"level":30,"time":1774721950420,"pid":70310,"hostname":"Mac.home","trace":"Error: Stream Errored (conflict)\n    at WebSocketClient.<anonymous> (file:///Users/salihozgen/Desktop/psikolog-projesi/node_modules/@whiskeysockets/baileys/lib/Socket/socket.js:780:13)\n    at WebSocketClient.emit (node:events:518:28)\n    at file:///Users/salihozgen/Desktop/psikolog-projesi/node_modules/@whiskeysockets/baileys/lib/Socket/socket.js:464:35\n    at Object.decodeFrame (file:///Users/salihozgen/Desktop/psikolog-projesi/node_modules/@whiskeysockets/baileys/lib/Utils/noise-handler.js:141:17)\n    at process.processTicksAndRejections (node:internal/process/task_queues:105:5)\n    at async WebSocketClient.onMessageReceived (file:///Users/salihozgen/Desktop/psikolog-projesi/node_modules/@whiskeysockets/baileys/lib/Socket/socket.js:441:9)","msg":"connection errored"}
[WhatsApp] Bot süreci başlatılıyor...
{"level":30,"time":1774721955671,"pid":70310,"hostname":"Mac.home","browser":["Ubuntu","Chrome","122.0.0"],"helloMsg":{"clientHello":{"ephemeral":"S7muMK1iqtoTFjhWjt0jkPj1tNP30RxwQTNj4kGg2Hc="}},"msg":"connected to WA"}
{"level":30,"time":1774721955760,"pid":70310,"hostname":"Mac.home","node":{"username":"905333559848","passive":true,"userAgent":{"platform":"WEB","appVersion":{"primary":2,"secondary":3000,"tertiary":1035194821},"mcc":"000","mnc":"000","osVersion":"0.1","device":"Desktop","osBuildNumber":"0.1","releaseChannel":"RELEASE","localeLanguageIso6391":"en","localeCountryIso31661Alpha2":"US"},"webInfo":{"webSubPlatform":"WEB_BROWSER"},"connectType":"WIFI_UNKNOWN","connectReason":"USER_ACTIVATED","device":2,"pull":true,"lidDbMigrated":false},"msg":"logging in..."}
{"level":30,"time":1774721956428,"pid":70310,"hostname":"Mac.home","msg":"5 pre-keys found on server"}
{"level":30,"time":1774721956428,"pid":70310,"hostname":"Mac.home","msg":"Current prekey ID: 3117, exists in storage: true"}
{"level":30,"time":1774721956428,"pid":70310,"hostname":"Mac.home","msg":"Uploading PreKeys due to: server count low (5)"}
{"level":30,"time":1774721956428,"pid":70310,"hostname":"Mac.home","count":5,"retryCount":0,"msg":"uploading pre-keys"}
{"level":30,"time":1774721957007,"pid":70310,"hostname":"Mac.home","count":5,"msg":"uploaded pre-keys successfully"}
{"level":30,"time":1774721957213,"pid":70310,"hostname":"Mac.home","msg":"handled 0 offline messages/notifications"}
{"level":30,"time":1774721957213,"pid":70310,"hostname":"Mac.home","msg":"Connection is now AwaitingInitialSync, buffering events"}
{"level":30,"time":1774721957213,"pid":70310,"hostname":"Mac.home","msg":"History sync is disabled by config, not waiting for notification. Transitioning to Online."}
{"level":30,"time":1774721957264,"pid":70310,"hostname":"Mac.home","msg":"opened connection to WA"}
[WhatsApp] ✅ Bağlantı başarılı!
{"level":30,"time":1774721957283,"pid":70310,"hostname":"Mac.home","myPN":"905333559848:2@s.whatsapp.net","myLID":"129879995613400:2@lid","msg":"Own LID session created successfully"}
{"level":50,"time":1774721961607,"pid":70310,"hostname":"Mac.home","reasonNode":{"tag":"conflict","attrs":{"type":"replaced"}},"fullErrorNode":{"tag":"stream:error","attrs":{},"content":[{"tag":"conflict","attrs":{"type":"replaced"}}]},"msg":"stream errored out"}
{"level":30,"time":1774721961607,"pid":70310,"hostname":"Mac.home","trace":"Error: Stream Errored (conflict)\n    at WebSocketClient.<anonymous> (file:///Users/salihozgen/Desktop/psikolog-projesi/node_modules/@whiskeysockets/baileys/lib/Socket/socket.js:780:13)\n    at WebSocketClient.emit (node:events:518:28)\n    at file:///Users/salihozgen/Desktop/psikolog-projesi/node_modules/@whiskeysockets/baileys/lib/Socket/socket.js:464:35\n    at Object.decodeFrame (file:///Users/salihozgen/Desktop/psikolog-projesi/node_modules/@whiskeysockets/baileys/lib/Utils/noise-handler.js:141:17)\n    at process.processTicksAndRejections (node:internal/process/task_queues:105:5)\n    at async WebSocketClient.onMessageReceived (file:///Users/salihozgen/Desktop/psikolog-projesi/node_modules/@whiskeysockets/baileys/lib/Socket/socket.js:441:9)","msg":"connection errored"}
[WhatsApp] Bot süreci başlatılıyor...
{"level":30,"time":1774721966986,"pid":70310,"hostname":"Mac.home","browser":["Ubuntu","Chrome","122.0.0"],"helloMsg":{"clientHello":{"ephemeral":"6XMOMx2h3AChKIWo4NCCMICwvWhHMOmBd5hLqRXQJ1g="}},"msg":"connected to WA"}
{"level":30,"time":1774721967202,"pid":70310,"hostname":"Mac.home","node":{"username":"905333559848","passive":true,"userAgent":{"platform":"WEB","appVersion":{"primary":2,"secondary":3000,"tertiary":1035194821},"mcc":"000","mnc":"000","osVersion":"0.1","device":"Desktop","osBuildNumber":"0.1","releaseChannel":"RELEASE","localeLanguageIso6391":"en","localeCountryIso31661Alpha2":"US"},"webInfo":{"webSubPlatform":"WEB_BROWSER"},"connectType":"WIFI_UNKNOWN","connectReason":"USER_ACTIVATED","device":2,"pull":true,"lidDbMigrated":false},"msg":"logging in..."}
{"level":30,"time":1774721967880,"pid":70310,"hostname":"Mac.home","msg":"4 pre-keys found on server"}
{"level":30,"time":1774721967880,"pid":70310,"hostname":"Mac.home","msg":"Current prekey ID: 3127, exists in storage: true"}
{"level":30,"time":1774721967880,"pid":70310,"hostname":"Mac.home","msg":"Uploading PreKeys due to: server count low (4)"}
{"level":30,"time":1774721967880,"pid":70310,"hostname":"Mac.home","count":5,"retryCount":0,"msg":"uploading pre-keys"}
{"level":30,"time":1774721968327,"pid":70310,"hostname":"Mac.home","count":5,"msg":"uploaded pre-keys successfully"}
{"level":30,"time":1774721968600,"pid":70310,"hostname":"Mac.home","msg":"handled 0 offline messages/notifications"}
{"level":30,"time":1774721968600,"pid":70310,"hostname":"Mac.home","msg":"Connection is now AwaitingInitialSync, buffering events"}
{"level":30,"time":1774721968600,"pid":70310,"hostname":"Mac.home","msg":"History sync is disabled by config, not waiting for notification. Transitioning to Online."}
{"level":30,"time":1774721968808,"pid":70310,"hostname":"Mac.home","msg":"opened connection to WA"}
[WhatsApp] ✅ Bağlantı başarılı!
{"level":30,"time":1774721968814,"pid":70310,"hostname":"Mac.home","myPN":"905333559848:2@s.whatsapp.net","myLID":"129879995613400:2@lid","msg":"Own LID session created successfully"}
{"level":50,"time":1774721973425,"pid":70310,"hostname":"Mac.home","reasonNode":{"tag":"conflict","attrs":{"type":"replaced"}},"fullErrorNode":{"tag":"stream:error","attrs":{},"content":[{"tag":"conflict","attrs":{"type":"replaced"}}]},"msg":"stream errored out"}
{"level":30,"time":1774721973425,"pid":70310,"hostname":"Mac.home","trace":"Error: Stream Errored (conflict)\n    at WebSocketClient.<anonymous> (file:///Users/salihozgen/Desktop/psikolog-projesi/node_modules/@whiskeysockets/baileys/lib/Socket/socket.js:780:13)\n    at WebSocketClient.emit (node:events:518:28)\n    at file:///Users/salihozgen/Desktop/psikolog-projesi/node_modules/@whiskeysockets/baileys/lib/Socket/socket.js:464:35\n    at Object.decodeFrame (file:///Users/salihozgen/Desktop/psikolog-projesi/node_modules/@whiskeysockets/baileys/lib/Utils/noise-handler.js:141:17)\n    at process.processTicksAndRejections (node:internal/process/task_queues:105:5)\n    at async WebSocketClient.onMessageReceived (file:///Users/salihozgen/Desktop/psikolog-projesi/node_modules/@whiskeysockets/baileys/lib/Socket/socket.js:441:9)","msg":"connection errored"}
[WhatsApp] Bot süreci başlatılıyor...
{"level":30,"time":1774721978752,"pid":70310,"hostname":"Mac.home","browser":["Ubuntu","Chrome","122.0.0"],"helloMsg":{"clientHello":{"ephemeral":"clrwMRO5TbaqPLzUA7bZNT7SZzcgI5PX6gmCzOQELRU="}},"msg":"connected to WA"}
{"level":30,"time":1774721978913,"pid":70310,"hostname":"Mac.home","node":{"username":"905333559848","passive":true,"userAgent":{"platform":"WEB","appVersion":{"primary":2,"secondary":3000,"tertiary":1035194821},"mcc":"000","mnc":"000","osVersion":"0.1","device":"Desktop","osBuildNumber":"0.1","releaseChannel":"RELEASE","localeLanguageIso6391":"en","localeCountryIso31661Alpha2":"US"},"webInfo":{"webSubPlatform":"WEB_BROWSER"},"connectType":"WIFI_UNKNOWN","connectReason":"USER_ACTIVATED","device":2,"pull":true,"lidDbMigrated":false},"msg":"logging in..."}
{"level":30,"time":1774721979233,"pid":70310,"hostname":"Mac.home","msg":"5 pre-keys found on server"}
{"level":30,"time":1774721979233,"pid":70310,"hostname":"Mac.home","msg":"Current prekey ID: 3137, exists in storage: true"}
{"level":30,"time":1774721979233,"pid":70310,"hostname":"Mac.home","msg":"Uploading PreKeys due to: server count low (5)"}
{"level":30,"time":1774721979233,"pid":70310,"hostname":"Mac.home","count":5,"retryCount":0,"msg":"uploading pre-keys"}
{"level":30,"time":1774721979455,"pid":70310,"hostname":"Mac.home","count":5,"msg":"uploaded pre-keys successfully"}
{"level":30,"time":1774721979605,"pid":70310,"hostname":"Mac.home","msg":"handled 0 offline messages/notifications"}
{"level":30,"time":1774721979605,"pid":70310,"hostname":"Mac.home","msg":"Connection is now AwaitingInitialSync, buffering events"}
{"level":30,"time":1774721979605,"pid":70310,"hostname":"Mac.home","msg":"History sync is disabled by config, not waiting for notification. Transitioning to Online."}
{"level":30,"time":1774721979763,"pid":70310,"hostname":"Mac.home","msg":"opened connection to WA"}
[WhatsApp] ✅ Bağlantı başarılı!
{"level":30,"time":1774721979785,"pid":70310,"hostname":"Mac.home","myPN":"905333559848:2@s.whatsapp.net","myLID":"129879995613400:2@lid","msg":"Own LID session created successfully"}
{"level":50,"time":1774721984824,"pid":70310,"hostname":"Mac.home","reasonNode":{"tag":"conflict","attrs":{"type":"replaced"}},"fullErrorNode":{"tag":"stream:error","attrs":{},"content":[{"tag":"conflict","attrs":{"type":"replaced"}}]},"msg":"stream errored out"}
{"level":30,"time":1774721984824,"pid":70310,"hostname":"Mac.home","trace":"Error: Stream Errored (conflict)\n    at WebSocketClient.<anonymous> (file:///Users/salihozgen/Desktop/psikolog-projesi/node_modules/@whiskeysockets/baileys/lib/Socket/socket.js:780:13)\n    at WebSocketClient.emit (node:events:518:28)\n    at file:///Users/salihozgen/Desktop/psikolog-projesi/node_modules/@whiskeysockets/baileys/lib/Socket/socket.js:464:35\n    at Object.decodeFrame (file:///Users/salihozgen/Desktop/psikolog-projesi/node_modules/@whiskeysockets/baileys/lib/Utils/noise-handler.js:141:17)\n    at process.processTicksAndRejections (node:internal/process/task_queues:105:5)\n    at async WebSocketClient.onMessageReceived (file:///Users/salihozgen/Desktop/psikolog-projesi/node_modules/@whiskeysockets/baileys/lib/Socket/socket.js:441:9)","msg":"connection errored"}
[WhatsApp] Bot süreci başlatılıyor...
{"level":30,"time":1774721990219,"pid":70310,"hostname":"Mac.home","browser":["Ubuntu","Chrome","122.0.0"],"helloMsg":{"clientHello":{"ephemeral":"Ng3VGCP4KVipMboE/zpeEXIb6VGOpZhY9vfScBDl2VA="}},"msg":"connected to WA"}
{"level":30,"time":1774721990422,"pid":70310,"hostname":"Mac.home","node":{"username":"905333559848","passive":true,"userAgent":{"platform":"WEB","appVersion":{"primary":2,"secondary":3000,"tertiary":1035194821},"mcc":"000","mnc":"000","osVersion":"0.1","device":"Desktop","osBuildNumber":"0.1","releaseChannel":"RELEASE","localeLanguageIso6391":"en","localeCountryIso31661Alpha2":"US"},"webInfo":{"webSubPlatform":"WEB_BROWSER"},"connectType":"WIFI_UNKNOWN","connectReason":"USER_ACTIVATED","device":2,"pull":true,"lidDbMigrated":false},"msg":"logging in..."}
{"level":30,"time":1774721990893,"pid":70310,"hostname":"Mac.home","msg":"5 pre-keys found on server"}
{"level":30,"time":1774721990893,"pid":70310,"hostname":"Mac.home","msg":"Current prekey ID: 3147, exists in storage: true"}
{"level":30,"time":1774721990893,"pid":70310,"hostname":"Mac.home","msg":"Uploading PreKeys due to: server count low (5)"}
{"level":30,"time":1774721990893,"pid":70310,"hostname":"Mac.home","count":5,"retryCount":0,"msg":"uploading pre-keys"}
{"level":30,"time":1774721991243,"pid":70310,"hostname":"Mac.home","count":5,"msg":"uploaded pre-keys successfully"}
{"level":30,"time":1774721991481,"pid":70310,"hostname":"Mac.home","msg":"handled 0 offline messages/notifications"}
{"level":30,"time":1774721991481,"pid":70310,"hostname":"Mac.home","msg":"Connection is now AwaitingInitialSync, buffering events"}
{"level":30,"time":1774721991481,"pid":70310,"hostname":"Mac.home","msg":"History sync is disabled by config, not waiting for notification. Transitioning to Online."}
{"level":30,"time":1774721991662,"pid":70310,"hostname":"Mac.home","msg":"opened connection to WA"}
[WhatsApp] ✅ Bağlantı başarılı!
{"level":30,"time":1774721991672,"pid":70310,"hostname":"Mac.home","myPN":"905333559848:2@s.whatsapp.net","myLID":"129879995613400:2@lid","msg":"Own LID session created successfully"}
[WhatsApp] Gemini Error: GoogleGenerativeAIFetchError: [GoogleGenerativeAI Error]: Error fetching from https://generativelanguage.googleapis.com/v1beta/models/gemini-1.5-flash:generateContent: [404 Not Found] models/gemini-1.5-flash is not found for API version v1beta, or is not supported for generateContent. Call ListModels to see the list of available models and their supported methods.
    at handleResponseNotOk (/Users/salihozgen/Desktop/psikolog-projesi/node_modules/@google/generative-ai/dist/index.js:434:11)
    at process.processTicksAndRejections (node:internal/process/task_queues:105:5)
    at async makeRequest (/Users/salihozgen/Desktop/psikolog-projesi/node_modules/@google/generative-ai/dist/index.js:403:9)
    at async generateContent (/Users/salihozgen/Desktop/psikolog-projesi/node_modules/@google/generative-ai/dist/index.js:867:22)
    at async ChatSession.sendMessage (/Users/salihozgen/Desktop/psikolog-projesi/node_modules/@google/generative-ai/dist/index.js:1210:9)
    at async EventEmitter.<anonymous> (/Users/salihozgen/Desktop/psikolog-projesi/server/whatsapp-bot.js:335:30) {
  status: 404,
  statusText: 'Not Found',
  errorDetails: undefined
}
{"level":50,"time":1774721996608,"pid":70310,"hostname":"Mac.home","reasonNode":{"tag":"conflict","attrs":{"type":"replaced"}},"fullErrorNode":{"tag":"stream:error","attrs":{},"content":[{"tag":"conflict","attrs":{"type":"replaced"}}]},"msg":"stream errored out"}
{"level":30,"time":1774721996609,"pid":70310,"hostname":"Mac.home","trace":"Error: Stream Errored (conflict)\n    at WebSocketClient.<anonymous> (file:///Users/salihozgen/Desktop/psikolog-projesi/node_modules/@whiskeysockets/baileys/lib/Socket/socket.js:780:13)\n    at WebSocketClient.emit (node:events:518:28)\n    at file:///Users/salihozgen/Desktop/psikolog-projesi/node_modules/@whiskeysockets/baileys/lib/Socket/socket.js:464:35\n    at Object.decodeFrame (file:///Users/salihozgen/Desktop/psikolog-projesi/node_modules/@whiskeysockets/baileys/lib/Utils/noise-handler.js:141:17)\n    at process.processTicksAndRejections (node:internal/process/task_queues:105:5)\n    at async WebSocketClient.onMessageReceived (file:///Users/salihozgen/Desktop/psikolog-projesi/node_modules/@whiskeysockets/baileys/lib/Socket/socket.js:441:9)","msg":"connection errored"}
[WhatsApp] Bot süreci başlatılıyor...
{"level":30,"time":1774722001884,"pid":70310,"hostname":"Mac.home","browser":["Ubuntu","Chrome","122.0.0"],"helloMsg":{"clientHello":{"ephemeral":"zpqlS5ShKdDRCAq+K1lPpX0orpaT2P8CKLaLTgnMdks="}},"msg":"connected to WA"}
{"level":30,"time":1774722001968,"pid":70310,"hostname":"Mac.home","node":{"username":"905333559848","passive":true,"userAgent":{"platform":"WEB","appVersion":{"primary":2,"secondary":3000,"tertiary":1035194821},"mcc":"000","mnc":"000","osVersion":"0.1","device":"Desktop","osBuildNumber":"0.1","releaseChannel":"RELEASE","localeLanguageIso6391":"en","localeCountryIso31661Alpha2":"US"},"webInfo":{"webSubPlatform":"WEB_BROWSER"},"connectType":"WIFI_UNKNOWN","connectReason":"USER_ACTIVATED","device":2,"pull":true,"lidDbMigrated":false},"msg":"logging in..."}
{"level":30,"time":1774722002702,"pid":70310,"hostname":"Mac.home","msg":"5 pre-keys found on server"}
{"level":30,"time":1774722002702,"pid":70310,"hostname":"Mac.home","msg":"Current prekey ID: 3157, exists in storage: true"}
{"level":30,"time":1774722002702,"pid":70310,"hostname":"Mac.home","msg":"Uploading PreKeys due to: server count low (5)"}
{"level":30,"time":1774722002702,"pid":70310,"hostname":"Mac.home","count":5,"retryCount":0,"msg":"uploading pre-keys"}
{"level":30,"time":1774722003319,"pid":70310,"hostname":"Mac.home","count":5,"msg":"uploaded pre-keys successfully"}
{"level":30,"time":1774722003530,"pid":70310,"hostname":"Mac.home","msg":"handled 0 offline messages/notifications"}
{"level":30,"time":1774722003530,"pid":70310,"hostname":"Mac.home","msg":"Connection is now AwaitingInitialSync, buffering events"}
{"level":30,"time":1774722003530,"pid":70310,"hostname":"Mac.home","msg":"History sync is disabled by config, not waiting for notification. Transitioning to Online."}
{"level":30,"time":1774722003563,"pid":70310,"hostname":"Mac.home","msg":"opened connection to WA"}
[WhatsApp] ✅ Bağlantı başarılı!
{"level":30,"time":1774722003572,"pid":70310,"hostname":"Mac.home","myPN":"905333559848:2@s.whatsapp.net","myLID":"129879995613400:2@lid","msg":"Own LID session created successfully"}
{"level":50,"time":1774722007918,"pid":70310,"hostname":"Mac.home","reasonNode":{"tag":"conflict","attrs":{"type":"replaced"}},"fullErrorNode":{"tag":"stream:error","attrs":{},"content":[{"tag":"conflict","attrs":{"type":"replaced"}}]},"msg":"stream errored out"}
{"level":30,"time":1774722007919,"pid":70310,"hostname":"Mac.home","trace":"Error: Stream Errored (conflict)\n    at WebSocketClient.<anonymous> (file:///Users/salihozgen/Desktop/psikolog-projesi/node_modules/@whiskeysockets/baileys/lib/Socket/socket.js:780:13)\n    at WebSocketClient.emit (node:events:518:28)\n    at file:///Users/salihozgen/Desktop/psikolog-projesi/node_modules/@whiskeysockets/baileys/lib/Socket/socket.js:464:35\n    at Object.decodeFrame (file:///Users/salihozgen/Desktop/psikolog-projesi/node_modules/@whiskeysockets/baileys/lib/Utils/noise-handler.js:141:17)\n    at process.processTicksAndRejections (node:internal/process/task_queues:105:5)\n    at async WebSocketClient.onMessageReceived (file:///Users/salihozgen/Desktop/psikolog-projesi/node_modules/@whiskeysockets/baileys/lib/Socket/socket.js:441:9)","msg":"connection errored"}
[WhatsApp] Bot süreci başlatılıyor...
{"level":30,"time":1774722013538,"pid":70310,"hostname":"Mac.home","browser":["Ubuntu","Chrome","122.0.0"],"helloMsg":{"clientHello":{"ephemeral":"eAgm/ALPqfCUYZRmX3DTRlThCqwPEoXiKhkNg8pWNSY="}},"msg":"connected to WA"}
{"level":30,"time":1774722013698,"pid":70310,"hostname":"Mac.home","node":{"username":"905333559848","passive":true,"userAgent":{"platform":"WEB","appVersion":{"primary":2,"secondary":3000,"tertiary":1035194821},"mcc":"000","mnc":"000","osVersion":"0.1","device":"Desktop","osBuildNumber":"0.1","releaseChannel":"RELEASE","localeLanguageIso6391":"en","localeCountryIso31661Alpha2":"US"},"webInfo":{"webSubPlatform":"WEB_BROWSER"},"connectType":"WIFI_UNKNOWN","connectReason":"USER_ACTIVATED","device":2,"pull":true,"lidDbMigrated":false},"msg":"logging in..."}
{"level":30,"time":1774722014014,"pid":70310,"hostname":"Mac.home","msg":"5 pre-keys found on server"}
{"level":30,"time":1774722014014,"pid":70310,"hostname":"Mac.home","msg":"Current prekey ID: 3167, exists in storage: true"}
{"level":30,"time":1774722014014,"pid":70310,"hostname":"Mac.home","msg":"Uploading PreKeys due to: server count low (5)"}
{"level":30,"time":1774722014014,"pid":70310,"hostname":"Mac.home","count":5,"retryCount":0,"msg":"uploading pre-keys"}
{"level":30,"time":1774722014214,"pid":70310,"hostname":"Mac.home","count":5,"msg":"uploaded pre-keys successfully"}
{"level":30,"time":1774722014422,"pid":70310,"hostname":"Mac.home","msg":"handled 0 offline messages/notifications"}
{"level":30,"time":1774722014422,"pid":70310,"hostname":"Mac.home","msg":"Connection is now AwaitingInitialSync, buffering events"}
{"level":30,"time":1774722014422,"pid":70310,"hostname":"Mac.home","msg":"History sync is disabled by config, not waiting for notification. Transitioning to Online."}
{"level":30,"time":1774722014537,"pid":70310,"hostname":"Mac.home","msg":"opened connection to WA"}
[WhatsApp] ✅ Bağlantı başarılı!
{"level":30,"time":1774722014558,"pid":70310,"hostname":"Mac.home","myPN":"905333559848:2@s.whatsapp.net","myLID":"129879995613400:2@lid","msg":"Own LID session created successfully"}
{"level":50,"time":1774722019641,"pid":70310,"hostname":"Mac.home","reasonNode":{"tag":"conflict","attrs":{"type":"replaced"}},"fullErrorNode":{"tag":"stream:error","attrs":{},"content":[{"tag":"conflict","attrs":{"type":"replaced"}}]},"msg":"stream errored out"}
{"level":30,"time":1774722019642,"pid":70310,"hostname":"Mac.home","trace":"Error: Stream Errored (conflict)\n    at WebSocketClient.<anonymous> (file:///Users/salihozgen/Desktop/psikolog-projesi/node_modules/@whiskeysockets/baileys/lib/Socket/socket.js:780:13)\n    at WebSocketClient.emit (node:events:518:28)\n    at file:///Users/salihozgen/Desktop/psikolog-projesi/node_modules/@whiskeysockets/baileys/lib/Socket/socket.js:464:35\n    at Object.decodeFrame (file:///Users/salihozgen/Desktop/psikolog-projesi/node_modules/@whiskeysockets/baileys/lib/Utils/noise-handler.js:141:17)\n    at process.processTicksAndRejections (node:internal/process/task_queues:105:5)\n    at async WebSocketClient.onMessageReceived (file:///Users/salihozgen/Desktop/psikolog-projesi/node_modules/@whiskeysockets/baileys/lib/Socket/socket.js:441:9)","msg":"connection errored"}
[WhatsApp] Bot süreci başlatılıyor...
{"level":30,"time":1774722024917,"pid":70310,"hostname":"Mac.home","browser":["Ubuntu","Chrome","122.0.0"],"helloMsg":{"clientHello":{"ephemeral":"jW8bL1AzuL9iPsObfdI/oefQqm88hjWg6fFOddzUZFA="}},"msg":"connected to WA"}
{"level":30,"time":1774722024998,"pid":70310,"hostname":"Mac.home","node":{"username":"905333559848","passive":true,"userAgent":{"platform":"WEB","appVersion":{"primary":2,"secondary":3000,"tertiary":1035194821},"mcc":"000","mnc":"000","osVersion":"0.1","device":"Desktop","osBuildNumber":"0.1","releaseChannel":"RELEASE","localeLanguageIso6391":"en","localeCountryIso31661Alpha2":"US"},"webInfo":{"webSubPlatform":"WEB_BROWSER"},"connectType":"WIFI_UNKNOWN","connectReason":"USER_ACTIVATED","device":2,"pull":true,"lidDbMigrated":false},"msg":"logging in..."}
{"level":30,"time":1774722025723,"pid":70310,"hostname":"Mac.home","msg":"5 pre-keys found on server"}
{"level":30,"time":1774722025723,"pid":70310,"hostname":"Mac.home","msg":"Current prekey ID: 3177, exists in storage: true"}
{"level":30,"time":1774722025723,"pid":70310,"hostname":"Mac.home","msg":"Uploading PreKeys due to: server count low (5)"}
{"level":30,"time":1774722025723,"pid":70310,"hostname":"Mac.home","count":5,"retryCount":0,"msg":"uploading pre-keys"}
{"level":30,"time":1774722026136,"pid":70310,"hostname":"Mac.home","count":5,"msg":"uploaded pre-keys successfully"}
{"level":30,"time":1774722026341,"pid":70310,"hostname":"Mac.home","msg":"handled 0 offline messages/notifications"}
{"level":30,"time":1774722026341,"pid":70310,"hostname":"Mac.home","msg":"Connection is now AwaitingInitialSync, buffering events"}
{"level":30,"time":1774722026341,"pid":70310,"hostname":"Mac.home","msg":"History sync is disabled by config, not waiting for notification. Transitioning to Online."}
{"level":30,"time":1774722026380,"pid":70310,"hostname":"Mac.home","msg":"opened connection to WA"}
[WhatsApp] ✅ Bağlantı başarılı!
{"level":30,"time":1774722026401,"pid":70310,"hostname":"Mac.home","myPN":"905333559848:2@s.whatsapp.net","myLID":"129879995613400:2@lid","msg":"Own LID session created successfully"}
{"level":50,"time":1774722030981,"pid":70310,"hostname":"Mac.home","reasonNode":{"tag":"conflict","attrs":{"type":"replaced"}},"fullErrorNode":{"tag":"stream:error","attrs":{},"content":[{"tag":"conflict","attrs":{"type":"replaced"}}]},"msg":"stream errored out"}
{"level":30,"time":1774722030981,"pid":70310,"hostname":"Mac.home","trace":"Error: Stream Errored (conflict)\n    at WebSocketClient.<anonymous> (file:///Users/salihozgen/Desktop/psikolog-projesi/node_modules/@whiskeysockets/baileys/lib/Socket/socket.js:780:13)\n    at WebSocketClient.emit (node:events:518:28)\n    at file:///Users/salihozgen/Desktop/psikolog-projesi/node_modules/@whiskeysockets/baileys/lib/Socket/socket.js:464:35\n    at Object.decodeFrame (file:///Users/salihozgen/Desktop/psikolog-projesi/node_modules/@whiskeysockets/baileys/lib/Utils/noise-handler.js:141:17)\n    at process.processTicksAndRejections (node:internal/process/task_queues:105:5)\n    at async WebSocketClient.onMessageReceived (file:///Users/salihozgen/Desktop/psikolog-projesi/node_modules/@whiskeysockets/baileys/lib/Socket/socket.js:441:9)","msg":"connection errored"}
[WhatsApp] Bot süreci başlatılıyor...
{"level":30,"time":1774722036352,"pid":70310,"hostname":"Mac.home","browser":["Ubuntu","Chrome","122.0.0"],"helloMsg":{"clientHello":{"ephemeral":"3eWfDdb5KYTMGgul7XHCWZaI0BkVebuafZ3y4P8aKHQ="}},"msg":"connected to WA"}
{"level":30,"time":1774722036538,"pid":70310,"hostname":"Mac.home","node":{"username":"905333559848","passive":true,"userAgent":{"platform":"WEB","appVersion":{"primary":2,"secondary":3000,"tertiary":1035194821},"mcc":"000","mnc":"000","osVersion":"0.1","device":"Desktop","osBuildNumber":"0.1","releaseChannel":"RELEASE","localeLanguageIso6391":"en","localeCountryIso31661Alpha2":"US"},"webInfo":{"webSubPlatform":"WEB_BROWSER"},"connectType":"WIFI_UNKNOWN","connectReason":"USER_ACTIVATED","device":2,"pull":true,"lidDbMigrated":false},"msg":"logging in..."}
{"level":30,"time":1774722036954,"pid":70310,"hostname":"Mac.home","msg":"5 pre-keys found on server"}
{"level":30,"time":1774722036954,"pid":70310,"hostname":"Mac.home","msg":"Current prekey ID: 3187, exists in storage: true"}
{"level":30,"time":1774722036954,"pid":70310,"hostname":"Mac.home","msg":"Uploading PreKeys due to: server count low (5)"}
{"level":30,"time":1774722036954,"pid":70310,"hostname":"Mac.home","count":5,"retryCount":0,"msg":"uploading pre-keys"}
{"level":30,"time":1774722037260,"pid":70310,"hostname":"Mac.home","count":5,"msg":"uploaded pre-keys successfully"}
{"level":30,"time":1774722037461,"pid":70310,"hostname":"Mac.home","msg":"handled 0 offline messages/notifications"}
{"level":30,"time":1774722037462,"pid":70310,"hostname":"Mac.home","msg":"Connection is now AwaitingInitialSync, buffering events"}
{"level":30,"time":1774722037462,"pid":70310,"hostname":"Mac.home","msg":"History sync is disabled by config, not waiting for notification. Transitioning to Online."}
{"level":30,"time":1774722037643,"pid":70310,"hostname":"Mac.home","msg":"opened connection to WA"}
[WhatsApp] ✅ Bağlantı başarılı!
{"level":30,"time":1774722037661,"pid":70310,"hostname":"Mac.home","myPN":"905333559848:2@s.whatsapp.net","myLID":"129879995613400:2@lid","msg":"Own LID session created successfully"}
{"level":50,"time":1774722042594,"pid":70310,"hostname":"Mac.home","reasonNode":{"tag":"conflict","attrs":{"type":"replaced"}},"fullErrorNode":{"tag":"stream:error","attrs":{},"content":[{"tag":"conflict","attrs":{"type":"replaced"}}]},"msg":"stream errored out"}
{"level":30,"time":1774722042595,"pid":70310,"hostname":"Mac.home","trace":"Error: Stream Errored (conflict)\n    at WebSocketClient.<anonymous> (file:///Users/salihozgen/Desktop/psikolog-projesi/node_modules/@whiskeysockets/baileys/lib/Socket/socket.js:780:13)\n    at WebSocketClient.emit (node:events:518:28)\n    at file:///Users/salihozgen/Desktop/psikolog-projesi/node_modules/@whiskeysockets/baileys/lib/Socket/socket.js:464:35\n    at Object.decodeFrame (file:///Users/salihozgen/Desktop/psikolog-projesi/node_modules/@whiskeysockets/baileys/lib/Utils/noise-handler.js:141:17)\n    at process.processTicksAndRejections (node:internal/process/task_queues:105:5)\n    at async WebSocketClient.onMessageReceived (file:///Users/salihozgen/Desktop/psikolog-projesi/node_modules/@whiskeysockets/baileys/lib/Socket/socket.js:441:9)","msg":"connection errored"}
[WhatsApp] Bot süreci başlatılıyor...
{"level":30,"time":1774722047952,"pid":70310,"hostname":"Mac.home","browser":["Ubuntu","Chrome","122.0.0"],"helloMsg":{"clientHello":{"ephemeral":"E0Oh0Vc831WTEvCudwu5z1rat6Xg/0F+byjS/BYAtHc="}},"msg":"connected to WA"}
{"level":30,"time":1774722048036,"pid":70310,"hostname":"Mac.home","node":{"username":"905333559848","passive":true,"userAgent":{"platform":"WEB","appVersion":{"primary":2,"secondary":3000,"tertiary":1035194821},"mcc":"000","mnc":"000","osVersion":"0.1","device":"Desktop","osBuildNumber":"0.1","releaseChannel":"RELEASE","localeLanguageIso6391":"en","localeCountryIso31661Alpha2":"US"},"webInfo":{"webSubPlatform":"WEB_BROWSER"},"connectType":"WIFI_UNKNOWN","connectReason":"USER_ACTIVATED","device":2,"pull":true,"lidDbMigrated":false},"msg":"logging in..."}
{"level":30,"time":1774722048555,"pid":70310,"hostname":"Mac.home","msg":"5 pre-keys found on server"}
{"level":30,"time":1774722048555,"pid":70310,"hostname":"Mac.home","msg":"Current prekey ID: 3197, exists in storage: true"}
{"level":30,"time":1774722048555,"pid":70310,"hostname":"Mac.home","msg":"Uploading PreKeys due to: server count low (5)"}
{"level":30,"time":1774722048555,"pid":70310,"hostname":"Mac.home","count":5,"retryCount":0,"msg":"uploading pre-keys"}
{"level":30,"time":1774722048977,"pid":70310,"hostname":"Mac.home","count":5,"msg":"uploaded pre-keys successfully"}
{"level":30,"time":1774722049179,"pid":70310,"hostname":"Mac.home","msg":"handled 0 offline messages/notifications"}
{"level":30,"time":1774722049180,"pid":70310,"hostname":"Mac.home","msg":"Connection is now AwaitingInitialSync, buffering events"}
{"level":30,"time":1774722049180,"pid":70310,"hostname":"Mac.home","msg":"History sync is disabled by config, not waiting for notification. Transitioning to Online."}
{"level":30,"time":1774722049214,"pid":70310,"hostname":"Mac.home","msg":"opened connection to WA"}
[WhatsApp] ✅ Bağlantı başarılı!
{"level":30,"time":1774722049219,"pid":70310,"hostname":"Mac.home","myPN":"905333559848:2@s.whatsapp.net","myLID":"129879995613400:2@lid","msg":"Own LID session created successfully"}
{"level":50,"time":1774722054226,"pid":70310,"hostname":"Mac.home","reasonNode":{"tag":"conflict","attrs":{"type":"replaced"}},"fullErrorNode":{"tag":"stream:error","attrs":{},"content":[{"tag":"conflict","attrs":{"type":"replaced"}}]},"msg":"stream errored out"}
{"level":30,"time":1774722054227,"pid":70310,"hostname":"Mac.home","trace":"Error: Stream Errored (conflict)\n    at WebSocketClient.<anonymous> (file:///Users/salihozgen/Desktop/psikolog-projesi/node_modules/@whiskeysockets/baileys/lib/Socket/socket.js:780:13)\n    at WebSocketClient.emit (node:events:518:28)\n    at file:///Users/salihozgen/Desktop/psikolog-projesi/node_modules/@whiskeysockets/baileys/lib/Socket/socket.js:464:35\n    at Object.decodeFrame (file:///Users/salihozgen/Desktop/psikolog-projesi/node_modules/@whiskeysockets/baileys/lib/Utils/noise-handler.js:141:17)\n    at process.processTicksAndRejections (node:internal/process/task_queues:105:5)\n    at async WebSocketClient.onMessageReceived (file:///Users/salihozgen/Desktop/psikolog-projesi/node_modules/@whiskeysockets/baileys/lib/Socket/socket.js:441:9)","msg":"connection errored"}
[WhatsApp] Bot süreci başlatılıyor...
{"level":30,"time":1774722059600,"pid":70310,"hostname":"Mac.home","browser":["Ubuntu","Chrome","122.0.0"],"helloMsg":{"clientHello":{"ephemeral":"5ydpIaTNzdOWk8X88sIPYsAkymo8Twogz4mnDqtwz20="}},"msg":"connected to WA"}
{"level":30,"time":1774722059792,"pid":70310,"hostname":"Mac.home","node":{"username":"905333559848","passive":true,"userAgent":{"platform":"WEB","appVersion":{"primary":2,"secondary":3000,"tertiary":1035194821},"mcc":"000","mnc":"000","osVersion":"0.1","device":"Desktop","osBuildNumber":"0.1","releaseChannel":"RELEASE","localeLanguageIso6391":"en","localeCountryIso31661Alpha2":"US"},"webInfo":{"webSubPlatform":"WEB_BROWSER"},"connectType":"WIFI_UNKNOWN","connectReason":"USER_ACTIVATED","device":2,"pull":true,"lidDbMigrated":false},"msg":"logging in..."}
{"level":30,"time":1774722060253,"pid":70310,"hostname":"Mac.home","msg":"5 pre-keys found on server"}
{"level":30,"time":1774722060253,"pid":70310,"hostname":"Mac.home","msg":"Current prekey ID: 3207, exists in storage: true"}
{"level":30,"time":1774722060253,"pid":70310,"hostname":"Mac.home","msg":"Uploading PreKeys due to: server count low (5)"}
{"level":30,"time":1774722060253,"pid":70310,"hostname":"Mac.home","count":5,"retryCount":0,"msg":"uploading pre-keys"}
{"level":30,"time":1774722060586,"pid":70310,"hostname":"Mac.home","count":5,"msg":"uploaded pre-keys successfully"}
{"level":30,"time":1774722060821,"pid":70310,"hostname":"Mac.home","msg":"handled 0 offline messages/notifications"}
{"level":30,"time":1774722060821,"pid":70310,"hostname":"Mac.home","msg":"Connection is now AwaitingInitialSync, buffering events"}
{"level":30,"time":1774722060821,"pid":70310,"hostname":"Mac.home","msg":"History sync is disabled by config, not waiting for notification. Transitioning to Online."}
{"level":30,"time":1774722061000,"pid":70310,"hostname":"Mac.home","msg":"opened connection to WA"}
[WhatsApp] ✅ Bağlantı başarılı!
{"level":30,"time":1774722061017,"pid":70310,"hostname":"Mac.home","myPN":"905333559848:2@s.whatsapp.net","myLID":"129879995613400:2@lid","msg":"Own LID session created successfully"}
{"level":50,"time":1774722065811,"pid":70310,"hostname":"Mac.home","reasonNode":{"tag":"conflict","attrs":{"type":"replaced"}},"fullErrorNode":{"tag":"stream:error","attrs":{},"content":[{"tag":"conflict","attrs":{"type":"replaced"}}]},"msg":"stream errored out"}
{"level":30,"time":1774722065811,"pid":70310,"hostname":"Mac.home","trace":"Error: Stream Errored (conflict)\n    at WebSocketClient.<anonymous> (file:///Users/salihozgen/Desktop/psikolog-projesi/node_modules/@whiskeysockets/baileys/lib/Socket/socket.js:780:13)\n    at WebSocketClient.emit (node:events:518:28)\n    at file:///Users/salihozgen/Desktop/psikolog-projesi/node_modules/@whiskeysockets/baileys/lib/Socket/socket.js:464:35\n    at Object.decodeFrame (file:///Users/salihozgen/Desktop/psikolog-projesi/node_modules/@whiskeysockets/baileys/lib/Utils/noise-handler.js:141:17)\n    at process.processTicksAndRejections (node:internal/process/task_queues:105:5)\n    at async WebSocketClient.onMessageReceived (file:///Users/salihozgen/Desktop/psikolog-projesi/node_modules/@whiskeysockets/baileys/lib/Socket/socket.js:441:9)","msg":"connection errored"}
[WhatsApp] Bot süreci başlatılıyor...
{"level":30,"time":1774722071520,"pid":70310,"hostname":"Mac.home","browser":["Ubuntu","Chrome","122.0.0"],"helloMsg":{"clientHello":{"ephemeral":"8u4N9Zxr2jwC04uKRVS+03x2tN32au3davQ0dL03Z0A="}},"msg":"connected to WA"}
{"level":30,"time":1774722071715,"pid":70310,"hostname":"Mac.home","node":{"username":"905333559848","passive":true,"userAgent":{"platform":"WEB","appVersion":{"primary":2,"secondary":3000,"tertiary":1035194821},"mcc":"000","mnc":"000","osVersion":"0.1","device":"Desktop","osBuildNumber":"0.1","releaseChannel":"RELEASE","localeLanguageIso6391":"en","localeCountryIso31661Alpha2":"US"},"webInfo":{"webSubPlatform":"WEB_BROWSER"},"connectType":"WIFI_UNKNOWN","connectReason":"USER_ACTIVATED","device":2,"pull":true,"lidDbMigrated":false},"msg":"logging in..."}
{"level":30,"time":1774722072192,"pid":70310,"hostname":"Mac.home","msg":"5 pre-keys found on server"}
{"level":30,"time":1774722072192,"pid":70310,"hostname":"Mac.home","msg":"Current prekey ID: 3217, exists in storage: true"}
{"level":30,"time":1774722072192,"pid":70310,"hostname":"Mac.home","msg":"Uploading PreKeys due to: server count low (5)"}
{"level":30,"time":1774722072192,"pid":70310,"hostname":"Mac.home","count":5,"retryCount":0,"msg":"uploading pre-keys"}
{"level":30,"time":1774722072535,"pid":70310,"hostname":"Mac.home","count":5,"msg":"uploaded pre-keys successfully"}
{"level":30,"time":1774722072777,"pid":70310,"hostname":"Mac.home","msg":"handled 0 offline messages/notifications"}
{"level":30,"time":1774722072777,"pid":70310,"hostname":"Mac.home","msg":"Connection is now AwaitingInitialSync, buffering events"}
{"level":30,"time":1774722072777,"pid":70310,"hostname":"Mac.home","msg":"History sync is disabled by config, not waiting for notification. Transitioning to Online."}
{"level":30,"time":1774722072967,"pid":70310,"hostname":"Mac.home","msg":"opened connection to WA"}
[WhatsApp] ✅ Bağlantı başarılı!
{"level":30,"time":1774722072982,"pid":70310,"hostname":"Mac.home","myPN":"905333559848:2@s.whatsapp.net","myLID":"129879995613400:2@lid","msg":"Own LID session created successfully"}
{"level":50,"time":1774722077804,"pid":70310,"hostname":"Mac.home","reasonNode":{"tag":"conflict","attrs":{"type":"replaced"}},"fullErrorNode":{"tag":"stream:error","attrs":{},"content":[{"tag":"conflict","attrs":{"type":"replaced"}}]},"msg":"stream errored out"}
{"level":30,"time":1774722077804,"pid":70310,"hostname":"Mac.home","trace":"Error: Stream Errored (conflict)\n    at WebSocketClient.<anonymous> (file:///Users/salihozgen/Desktop/psikolog-projesi/node_modules/@whiskeysockets/baileys/lib/Socket/socket.js:780:13)\n    at WebSocketClient.emit (node:events:518:28)\n    at file:///Users/salihozgen/Desktop/psikolog-projesi/node_modules/@whiskeysockets/baileys/lib/Socket/socket.js:464:35\n    at Object.decodeFrame (file:///Users/salihozgen/Desktop/psikolog-projesi/node_modules/@whiskeysockets/baileys/lib/Utils/noise-handler.js:141:17)\n    at process.processTicksAndRejections (node:internal/process/task_queues:105:5)\n    at async WebSocketClient.onMessageReceived (file:///Users/salihozgen/Desktop/psikolog-projesi/node_modules/@whiskeysockets/baileys/lib/Socket/socket.js:441:9)","msg":"connection errored"}
[WhatsApp] Bot süreci başlatılıyor...
{"level":30,"time":1774722083080,"pid":70310,"hostname":"Mac.home","browser":["Ubuntu","Chrome","122.0.0"],"helloMsg":{"clientHello":{"ephemeral":"iogAADIm8KZqNshjlewpRrohU9YCRSxHbK2OQ/f3l00="}},"msg":"connected to WA"}
{"level":30,"time":1774722083178,"pid":70310,"hostname":"Mac.home","node":{"username":"905333559848","passive":true,"userAgent":{"platform":"WEB","appVersion":{"primary":2,"secondary":3000,"tertiary":1035194821},"mcc":"000","mnc":"000","osVersion":"0.1","device":"Desktop","osBuildNumber":"0.1","releaseChannel":"RELEASE","localeLanguageIso6391":"en","localeCountryIso31661Alpha2":"US"},"webInfo":{"webSubPlatform":"WEB_BROWSER"},"connectType":"WIFI_UNKNOWN","connectReason":"USER_ACTIVATED","device":2,"pull":true,"lidDbMigrated":false},"msg":"logging in..."}
{"level":30,"time":1774722083819,"pid":70310,"hostname":"Mac.home","msg":"5 pre-keys found on server"}
{"level":30,"time":1774722083819,"pid":70310,"hostname":"Mac.home","msg":"Current prekey ID: 3227, exists in storage: true"}
{"level":30,"time":1774722083819,"pid":70310,"hostname":"Mac.home","msg":"Uploading PreKeys due to: server count low (5)"}
{"level":30,"time":1774722083819,"pid":70310,"hostname":"Mac.home","count":5,"retryCount":0,"msg":"uploading pre-keys"}
{"level":30,"time":1774722084303,"pid":70310,"hostname":"Mac.home","count":5,"msg":"uploaded pre-keys successfully"}
{"level":30,"time":1774722084499,"pid":70310,"hostname":"Mac.home","msg":"handled 0 offline messages/notifications"}
{"level":30,"time":1774722084499,"pid":70310,"hostname":"Mac.home","msg":"Connection is now AwaitingInitialSync, buffering events"}
{"level":30,"time":1774722084500,"pid":70310,"hostname":"Mac.home","msg":"History sync is disabled by config, not waiting for notification. Transitioning to Online."}
{"level":30,"time":1774722084603,"pid":70310,"hostname":"Mac.home","msg":"opened connection to WA"}
[WhatsApp] ✅ Bağlantı başarılı!
{"level":30,"time":1774722084620,"pid":70310,"hostname":"Mac.home","myPN":"905333559848:2@s.whatsapp.net","myLID":"129879995613400:2@lid","msg":"Own LID session created successfully"}
{"level":50,"time":1774722089366,"pid":70310,"hostname":"Mac.home","reasonNode":{"tag":"conflict","attrs":{"type":"replaced"}},"fullErrorNode":{"tag":"stream:error","attrs":{},"content":[{"tag":"conflict","attrs":{"type":"replaced"}}]},"msg":"stream errored out"}
{"level":30,"time":1774722089366,"pid":70310,"hostname":"Mac.home","trace":"Error: Stream Errored (conflict)\n    at WebSocketClient.<anonymous> (file:///Users/salihozgen/Desktop/psikolog-projesi/node_modules/@whiskeysockets/baileys/lib/Socket/socket.js:780:13)\n    at WebSocketClient.emit (node:events:518:28)\n    at file:///Users/salihozgen/Desktop/psikolog-projesi/node_modules/@whiskeysockets/baileys/lib/Socket/socket.js:464:35\n    at Object.decodeFrame (file:///Users/salihozgen/Desktop/psikolog-projesi/node_modules/@whiskeysockets/baileys/lib/Utils/noise-handler.js:141:17)\n    at process.processTicksAndRejections (node:internal/process/task_queues:105:5)\n    at async WebSocketClient.onMessageReceived (file:///Users/salihozgen/Desktop/psikolog-projesi/node_modules/@whiskeysockets/baileys/lib/Socket/socket.js:441:9)","msg":"connection errored"}
[WhatsApp] Bot süreci başlatılıyor...
{"level":30,"time":1774722094631,"pid":70310,"hostname":"Mac.home","browser":["Ubuntu","Chrome","122.0.0"],"helloMsg":{"clientHello":{"ephemeral":"ybnVpGMsQt/x2yOS/a73dzx2qZQzU5H5t25BpDI8gls="}},"msg":"connected to WA"}
{"level":30,"time":1774722094722,"pid":70310,"hostname":"Mac.home","node":{"username":"905333559848","passive":true,"userAgent":{"platform":"WEB","appVersion":{"primary":2,"secondary":3000,"tertiary":1035194821},"mcc":"000","mnc":"000","osVersion":"0.1","device":"Desktop","osBuildNumber":"0.1","releaseChannel":"RELEASE","localeLanguageIso6391":"en","localeCountryIso31661Alpha2":"US"},"webInfo":{"webSubPlatform":"WEB_BROWSER"},"connectType":"WIFI_UNKNOWN","connectReason":"USER_ACTIVATED","device":2,"pull":true,"lidDbMigrated":false},"msg":"logging in..."}
{"level":30,"time":1774722095349,"pid":70310,"hostname":"Mac.home","msg":"5 pre-keys found on server"}
{"level":30,"time":1774722095350,"pid":70310,"hostname":"Mac.home","msg":"Current prekey ID: 3237, exists in storage: true"}
{"level":30,"time":1774722095350,"pid":70310,"hostname":"Mac.home","msg":"Uploading PreKeys due to: server count low (5)"}
{"level":30,"time":1774722095350,"pid":70310,"hostname":"Mac.home","count":5,"retryCount":0,"msg":"uploading pre-keys"}
{"level":30,"time":1774722095722,"pid":70310,"hostname":"Mac.home","count":5,"msg":"uploaded pre-keys successfully"}
{"level":30,"time":1774722095917,"pid":70310,"hostname":"Mac.home","msg":"handled 0 offline messages/notifications"}
{"level":30,"time":1774722095917,"pid":70310,"hostname":"Mac.home","msg":"Connection is now AwaitingInitialSync, buffering events"}
{"level":30,"time":1774722095917,"pid":70310,"hostname":"Mac.home","msg":"History sync is disabled by config, not waiting for notification. Transitioning to Online."}
{"level":30,"time":1774722096102,"pid":70310,"hostname":"Mac.home","msg":"opened connection to WA"}
[WhatsApp] ✅ Bağlantı başarılı!
{"level":30,"time":1774722096108,"pid":70310,"hostname":"Mac.home","myPN":"905333559848:2@s.whatsapp.net","myLID":"129879995613400:2@lid","msg":"Own LID session created successfully"}
{"level":50,"time":1774722100808,"pid":70310,"hostname":"Mac.home","reasonNode":{"tag":"conflict","attrs":{"type":"replaced"}},"fullErrorNode":{"tag":"stream:error","attrs":{},"content":[{"tag":"conflict","attrs":{"type":"replaced"}}]},"msg":"stream errored out"}
{"level":30,"time":1774722100809,"pid":70310,"hostname":"Mac.home","trace":"Error: Stream Errored (conflict)\n    at WebSocketClient.<anonymous> (file:///Users/salihozgen/Desktop/psikolog-projesi/node_modules/@whiskeysockets/baileys/lib/Socket/socket.js:780:13)\n    at WebSocketClient.emit (node:events:518:28)\n    at file:///Users/salihozgen/Desktop/psikolog-projesi/node_modules/@whiskeysockets/baileys/lib/Socket/socket.js:464:35\n    at Object.decodeFrame (file:///Users/salihozgen/Desktop/psikolog-projesi/node_modules/@whiskeysockets/baileys/lib/Utils/noise-handler.js:141:17)\n    at process.processTicksAndRejections (node:internal/process/task_queues:105:5)\n    at async WebSocketClient.onMessageReceived (file:///Users/salihozgen/Desktop/psikolog-projesi/node_modules/@whiskeysockets/baileys/lib/Socket/socket.js:441:9)","msg":"connection errored"}
[WhatsApp] Bot süreci başlatılıyor...
{"level":30,"time":1774722106175,"pid":70310,"hostname":"Mac.home","browser":["Ubuntu","Chrome","122.0.0"],"helloMsg":{"clientHello":{"ephemeral":"wuCstVPiCTks7uedgJ6vs5tTQGNGIqrxHqb26+iH5Gs="}},"msg":"connected to WA"}
{"level":30,"time":1774722106354,"pid":70310,"hostname":"Mac.home","node":{"username":"905333559848","passive":true,"userAgent":{"platform":"WEB","appVersion":{"primary":2,"secondary":3000,"tertiary":1035194821},"mcc":"000","mnc":"000","osVersion":"0.1","device":"Desktop","osBuildNumber":"0.1","releaseChannel":"RELEASE","localeLanguageIso6391":"en","localeCountryIso31661Alpha2":"US"},"webInfo":{"webSubPlatform":"WEB_BROWSER"},"connectType":"WIFI_UNKNOWN","connectReason":"USER_ACTIVATED","device":2,"pull":true,"lidDbMigrated":false},"msg":"logging in..."}
{"level":30,"time":1774722106759,"pid":70310,"hostname":"Mac.home","msg":"5 pre-keys found on server"}
{"level":30,"time":1774722106759,"pid":70310,"hostname":"Mac.home","msg":"Current prekey ID: 3247, exists in storage: true"}
{"level":30,"time":1774722106759,"pid":70310,"hostname":"Mac.home","msg":"Uploading PreKeys due to: server count low (5)"}
{"level":30,"time":1774722106759,"pid":70310,"hostname":"Mac.home","count":5,"retryCount":0,"msg":"uploading pre-keys"}
{"level":30,"time":1774722107059,"pid":70310,"hostname":"Mac.home","count":5,"msg":"uploaded pre-keys successfully"}
{"level":30,"time":1774722107255,"pid":70310,"hostname":"Mac.home","msg":"handled 0 offline messages/notifications"}
{"level":30,"time":1774722107255,"pid":70310,"hostname":"Mac.home","msg":"Connection is now AwaitingInitialSync, buffering events"}
{"level":30,"time":1774722107255,"pid":70310,"hostname":"Mac.home","msg":"History sync is disabled by config, not waiting for notification. Transitioning to Online."}
{"level":30,"time":1774722107429,"pid":70310,"hostname":"Mac.home","msg":"opened connection to WA"}
[WhatsApp] ✅ Bağlantı başarılı!
{"level":30,"time":1774722107435,"pid":70310,"hostname":"Mac.home","myPN":"905333559848:2@s.whatsapp.net","myLID":"129879995613400:2@lid","msg":"Own LID session created successfully"}
{"level":50,"time":1774722112619,"pid":70310,"hostname":"Mac.home","reasonNode":{"tag":"conflict","attrs":{"type":"replaced"}},"fullErrorNode":{"tag":"stream:error","attrs":{},"content":[{"tag":"conflict","attrs":{"type":"replaced"}}]},"msg":"stream errored out"}
{"level":30,"time":1774722112620,"pid":70310,"hostname":"Mac.home","trace":"Error: Stream Errored (conflict)\n    at WebSocketClient.<anonymous> (file:///Users/salihozgen/Desktop/psikolog-projesi/node_modules/@whiskeysockets/baileys/lib/Socket/socket.js:780:13)\n    at WebSocketClient.emit (node:events:518:28)\n    at file:///Users/salihozgen/Desktop/psikolog-projesi/node_modules/@whiskeysockets/baileys/lib/Socket/socket.js:464:35\n    at Object.decodeFrame (file:///Users/salihozgen/Desktop/psikolog-projesi/node_modules/@whiskeysockets/baileys/lib/Utils/noise-handler.js:141:17)\n    at process.processTicksAndRejections (node:internal/process/task_queues:105:5)\n    at async WebSocketClient.onMessageReceived (file:///Users/salihozgen/Desktop/psikolog-projesi/node_modules/@whiskeysockets/baileys/lib/Socket/socket.js:441:9)","msg":"connection errored"}
[WhatsApp] Bot süreci başlatılıyor...
{"level":30,"time":1774722118004,"pid":70310,"hostname":"Mac.home","browser":["Ubuntu","Chrome","122.0.0"],"helloMsg":{"clientHello":{"ephemeral":"PWm7Dc3kS9t05MZ0roMHA7awdypX/ZGW9lMnEQHoi0o="}},"msg":"connected to WA"}
{"level":30,"time":1774722118208,"pid":70310,"hostname":"Mac.home","node":{"username":"905333559848","passive":true,"userAgent":{"platform":"WEB","appVersion":{"primary":2,"secondary":3000,"tertiary":1035194821},"mcc":"000","mnc":"000","osVersion":"0.1","device":"Desktop","osBuildNumber":"0.1","releaseChannel":"RELEASE","localeLanguageIso6391":"en","localeCountryIso31661Alpha2":"US"},"webInfo":{"webSubPlatform":"WEB_BROWSER"},"connectType":"WIFI_UNKNOWN","connectReason":"USER_ACTIVATED","device":2,"pull":true,"lidDbMigrated":false},"msg":"logging in..."}
{"level":30,"time":1774722118677,"pid":70310,"hostname":"Mac.home","msg":"5 pre-keys found on server"}
{"level":30,"time":1774722118677,"pid":70310,"hostname":"Mac.home","msg":"Current prekey ID: 3257, exists in storage: true"}
{"level":30,"time":1774722118677,"pid":70310,"hostname":"Mac.home","msg":"Uploading PreKeys due to: server count low (5)"}
{"level":30,"time":1774722118678,"pid":70310,"hostname":"Mac.home","count":5,"retryCount":0,"msg":"uploading pre-keys"}
{"level":30,"time":1774722119031,"pid":70310,"hostname":"Mac.home","count":5,"msg":"uploaded pre-keys successfully"}
{"level":30,"time":1774722119269,"pid":70310,"hostname":"Mac.home","msg":"handled 0 offline messages/notifications"}
{"level":30,"time":1774722119269,"pid":70310,"hostname":"Mac.home","msg":"Connection is now AwaitingInitialSync, buffering events"}
{"level":30,"time":1774722119269,"pid":70310,"hostname":"Mac.home","msg":"History sync is disabled by config, not waiting for notification. Transitioning to Online."}
{"level":30,"time":1774722119458,"pid":70310,"hostname":"Mac.home","msg":"opened connection to WA"}
[WhatsApp] ✅ Bağlantı başarılı!
{"level":30,"time":1774722119463,"pid":70310,"hostname":"Mac.home","myPN":"905333559848:2@s.whatsapp.net","myLID":"129879995613400:2@lid","msg":"Own LID session created successfully"}
{"level":50,"time":1774722124491,"pid":70310,"hostname":"Mac.home","reasonNode":{"tag":"conflict","attrs":{"type":"replaced"}},"fullErrorNode":{"tag":"stream:error","attrs":{},"content":[{"tag":"conflict","attrs":{"type":"replaced"}}]},"msg":"stream errored out"}
{"level":30,"time":1774722124491,"pid":70310,"hostname":"Mac.home","trace":"Error: Stream Errored (conflict)\n    at WebSocketClient.<anonymous> (file:///Users/salihozgen/Desktop/psikolog-projesi/node_modules/@whiskeysockets/baileys/lib/Socket/socket.js:780:13)\n    at WebSocketClient.emit (node:events:518:28)\n    at file:///Users/salihozgen/Desktop/psikolog-projesi/node_modules/@whiskeysockets/baileys/lib/Socket/socket.js:464:35\n    at Object.decodeFrame (file:///Users/salihozgen/Desktop/psikolog-projesi/node_modules/@whiskeysockets/baileys/lib/Utils/noise-handler.js:141:17)\n    at process.processTicksAndRejections (node:internal/process/task_queues:105:5)\n    at async WebSocketClient.onMessageReceived (file:///Users/salihozgen/Desktop/psikolog-projesi/node_modules/@whiskeysockets/baileys/lib/Socket/socket.js:441:9)","msg":"connection errored"}
[WhatsApp] Bot süreci başlatılıyor...
{"level":30,"time":1774722129846,"pid":70310,"hostname":"Mac.home","browser":["Ubuntu","Chrome","122.0.0"],"helloMsg":{"clientHello":{"ephemeral":"OSWULpazaTmxjpjo3DzEnd2I+zVhID/Padgu34S7yCc="}},"msg":"connected to WA"}
{"level":30,"time":1774722130022,"pid":70310,"hostname":"Mac.home","node":{"username":"905333559848","passive":true,"userAgent":{"platform":"WEB","appVersion":{"primary":2,"secondary":3000,"tertiary":1035194821},"mcc":"000","mnc":"000","osVersion":"0.1","device":"Desktop","osBuildNumber":"0.1","releaseChannel":"RELEASE","localeLanguageIso6391":"en","localeCountryIso31661Alpha2":"US"},"webInfo":{"webSubPlatform":"WEB_BROWSER"},"connectType":"WIFI_UNKNOWN","connectReason":"USER_ACTIVATED","device":2,"pull":true,"lidDbMigrated":false},"msg":"logging in..."}
{"level":30,"time":1774722130430,"pid":70310,"hostname":"Mac.home","msg":"5 pre-keys found on server"}
{"level":30,"time":1774722130430,"pid":70310,"hostname":"Mac.home","msg":"Current prekey ID: 3267, exists in storage: true"}
{"level":30,"time":1774722130430,"pid":70310,"hostname":"Mac.home","msg":"Uploading PreKeys due to: server count low (5)"}
{"level":30,"time":1774722130430,"pid":70310,"hostname":"Mac.home","count":5,"retryCount":0,"msg":"uploading pre-keys"}
{"level":30,"time":1774722130740,"pid":70310,"hostname":"Mac.home","count":5,"msg":"uploaded pre-keys successfully"}
{"level":30,"time":1774722130941,"pid":70310,"hostname":"Mac.home","msg":"handled 0 offline messages/notifications"}
{"level":30,"time":1774722130942,"pid":70310,"hostname":"Mac.home","msg":"Connection is now AwaitingInitialSync, buffering events"}
{"level":30,"time":1774722130942,"pid":70310,"hostname":"Mac.home","msg":"History sync is disabled by config, not waiting for notification. Transitioning to Online."}
{"level":30,"time":1774722131111,"pid":70310,"hostname":"Mac.home","msg":"opened connection to WA"}
[WhatsApp] ✅ Bağlantı başarılı!
{"level":30,"time":1774722131126,"pid":70310,"hostname":"Mac.home","myPN":"905333559848:2@s.whatsapp.net","myLID":"129879995613400:2@lid","msg":"Own LID session created successfully"}
{"level":50,"time":1774722136098,"pid":70310,"hostname":"Mac.home","reasonNode":{"tag":"conflict","attrs":{"type":"replaced"}},"fullErrorNode":{"tag":"stream:error","attrs":{},"content":[{"tag":"conflict","attrs":{"type":"replaced"}}]},"msg":"stream errored out"}
{"level":30,"time":1774722136099,"pid":70310,"hostname":"Mac.home","trace":"Error: Stream Errored (conflict)\n    at WebSocketClient.<anonymous> (file:///Users/salihozgen/Desktop/psikolog-projesi/node_modules/@whiskeysockets/baileys/lib/Socket/socket.js:780:13)\n    at WebSocketClient.emit (node:events:518:28)\n    at file:///Users/salihozgen/Desktop/psikolog-projesi/node_modules/@whiskeysockets/baileys/lib/Socket/socket.js:464:35\n    at Object.decodeFrame (file:///Users/salihozgen/Desktop/psikolog-projesi/node_modules/@whiskeysockets/baileys/lib/Utils/noise-handler.js:141:17)\n    at process.processTicksAndRejections (node:internal/process/task_queues:105:5)\n    at async WebSocketClient.onMessageReceived (file:///Users/salihozgen/Desktop/psikolog-projesi/node_modules/@whiskeysockets/baileys/lib/Socket/socket.js:441:9)","msg":"connection errored"}
[WhatsApp] Bot süreci başlatılıyor...
{"level":30,"time":1774722141413,"pid":70310,"hostname":"Mac.home","browser":["Ubuntu","Chrome","122.0.0"],"helloMsg":{"clientHello":{"ephemeral":"bm3rda9DEv2k3DG/G8oXJEJxOgnAcW4LOo9B4P8nzC8="}},"msg":"connected to WA"}
{"level":30,"time":1774722141568,"pid":70310,"hostname":"Mac.home","node":{"username":"905333559848","passive":true,"userAgent":{"platform":"WEB","appVersion":{"primary":2,"secondary":3000,"tertiary":1035194821},"mcc":"000","mnc":"000","osVersion":"0.1","device":"Desktop","osBuildNumber":"0.1","releaseChannel":"RELEASE","localeLanguageIso6391":"en","localeCountryIso31661Alpha2":"US"},"webInfo":{"webSubPlatform":"WEB_BROWSER"},"connectType":"WIFI_UNKNOWN","connectReason":"USER_ACTIVATED","device":2,"pull":true,"lidDbMigrated":false},"msg":"logging in..."}
{"level":30,"time":1774722141912,"pid":70310,"hostname":"Mac.home","msg":"5 pre-keys found on server"}
{"level":30,"time":1774722141912,"pid":70310,"hostname":"Mac.home","msg":"Current prekey ID: 3277, exists in storage: true"}
{"level":30,"time":1774722141912,"pid":70310,"hostname":"Mac.home","msg":"Uploading PreKeys due to: server count low (5)"}
{"level":30,"time":1774722141912,"pid":70310,"hostname":"Mac.home","count":5,"retryCount":0,"msg":"uploading pre-keys"}
{"level":30,"time":1774722142154,"pid":70310,"hostname":"Mac.home","count":5,"msg":"uploaded pre-keys successfully"}
{"level":30,"time":1774722142310,"pid":70310,"hostname":"Mac.home","msg":"handled 0 offline messages/notifications"}
{"level":30,"time":1774722142311,"pid":70310,"hostname":"Mac.home","msg":"Connection is now AwaitingInitialSync, buffering events"}
{"level":30,"time":1774722142311,"pid":70310,"hostname":"Mac.home","msg":"History sync is disabled by config, not waiting for notification. Transitioning to Online."}
{"level":30,"time":1774722142472,"pid":70310,"hostname":"Mac.home","msg":"opened connection to WA"}
[WhatsApp] ✅ Bağlantı başarılı!
{"level":30,"time":1774722142487,"pid":70310,"hostname":"Mac.home","myPN":"905333559848:2@s.whatsapp.net","myLID":"129879995613400:2@lid","msg":"Own LID session created successfully"}
{"level":50,"time":1774722147582,"pid":70310,"hostname":"Mac.home","reasonNode":{"tag":"conflict","attrs":{"type":"replaced"}},"fullErrorNode":{"tag":"stream:error","attrs":{},"content":[{"tag":"conflict","attrs":{"type":"replaced"}}]},"msg":"stream errored out"}
{"level":30,"time":1774722147582,"pid":70310,"hostname":"Mac.home","trace":"Error: Stream Errored (conflict)\n    at WebSocketClient.<anonymous> (file:///Users/salihozgen/Desktop/psikolog-projesi/node_modules/@whiskeysockets/baileys/lib/Socket/socket.js:780:13)\n    at WebSocketClient.emit (node:events:518:28)\n    at file:///Users/salihozgen/Desktop/psikolog-projesi/node_modules/@whiskeysockets/baileys/lib/Socket/socket.js:464:35\n    at Object.decodeFrame (file:///Users/salihozgen/Desktop/psikolog-projesi/node_modules/@whiskeysockets/baileys/lib/Utils/noise-handler.js:141:17)\n    at process.processTicksAndRejections (node:internal/process/task_queues:105:5)\n    at async WebSocketClient.onMessageReceived (file:///Users/salihozgen/Desktop/psikolog-projesi/node_modules/@whiskeysockets/baileys/lib/Socket/socket.js:441:9)","msg":"connection errored"}
[WhatsApp] Bot süreci başlatılıyor...
{"level":30,"time":1774722152937,"pid":70310,"hostname":"Mac.home","browser":["Ubuntu","Chrome","122.0.0"],"helloMsg":{"clientHello":{"ephemeral":"FdVoVGRiAj3Gjpy0XTcW/Bn4vGhQ47BgoXOI1KpSnXU="}},"msg":"connected to WA"}
{"level":30,"time":1774722153111,"pid":70310,"hostname":"Mac.home","node":{"username":"905333559848","passive":true,"userAgent":{"platform":"WEB","appVersion":{"primary":2,"secondary":3000,"tertiary":1035194821},"mcc":"000","mnc":"000","osVersion":"0.1","device":"Desktop","osBuildNumber":"0.1","releaseChannel":"RELEASE","localeLanguageIso6391":"en","localeCountryIso31661Alpha2":"US"},"webInfo":{"webSubPlatform":"WEB_BROWSER"},"connectType":"WIFI_UNKNOWN","connectReason":"USER_ACTIVATED","device":2,"pull":true,"lidDbMigrated":false},"msg":"logging in..."}
{"level":30,"time":1774722153517,"pid":70310,"hostname":"Mac.home","msg":"5 pre-keys found on server"}
{"level":30,"time":1774722153517,"pid":70310,"hostname":"Mac.home","msg":"Current prekey ID: 3287, exists in storage: true"}
{"level":30,"time":1774722153517,"pid":70310,"hostname":"Mac.home","msg":"Uploading PreKeys due to: server count low (5)"}
{"level":30,"time":1774722153517,"pid":70310,"hostname":"Mac.home","count":5,"retryCount":0,"msg":"uploading pre-keys"}
{"level":30,"time":1774722153818,"pid":70310,"hostname":"Mac.home","count":5,"msg":"uploaded pre-keys successfully"}
{"level":30,"time":1774722154010,"pid":70310,"hostname":"Mac.home","msg":"handled 0 offline messages/notifications"}
{"level":30,"time":1774722154010,"pid":70310,"hostname":"Mac.home","msg":"Connection is now AwaitingInitialSync, buffering events"}
{"level":30,"time":1774722154010,"pid":70310,"hostname":"Mac.home","msg":"History sync is disabled by config, not waiting for notification. Transitioning to Online."}
{"level":30,"time":1774722154184,"pid":70310,"hostname":"Mac.home","msg":"opened connection to WA"}
[WhatsApp] ✅ Bağlantı başarılı!
{"level":30,"time":1774722154189,"pid":70310,"hostname":"Mac.home","myPN":"905333559848:2@s.whatsapp.net","myLID":"129879995613400:2@lid","msg":"Own LID session created successfully"}
{"level":50,"time":1774722159404,"pid":70310,"hostname":"Mac.home","reasonNode":{"tag":"conflict","attrs":{"type":"replaced"}},"fullErrorNode":{"tag":"stream:error","attrs":{},"content":[{"tag":"conflict","attrs":{"type":"replaced"}}]},"msg":"stream errored out"}
{"level":30,"time":1774722159405,"pid":70310,"hostname":"Mac.home","trace":"Error: Stream Errored (conflict)\n    at WebSocketClient.<anonymous> (file:///Users/salihozgen/Desktop/psikolog-projesi/node_modules/@whiskeysockets/baileys/lib/Socket/socket.js:780:13)\n    at WebSocketClient.emit (node:events:518:28)\n    at file:///Users/salihozgen/Desktop/psikolog-projesi/node_modules/@whiskeysockets/baileys/lib/Socket/socket.js:464:35\n    at Object.decodeFrame (file:///Users/salihozgen/Desktop/psikolog-projesi/node_modules/@whiskeysockets/baileys/lib/Utils/noise-handler.js:141:17)\n    at process.processTicksAndRejections (node:internal/process/task_queues:105:5)\n    at async WebSocketClient.onMessageReceived (file:///Users/salihozgen/Desktop/psikolog-projesi/node_modules/@whiskeysockets/baileys/lib/Socket/socket.js:441:9)","msg":"connection errored"}
[WhatsApp] Bot süreci başlatılıyor...
{"level":30,"time":1774722164662,"pid":70310,"hostname":"Mac.home","browser":["Ubuntu","Chrome","122.0.0"],"helloMsg":{"clientHello":{"ephemeral":"0FzklssaQXGPLm5FKUci+rf9Cu5nsPH8ntF2i9TLhS0="}},"msg":"connected to WA"}
{"level":30,"time":1774722164745,"pid":70310,"hostname":"Mac.home","node":{"username":"905333559848","passive":true,"userAgent":{"platform":"WEB","appVersion":{"primary":2,"secondary":3000,"tertiary":1035194821},"mcc":"000","mnc":"000","osVersion":"0.1","device":"Desktop","osBuildNumber":"0.1","releaseChannel":"RELEASE","localeLanguageIso6391":"en","localeCountryIso31661Alpha2":"US"},"webInfo":{"webSubPlatform":"WEB_BROWSER"},"connectType":"WIFI_UNKNOWN","connectReason":"USER_ACTIVATED","device":2,"pull":true,"lidDbMigrated":false},"msg":"logging in..."}
{"level":30,"time":1774722165459,"pid":70310,"hostname":"Mac.home","msg":"5 pre-keys found on server"}
{"level":30,"time":1774722165459,"pid":70310,"hostname":"Mac.home","msg":"Current prekey ID: 3297, exists in storage: true"}
{"level":30,"time":1774722165459,"pid":70310,"hostname":"Mac.home","msg":"Uploading PreKeys due to: server count low (5)"}
{"level":30,"time":1774722165459,"pid":70310,"hostname":"Mac.home","count":5,"retryCount":0,"msg":"uploading pre-keys"}
{"level":30,"time":1774722165868,"pid":70310,"hostname":"Mac.home","count":5,"msg":"uploaded pre-keys successfully"}
{"level":30,"time":1774722166065,"pid":70310,"hostname":"Mac.home","msg":"handled 0 offline messages/notifications"}
{"level":30,"time":1774722166065,"pid":70310,"hostname":"Mac.home","msg":"Connection is now AwaitingInitialSync, buffering events"}
{"level":30,"time":1774722166066,"pid":70310,"hostname":"Mac.home","msg":"History sync is disabled by config, not waiting for notification. Transitioning to Online."}
{"level":30,"time":1774722166291,"pid":70310,"hostname":"Mac.home","msg":"opened connection to WA"}
[WhatsApp] ✅ Bağlantı başarılı!
{"level":30,"time":1774722166313,"pid":70310,"hostname":"Mac.home","myPN":"905333559848:2@s.whatsapp.net","myLID":"129879995613400:2@lid","msg":"Own LID session created successfully"}
{"level":50,"time":1774722171070,"pid":70310,"hostname":"Mac.home","reasonNode":{"tag":"conflict","attrs":{"type":"replaced"}},"fullErrorNode":{"tag":"stream:error","attrs":{},"content":[{"tag":"conflict","attrs":{"type":"replaced"}}]},"msg":"stream errored out"}
{"level":30,"time":1774722171070,"pid":70310,"hostname":"Mac.home","trace":"Error: Stream Errored (conflict)\n    at WebSocketClient.<anonymous> (file:///Users/salihozgen/Desktop/psikolog-projesi/node_modules/@whiskeysockets/baileys/lib/Socket/socket.js:780:13)\n    at WebSocketClient.emit (node:events:518:28)\n    at file:///Users/salihozgen/Desktop/psikolog-projesi/node_modules/@whiskeysockets/baileys/lib/Socket/socket.js:464:35\n    at Object.decodeFrame (file:///Users/salihozgen/Desktop/psikolog-projesi/node_modules/@whiskeysockets/baileys/lib/Utils/noise-handler.js:141:17)\n    at process.processTicksAndRejections (node:internal/process/task_queues:105:5)\n    at async WebSocketClient.onMessageReceived (file:///Users/salihozgen/Desktop/psikolog-projesi/node_modules/@whiskeysockets/baileys/lib/Socket/socket.js:441:9)","msg":"connection errored"}
[WhatsApp] Bot süreci başlatılıyor...
{"level":30,"time":1774722176465,"pid":70310,"hostname":"Mac.home","browser":["Ubuntu","Chrome","122.0.0"],"helloMsg":{"clientHello":{"ephemeral":"K2ULA3bMnhYEznSKxTdStEhu5P4Tyi9Zny/xI+bqmHY="}},"msg":"connected to WA"}
{"level":30,"time":1774722176662,"pid":70310,"hostname":"Mac.home","node":{"username":"905333559848","passive":true,"userAgent":{"platform":"WEB","appVersion":{"primary":2,"secondary":3000,"tertiary":1035194821},"mcc":"000","mnc":"000","osVersion":"0.1","device":"Desktop","osBuildNumber":"0.1","releaseChannel":"RELEASE","localeLanguageIso6391":"en","localeCountryIso31661Alpha2":"US"},"webInfo":{"webSubPlatform":"WEB_BROWSER"},"connectType":"WIFI_UNKNOWN","connectReason":"USER_ACTIVATED","device":2,"pull":true,"lidDbMigrated":false},"msg":"logging in..."}
{"level":30,"time":1774722177129,"pid":70310,"hostname":"Mac.home","msg":"5 pre-keys found on server"}
{"level":30,"time":1774722177129,"pid":70310,"hostname":"Mac.home","msg":"Current prekey ID: 3307, exists in storage: true"}
{"level":30,"time":1774722177129,"pid":70310,"hostname":"Mac.home","msg":"Uploading PreKeys due to: server count low (5)"}
{"level":30,"time":1774722177129,"pid":70310,"hostname":"Mac.home","count":5,"retryCount":0,"msg":"uploading pre-keys"}
{"level":30,"time":1774722177478,"pid":70310,"hostname":"Mac.home","count":5,"msg":"uploaded pre-keys successfully"}
{"level":30,"time":1774722177715,"pid":70310,"hostname":"Mac.home","msg":"handled 0 offline messages/notifications"}
{"level":30,"time":1774722177715,"pid":70310,"hostname":"Mac.home","msg":"Connection is now AwaitingInitialSync, buffering events"}
{"level":30,"time":1774722177715,"pid":70310,"hostname":"Mac.home","msg":"History sync is disabled by config, not waiting for notification. Transitioning to Online."}
{"level":30,"time":1774722177904,"pid":70310,"hostname":"Mac.home","msg":"opened connection to WA"}
[WhatsApp] ✅ Bağlantı başarılı!
{"level":30,"time":1774722177928,"pid":70310,"hostname":"Mac.home","myPN":"905333559848:2@s.whatsapp.net","myLID":"129879995613400:2@lid","msg":"Own LID session created successfully"}
{"level":50,"time":1774722182862,"pid":70310,"hostname":"Mac.home","reasonNode":{"tag":"conflict","attrs":{"type":"replaced"}},"fullErrorNode":{"tag":"stream:error","attrs":{},"content":[{"tag":"conflict","attrs":{"type":"replaced"}}]},"msg":"stream errored out"}
{"level":30,"time":1774722182863,"pid":70310,"hostname":"Mac.home","trace":"Error: Stream Errored (conflict)\n    at WebSocketClient.<anonymous> (file:///Users/salihozgen/Desktop/psikolog-projesi/node_modules/@whiskeysockets/baileys/lib/Socket/socket.js:780:13)\n    at WebSocketClient.emit (node:events:518:28)\n    at file:///Users/salihozgen/Desktop/psikolog-projesi/node_modules/@whiskeysockets/baileys/lib/Socket/socket.js:464:35\n    at Object.decodeFrame (file:///Users/salihozgen/Desktop/psikolog-projesi/node_modules/@whiskeysockets/baileys/lib/Utils/noise-handler.js:141:17)\n    at process.processTicksAndRejections (node:internal/process/task_queues:105:5)\n    at async WebSocketClient.onMessageReceived (file:///Users/salihozgen/Desktop/psikolog-projesi/node_modules/@whiskeysockets/baileys/lib/Socket/socket.js:441:9)","msg":"connection errored"}
[WhatsApp] Bot süreci başlatılıyor...
{"level":30,"time":1774722188215,"pid":70310,"hostname":"Mac.home","browser":["Ubuntu","Chrome","122.0.0"],"helloMsg":{"clientHello":{"ephemeral":"pm7w2QXVLOyKIaVmLLi5tAtiHV5SKzEY436hyWdSyjQ="}},"msg":"connected to WA"}
{"level":30,"time":1774722188378,"pid":70310,"hostname":"Mac.home","node":{"username":"905333559848","passive":true,"userAgent":{"platform":"WEB","appVersion":{"primary":2,"secondary":3000,"tertiary":1035194821},"mcc":"000","mnc":"000","osVersion":"0.1","device":"Desktop","osBuildNumber":"0.1","releaseChannel":"RELEASE","localeLanguageIso6391":"en","localeCountryIso31661Alpha2":"US"},"webInfo":{"webSubPlatform":"WEB_BROWSER"},"connectType":"WIFI_UNKNOWN","connectReason":"USER_ACTIVATED","device":2,"pull":true,"lidDbMigrated":false},"msg":"logging in..."}
{"level":30,"time":1774722188698,"pid":70310,"hostname":"Mac.home","msg":"5 pre-keys found on server"}
{"level":30,"time":1774722188698,"pid":70310,"hostname":"Mac.home","msg":"Current prekey ID: 3317, exists in storage: true"}
{"level":30,"time":1774722188698,"pid":70310,"hostname":"Mac.home","msg":"Uploading PreKeys due to: server count low (5)"}
{"level":30,"time":1774722188698,"pid":70310,"hostname":"Mac.home","count":5,"retryCount":0,"msg":"uploading pre-keys"}
{"level":30,"time":1774722188901,"pid":70310,"hostname":"Mac.home","count":5,"msg":"uploaded pre-keys successfully"}
{"level":30,"time":1774722189109,"pid":70310,"hostname":"Mac.home","msg":"handled 0 offline messages/notifications"}
{"level":30,"time":1774722189109,"pid":70310,"hostname":"Mac.home","msg":"Connection is now AwaitingInitialSync, buffering events"}
{"level":30,"time":1774722189109,"pid":70310,"hostname":"Mac.home","msg":"History sync is disabled by config, not waiting for notification. Transitioning to Online."}
{"level":30,"time":1774722189214,"pid":70310,"hostname":"Mac.home","msg":"opened connection to WA"}
[WhatsApp] ✅ Bağlantı başarılı!
{"level":30,"time":1774722189223,"pid":70310,"hostname":"Mac.home","myPN":"905333559848:2@s.whatsapp.net","myLID":"129879995613400:2@lid","msg":"Own LID session created successfully"}
{"level":50,"time":1774722194654,"pid":70310,"hostname":"Mac.home","reasonNode":{"tag":"conflict","attrs":{"type":"replaced"}},"fullErrorNode":{"tag":"stream:error","attrs":{},"content":[{"tag":"conflict","attrs":{"type":"replaced"}}]},"msg":"stream errored out"}
{"level":30,"time":1774722194654,"pid":70310,"hostname":"Mac.home","trace":"Error: Stream Errored (conflict)\n    at WebSocketClient.<anonymous> (file:///Users/salihozgen/Desktop/psikolog-projesi/node_modules/@whiskeysockets/baileys/lib/Socket/socket.js:780:13)\n    at WebSocketClient.emit (node:events:518:28)\n    at file:///Users/salihozgen/Desktop/psikolog-projesi/node_modules/@whiskeysockets/baileys/lib/Socket/socket.js:464:35\n    at Object.decodeFrame (file:///Users/salihozgen/Desktop/psikolog-projesi/node_modules/@whiskeysockets/baileys/lib/Utils/noise-handler.js:141:17)\n    at process.processTicksAndRejections (node:internal/process/task_queues:105:5)\n    at async WebSocketClient.onMessageReceived (file:///Users/salihozgen/Desktop/psikolog-projesi/node_modules/@whiskeysockets/baileys/lib/Socket/socket.js:441:9)","msg":"connection errored"}
[WhatsApp] Bot süreci başlatılıyor...
{"level":30,"time":1774722200055,"pid":70310,"hostname":"Mac.home","browser":["Ubuntu","Chrome","122.0.0"],"helloMsg":{"clientHello":{"ephemeral":"aC50/8p5ETxg7nPyQFJGxtZc4P71WGmZL/RU8C22XW4="}},"msg":"connected to WA"}
{"level":30,"time":1774722200271,"pid":70310,"hostname":"Mac.home","node":{"username":"905333559848","passive":true,"userAgent":{"platform":"WEB","appVersion":{"primary":2,"secondary":3000,"tertiary":1035194821},"mcc":"000","mnc":"000","osVersion":"0.1","device":"Desktop","osBuildNumber":"0.1","releaseChannel":"RELEASE","localeLanguageIso6391":"en","localeCountryIso31661Alpha2":"US"},"webInfo":{"webSubPlatform":"WEB_BROWSER"},"connectType":"WIFI_UNKNOWN","connectReason":"USER_ACTIVATED","device":2,"pull":true,"lidDbMigrated":false},"msg":"logging in..."}
{"level":30,"time":1774722200806,"pid":70310,"hostname":"Mac.home","msg":"5 pre-keys found on server"}
{"level":30,"time":1774722200806,"pid":70310,"hostname":"Mac.home","msg":"Current prekey ID: 3327, exists in storage: true"}
{"level":30,"time":1774722200806,"pid":70310,"hostname":"Mac.home","msg":"Uploading PreKeys due to: server count low (5)"}
{"level":30,"time":1774722200806,"pid":70310,"hostname":"Mac.home","count":5,"retryCount":0,"msg":"uploading pre-keys"}
{"level":30,"time":1774722201245,"pid":70310,"hostname":"Mac.home","count":5,"msg":"uploaded pre-keys successfully"}
{"level":30,"time":1774722201518,"pid":70310,"hostname":"Mac.home","msg":"handled 0 offline messages/notifications"}
{"level":30,"time":1774722201518,"pid":70310,"hostname":"Mac.home","msg":"Connection is now AwaitingInitialSync, buffering events"}
{"level":30,"time":1774722201518,"pid":70310,"hostname":"Mac.home","msg":"History sync is disabled by config, not waiting for notification. Transitioning to Online."}
{"level":30,"time":1774722201717,"pid":70310,"hostname":"Mac.home","msg":"opened connection to WA"}
[WhatsApp] ✅ Bağlantı başarılı!
{"level":30,"time":1774722201734,"pid":70310,"hostname":"Mac.home","myPN":"905333559848:2@s.whatsapp.net","myLID":"129879995613400:2@lid","msg":"Own LID session created successfully"}
{"level":50,"time":1774722206573,"pid":70310,"hostname":"Mac.home","reasonNode":{"tag":"conflict","attrs":{"type":"replaced"}},"fullErrorNode":{"tag":"stream:error","attrs":{},"content":[{"tag":"conflict","attrs":{"type":"replaced"}}]},"msg":"stream errored out"}
{"level":30,"time":1774722206573,"pid":70310,"hostname":"Mac.home","trace":"Error: Stream Errored (conflict)\n    at WebSocketClient.<anonymous> (file:///Users/salihozgen/Desktop/psikolog-projesi/node_modules/@whiskeysockets/baileys/lib/Socket/socket.js:780:13)\n    at WebSocketClient.emit (node:events:518:28)\n    at file:///Users/salihozgen/Desktop/psikolog-projesi/node_modules/@whiskeysockets/baileys/lib/Socket/socket.js:464:35\n    at Object.decodeFrame (file:///Users/salihozgen/Desktop/psikolog-projesi/node_modules/@whiskeysockets/baileys/lib/Utils/noise-handler.js:141:17)\n    at process.processTicksAndRejections (node:internal/process/task_queues:105:5)\n    at async WebSocketClient.onMessageReceived (file:///Users/salihozgen/Desktop/psikolog-projesi/node_modules/@whiskeysockets/baileys/lib/Socket/socket.js:441:9)","msg":"connection errored"}
[WhatsApp] Bot süreci başlatılıyor...
{"level":30,"time":1774722211969,"pid":70310,"hostname":"Mac.home","browser":["Ubuntu","Chrome","122.0.0"],"helloMsg":{"clientHello":{"ephemeral":"tcU+JZX3L8a517XawAbeNKJfvZTfgPuIM+nxxxXC7jg="}},"msg":"connected to WA"}
{"level":30,"time":1774722212186,"pid":70310,"hostname":"Mac.home","node":{"username":"905333559848","passive":true,"userAgent":{"platform":"WEB","appVersion":{"primary":2,"secondary":3000,"tertiary":1035194821},"mcc":"000","mnc":"000","osVersion":"0.1","device":"Desktop","osBuildNumber":"0.1","releaseChannel":"RELEASE","localeLanguageIso6391":"en","localeCountryIso31661Alpha2":"US"},"webInfo":{"webSubPlatform":"WEB_BROWSER"},"connectType":"WIFI_UNKNOWN","connectReason":"USER_ACTIVATED","device":2,"pull":true,"lidDbMigrated":false},"msg":"logging in..."}
{"level":30,"time":1774722212727,"pid":70310,"hostname":"Mac.home","msg":"5 pre-keys found on server"}
{"level":30,"time":1774722212727,"pid":70310,"hostname":"Mac.home","msg":"Current prekey ID: 3337, exists in storage: true"}
{"level":30,"time":1774722212727,"pid":70310,"hostname":"Mac.home","msg":"Uploading PreKeys due to: server count low (5)"}
{"level":30,"time":1774722212727,"pid":70310,"hostname":"Mac.home","count":5,"retryCount":0,"msg":"uploading pre-keys"}
{"level":30,"time":1774722213174,"pid":70310,"hostname":"Mac.home","count":5,"msg":"uploaded pre-keys successfully"}
{"level":30,"time":1774722213444,"pid":70310,"hostname":"Mac.home","msg":"handled 0 offline messages/notifications"}
{"level":30,"time":1774722213445,"pid":70310,"hostname":"Mac.home","msg":"Connection is now AwaitingInitialSync, buffering events"}
{"level":30,"time":1774722213445,"pid":70310,"hostname":"Mac.home","msg":"History sync is disabled by config, not waiting for notification. Transitioning to Online."}
{"level":30,"time":1774722213655,"pid":70310,"hostname":"Mac.home","msg":"opened connection to WA"}
[WhatsApp] ✅ Bağlantı başarılı!
{"level":30,"time":1774722213674,"pid":70310,"hostname":"Mac.home","myPN":"905333559848:2@s.whatsapp.net","myLID":"129879995613400:2@lid","msg":"Own LID session created successfully"}
{"level":50,"time":1774722218439,"pid":70310,"hostname":"Mac.home","reasonNode":{"tag":"conflict","attrs":{"type":"replaced"}},"fullErrorNode":{"tag":"stream:error","attrs":{},"content":[{"tag":"conflict","attrs":{"type":"replaced"}}]},"msg":"stream errored out"}
{"level":30,"time":1774722218439,"pid":70310,"hostname":"Mac.home","trace":"Error: Stream Errored (conflict)\n    at WebSocketClient.<anonymous> (file:///Users/salihozgen/Desktop/psikolog-projesi/node_modules/@whiskeysockets/baileys/lib/Socket/socket.js:780:13)\n    at WebSocketClient.emit (node:events:518:28)\n    at file:///Users/salihozgen/Desktop/psikolog-projesi/node_modules/@whiskeysockets/baileys/lib/Socket/socket.js:464:35\n    at Object.decodeFrame (file:///Users/salihozgen/Desktop/psikolog-projesi/node_modules/@whiskeysockets/baileys/lib/Utils/noise-handler.js:141:17)\n    at process.processTicksAndRejections (node:internal/process/task_queues:105:5)\n    at async WebSocketClient.onMessageReceived (file:///Users/salihozgen/Desktop/psikolog-projesi/node_modules/@whiskeysockets/baileys/lib/Socket/socket.js:441:9)","msg":"connection errored"}
[WhatsApp] Bot süreci başlatılıyor...
{"level":30,"time":1774722223691,"pid":70310,"hostname":"Mac.home","browser":["Ubuntu","Chrome","122.0.0"],"helloMsg":{"clientHello":{"ephemeral":"GvhjonU5xVUwuIWl2g8ZMVN2nSwYADZn6D221NqYAFg="}},"msg":"connected to WA"}
{"level":30,"time":1774722223765,"pid":70310,"hostname":"Mac.home","node":{"username":"905333559848","passive":true,"userAgent":{"platform":"WEB","appVersion":{"primary":2,"secondary":3000,"tertiary":1035194821},"mcc":"000","mnc":"000","osVersion":"0.1","device":"Desktop","osBuildNumber":"0.1","releaseChannel":"RELEASE","localeLanguageIso6391":"en","localeCountryIso31661Alpha2":"US"},"webInfo":{"webSubPlatform":"WEB_BROWSER"},"connectType":"WIFI_UNKNOWN","connectReason":"USER_ACTIVATED","device":2,"pull":true,"lidDbMigrated":false},"msg":"logging in..."}
{"level":30,"time":1774722224292,"pid":70310,"hostname":"Mac.home","msg":"5 pre-keys found on server"}
{"level":30,"time":1774722224293,"pid":70310,"hostname":"Mac.home","msg":"Current prekey ID: 3347, exists in storage: true"}
{"level":30,"time":1774722224293,"pid":70310,"hostname":"Mac.home","msg":"Uploading PreKeys due to: server count low (5)"}
{"level":30,"time":1774722224293,"pid":70310,"hostname":"Mac.home","count":5,"retryCount":0,"msg":"uploading pre-keys"}
{"level":30,"time":1774722224908,"pid":70310,"hostname":"Mac.home","count":5,"msg":"uploaded pre-keys successfully"}
{"level":30,"time":1774722225125,"pid":70310,"hostname":"Mac.home","msg":"handled 0 offline messages/notifications"}
{"level":30,"time":1774722225125,"pid":70310,"hostname":"Mac.home","msg":"Connection is now AwaitingInitialSync, buffering events"}
{"level":30,"time":1774722225125,"pid":70310,"hostname":"Mac.home","msg":"History sync is disabled by config, not waiting for notification. Transitioning to Online."}
{"level":30,"time":1774722225315,"pid":70310,"hostname":"Mac.home","msg":"opened connection to WA"}
[WhatsApp] ✅ Bağlantı başarılı!
{"level":30,"time":1774722225335,"pid":70310,"hostname":"Mac.home","myPN":"905333559848:2@s.whatsapp.net","myLID":"129879995613400:2@lid","msg":"Own LID session created successfully"}
{"level":50,"time":1774722230045,"pid":70310,"hostname":"Mac.home","reasonNode":{"tag":"conflict","attrs":{"type":"replaced"}},"fullErrorNode":{"tag":"stream:error","attrs":{},"content":[{"tag":"conflict","attrs":{"type":"replaced"}}]},"msg":"stream errored out"}
{"level":30,"time":1774722230045,"pid":70310,"hostname":"Mac.home","trace":"Error: Stream Errored (conflict)\n    at WebSocketClient.<anonymous> (file:///Users/salihozgen/Desktop/psikolog-projesi/node_modules/@whiskeysockets/baileys/lib/Socket/socket.js:780:13)\n    at WebSocketClient.emit (node:events:518:28)\n    at file:///Users/salihozgen/Desktop/psikolog-projesi/node_modules/@whiskeysockets/baileys/lib/Socket/socket.js:464:35\n    at Object.decodeFrame (file:///Users/salihozgen/Desktop/psikolog-projesi/node_modules/@whiskeysockets/baileys/lib/Utils/noise-handler.js:141:17)\n    at process.processTicksAndRejections (node:internal/process/task_queues:105:5)\n    at async WebSocketClient.onMessageReceived (file:///Users/salihozgen/Desktop/psikolog-projesi/node_modules/@whiskeysockets/baileys/lib/Socket/socket.js:441:9)","msg":"connection errored"}
[WhatsApp] Bot süreci başlatılıyor...
{"level":30,"time":1774722235371,"pid":70310,"hostname":"Mac.home","browser":["Ubuntu","Chrome","122.0.0"],"helloMsg":{"clientHello":{"ephemeral":"OcNOUqf7SFGylmGhNeb4WIDQRZSuIcXbE6k7/bWEjXA="}},"msg":"connected to WA"}
{"level":30,"time":1774722235531,"pid":70310,"hostname":"Mac.home","node":{"username":"905333559848","passive":true,"userAgent":{"platform":"WEB","appVersion":{"primary":2,"secondary":3000,"tertiary":1035194821},"mcc":"000","mnc":"000","osVersion":"0.1","device":"Desktop","osBuildNumber":"0.1","releaseChannel":"RELEASE","localeLanguageIso6391":"en","localeCountryIso31661Alpha2":"US"},"webInfo":{"webSubPlatform":"WEB_BROWSER"},"connectType":"WIFI_UNKNOWN","connectReason":"USER_ACTIVATED","device":2,"pull":true,"lidDbMigrated":false},"msg":"logging in..."}
{"level":30,"time":1774722235866,"pid":70310,"hostname":"Mac.home","msg":"5 pre-keys found on server"}
{"level":30,"time":1774722235866,"pid":70310,"hostname":"Mac.home","msg":"Current prekey ID: 3357, exists in storage: true"}
{"level":30,"time":1774722235866,"pid":70310,"hostname":"Mac.home","msg":"Uploading PreKeys due to: server count low (5)"}
{"level":30,"time":1774722235866,"pid":70310,"hostname":"Mac.home","count":5,"retryCount":0,"msg":"uploading pre-keys"}
{"level":30,"time":1774722236114,"pid":70310,"hostname":"Mac.home","count":5,"msg":"uploaded pre-keys successfully"}
{"level":30,"time":1774722236271,"pid":70310,"hostname":"Mac.home","msg":"handled 0 offline messages/notifications"}
{"level":30,"time":1774722236271,"pid":70310,"hostname":"Mac.home","msg":"Connection is now AwaitingInitialSync, buffering events"}
{"level":30,"time":1774722236271,"pid":70310,"hostname":"Mac.home","msg":"History sync is disabled by config, not waiting for notification. Transitioning to Online."}
{"level":30,"time":1774722236430,"pid":70310,"hostname":"Mac.home","msg":"opened connection to WA"}
[WhatsApp] ✅ Bağlantı başarılı!
{"level":30,"time":1774722236447,"pid":70310,"hostname":"Mac.home","myPN":"905333559848:2@s.whatsapp.net","myLID":"129879995613400:2@lid","msg":"Own LID session created successfully"}
{"level":50,"time":1774722241832,"pid":70310,"hostname":"Mac.home","reasonNode":{"tag":"conflict","attrs":{"type":"replaced"}},"fullErrorNode":{"tag":"stream:error","attrs":{},"content":[{"tag":"conflict","attrs":{"type":"replaced"}}]},"msg":"stream errored out"}
{"level":30,"time":1774722241832,"pid":70310,"hostname":"Mac.home","trace":"Error: Stream Errored (conflict)\n    at WebSocketClient.<anonymous> (file:///Users/salihozgen/Desktop/psikolog-projesi/node_modules/@whiskeysockets/baileys/lib/Socket/socket.js:780:13)\n    at WebSocketClient.emit (node:events:518:28)\n    at file:///Users/salihozgen/Desktop/psikolog-projesi/node_modules/@whiskeysockets/baileys/lib/Socket/socket.js:464:35\n    at Object.decodeFrame (file:///Users/salihozgen/Desktop/psikolog-projesi/node_modules/@whiskeysockets/baileys/lib/Utils/noise-handler.js:141:17)\n    at process.processTicksAndRejections (node:internal/process/task_queues:105:5)\n    at async WebSocketClient.onMessageReceived (file:///Users/salihozgen/Desktop/psikolog-projesi/node_modules/@whiskeysockets/baileys/lib/Socket/socket.js:441:9)","msg":"connection errored"}
[WhatsApp] Bot süreci başlatılıyor...
{"level":30,"time":1774722247171,"pid":70310,"hostname":"Mac.home","browser":["Ubuntu","Chrome","122.0.0"],"helloMsg":{"clientHello":{"ephemeral":"2+qmAENyOI/KgxAvU9YJwL+sIclXaGZwgPSLZDrypks="}},"msg":"connected to WA"}
{"level":30,"time":1774722247328,"pid":70310,"hostname":"Mac.home","node":{"username":"905333559848","passive":true,"userAgent":{"platform":"WEB","appVersion":{"primary":2,"secondary":3000,"tertiary":1035194821},"mcc":"000","mnc":"000","osVersion":"0.1","device":"Desktop","osBuildNumber":"0.1","releaseChannel":"RELEASE","localeLanguageIso6391":"en","localeCountryIso31661Alpha2":"US"},"webInfo":{"webSubPlatform":"WEB_BROWSER"},"connectType":"WIFI_UNKNOWN","connectReason":"USER_ACTIVATED","device":2,"pull":true,"lidDbMigrated":false},"msg":"logging in..."}
{"level":30,"time":1774722247643,"pid":70310,"hostname":"Mac.home","msg":"5 pre-keys found on server"}
{"level":30,"time":1774722247643,"pid":70310,"hostname":"Mac.home","msg":"Current prekey ID: 3367, exists in storage: true"}
{"level":30,"time":1774722247643,"pid":70310,"hostname":"Mac.home","msg":"Uploading PreKeys due to: server count low (5)"}
{"level":30,"time":1774722247643,"pid":70310,"hostname":"Mac.home","count":5,"retryCount":0,"msg":"uploading pre-keys"}
{"level":30,"time":1774722247854,"pid":70310,"hostname":"Mac.home","count":5,"msg":"uploaded pre-keys successfully"}
{"level":30,"time":1774722248064,"pid":70310,"hostname":"Mac.home","msg":"handled 0 offline messages/notifications"}
{"level":30,"time":1774722248064,"pid":70310,"hostname":"Mac.home","msg":"Connection is now AwaitingInitialSync, buffering events"}
{"level":30,"time":1774722248064,"pid":70310,"hostname":"Mac.home","msg":"History sync is disabled by config, not waiting for notification. Transitioning to Online."}
{"level":30,"time":1774722248169,"pid":70310,"hostname":"Mac.home","msg":"opened connection to WA"}
[WhatsApp] ✅ Bağlantı başarılı!
{"level":30,"time":1774722248184,"pid":70310,"hostname":"Mac.home","myPN":"905333559848:2@s.whatsapp.net","myLID":"129879995613400:2@lid","msg":"Own LID session created successfully"}
{"level":50,"time":1774722253290,"pid":70310,"hostname":"Mac.home","reasonNode":{"tag":"conflict","attrs":{"type":"replaced"}},"fullErrorNode":{"tag":"stream:error","attrs":{},"content":[{"tag":"conflict","attrs":{"type":"replaced"}}]},"msg":"stream errored out"}
{"level":30,"time":1774722253291,"pid":70310,"hostname":"Mac.home","trace":"Error: Stream Errored (conflict)\n    at WebSocketClient.<anonymous> (file:///Users/salihozgen/Desktop/psikolog-projesi/node_modules/@whiskeysockets/baileys/lib/Socket/socket.js:780:13)\n    at WebSocketClient.emit (node:events:518:28)\n    at file:///Users/salihozgen/Desktop/psikolog-projesi/node_modules/@whiskeysockets/baileys/lib/Socket/socket.js:464:35\n    at Object.decodeFrame (file:///Users/salihozgen/Desktop/psikolog-projesi/node_modules/@whiskeysockets/baileys/lib/Utils/noise-handler.js:141:17)\n    at process.processTicksAndRejections (node:internal/process/task_queues:105:5)\n    at async WebSocketClient.onMessageReceived (file:///Users/salihozgen/Desktop/psikolog-projesi/node_modules/@whiskeysockets/baileys/lib/Socket/socket.js:441:9)","msg":"connection errored"}
[WhatsApp] Bot süreci başlatılıyor...
{"level":30,"time":1774722258557,"pid":70310,"hostname":"Mac.home","browser":["Ubuntu","Chrome","122.0.0"],"helloMsg":{"clientHello":{"ephemeral":"u3T1hwe5ckGGp3Z1ztaaduoqrMJKHI/MjTeVlGIOCTY="}},"msg":"connected to WA"}
{"level":30,"time":1774722258641,"pid":70310,"hostname":"Mac.home","node":{"username":"905333559848","passive":true,"userAgent":{"platform":"WEB","appVersion":{"primary":2,"secondary":3000,"tertiary":1035194821},"mcc":"000","mnc":"000","osVersion":"0.1","device":"Desktop","osBuildNumber":"0.1","releaseChannel":"RELEASE","localeLanguageIso6391":"en","localeCountryIso31661Alpha2":"US"},"webInfo":{"webSubPlatform":"WEB_BROWSER"},"connectType":"WIFI_UNKNOWN","connectReason":"USER_ACTIVATED","device":2,"pull":true,"lidDbMigrated":false},"msg":"logging in..."}
{"level":30,"time":1774722259331,"pid":70310,"hostname":"Mac.home","msg":"5 pre-keys found on server"}
{"level":30,"time":1774722259331,"pid":70310,"hostname":"Mac.home","msg":"Current prekey ID: 3377, exists in storage: true"}
{"level":30,"time":1774722259331,"pid":70310,"hostname":"Mac.home","msg":"Uploading PreKeys due to: server count low (5)"}
{"level":30,"time":1774722259331,"pid":70310,"hostname":"Mac.home","count":5,"retryCount":0,"msg":"uploading pre-keys"}
{"level":30,"time":1774722259763,"pid":70310,"hostname":"Mac.home","count":5,"msg":"uploaded pre-keys successfully"}
{"level":30,"time":1774722259968,"pid":70310,"hostname":"Mac.home","msg":"handled 0 offline messages/notifications"}
{"level":30,"time":1774722259968,"pid":70310,"hostname":"Mac.home","msg":"Connection is now AwaitingInitialSync, buffering events"}
{"level":30,"time":1774722259968,"pid":70310,"hostname":"Mac.home","msg":"History sync is disabled by config, not waiting for notification. Transitioning to Online."}
{"level":30,"time":1774722260016,"pid":70310,"hostname":"Mac.home","msg":"opened connection to WA"}
[WhatsApp] ✅ Bağlantı başarılı!
{"level":30,"time":1774722260022,"pid":70310,"hostname":"Mac.home","myPN":"905333559848:2@s.whatsapp.net","myLID":"129879995613400:2@lid","msg":"Own LID session created successfully"}
{"level":50,"time":1774722264671,"pid":70310,"hostname":"Mac.home","reasonNode":{"tag":"conflict","attrs":{"type":"replaced"}},"fullErrorNode":{"tag":"stream:error","attrs":{},"content":[{"tag":"conflict","attrs":{"type":"replaced"}}]},"msg":"stream errored out"}
{"level":30,"time":1774722264671,"pid":70310,"hostname":"Mac.home","trace":"Error: Stream Errored (conflict)\n    at WebSocketClient.<anonymous> (file:///Users/salihozgen/Desktop/psikolog-projesi/node_modules/@whiskeysockets/baileys/lib/Socket/socket.js:780:13)\n    at WebSocketClient.emit (node:events:518:28)\n    at file:///Users/salihozgen/Desktop/psikolog-projesi/node_modules/@whiskeysockets/baileys/lib/Socket/socket.js:464:35\n    at Object.decodeFrame (file:///Users/salihozgen/Desktop/psikolog-projesi/node_modules/@whiskeysockets/baileys/lib/Utils/noise-handler.js:141:17)\n    at process.processTicksAndRejections (node:internal/process/task_queues:105:5)\n    at async WebSocketClient.onMessageReceived (file:///Users/salihozgen/Desktop/psikolog-projesi/node_modules/@whiskeysockets/baileys/lib/Socket/socket.js:441:9)","msg":"connection errored"}
[WhatsApp] Bot süreci başlatılıyor...
{"level":30,"time":1774722269939,"pid":70310,"hostname":"Mac.home","browser":["Ubuntu","Chrome","122.0.0"],"helloMsg":{"clientHello":{"ephemeral":"fgz3Yj7NJGEIcr/nC6+dE1CVFnesCIhR9QNIwV88UVo="}},"msg":"connected to WA"}
{"level":30,"time":1774722270027,"pid":70310,"hostname":"Mac.home","node":{"username":"905333559848","passive":true,"userAgent":{"platform":"WEB","appVersion":{"primary":2,"secondary":3000,"tertiary":1035194821},"mcc":"000","mnc":"000","osVersion":"0.1","device":"Desktop","osBuildNumber":"0.1","releaseChannel":"RELEASE","localeLanguageIso6391":"en","localeCountryIso31661Alpha2":"US"},"webInfo":{"webSubPlatform":"WEB_BROWSER"},"connectType":"WIFI_UNKNOWN","connectReason":"USER_ACTIVATED","device":2,"pull":true,"lidDbMigrated":false},"msg":"logging in..."}
{"level":30,"time":1774722270703,"pid":70310,"hostname":"Mac.home","msg":"5 pre-keys found on server"}
{"level":30,"time":1774722270703,"pid":70310,"hostname":"Mac.home","msg":"Current prekey ID: 3387, exists in storage: true"}
{"level":30,"time":1774722270703,"pid":70310,"hostname":"Mac.home","msg":"Uploading PreKeys due to: server count low (5)"}
{"level":30,"time":1774722270703,"pid":70310,"hostname":"Mac.home","count":5,"retryCount":0,"msg":"uploading pre-keys"}
{"level":30,"time":1774722271263,"pid":70310,"hostname":"Mac.home","count":5,"msg":"uploaded pre-keys successfully"}
{"level":30,"time":1774722271463,"pid":70310,"hostname":"Mac.home","msg":"handled 0 offline messages/notifications"}
{"level":30,"time":1774722271463,"pid":70310,"hostname":"Mac.home","msg":"Connection is now AwaitingInitialSync, buffering events"}
{"level":30,"time":1774722271463,"pid":70310,"hostname":"Mac.home","msg":"History sync is disabled by config, not waiting for notification. Transitioning to Online."}
{"level":30,"time":1774722271531,"pid":70310,"hostname":"Mac.home","msg":"opened connection to WA"}
[WhatsApp] ✅ Bağlantı başarılı!
{"level":30,"time":1774722271551,"pid":70310,"hostname":"Mac.home","myPN":"905333559848:2@s.whatsapp.net","myLID":"129879995613400:2@lid","msg":"Own LID session created successfully"}
{"level":50,"time":1774722275982,"pid":70310,"hostname":"Mac.home","reasonNode":{"tag":"conflict","attrs":{"type":"replaced"}},"fullErrorNode":{"tag":"stream:error","attrs":{},"content":[{"tag":"conflict","attrs":{"type":"replaced"}}]},"msg":"stream errored out"}
{"level":30,"time":1774722275982,"pid":70310,"hostname":"Mac.home","trace":"Error: Stream Errored (conflict)\n    at WebSocketClient.<anonymous> (file:///Users/salihozgen/Desktop/psikolog-projesi/node_modules/@whiskeysockets/baileys/lib/Socket/socket.js:780:13)\n    at WebSocketClient.emit (node:events:518:28)\n    at file:///Users/salihozgen/Desktop/psikolog-projesi/node_modules/@whiskeysockets/baileys/lib/Socket/socket.js:464:35\n    at Object.decodeFrame (file:///Users/salihozgen/Desktop/psikolog-projesi/node_modules/@whiskeysockets/baileys/lib/Utils/noise-handler.js:141:17)\n    at process.processTicksAndRejections (node:internal/process/task_queues:105:5)\n    at async WebSocketClient.onMessageReceived (file:///Users/salihozgen/Desktop/psikolog-projesi/node_modules/@whiskeysockets/baileys/lib/Socket/socket.js:441:9)","msg":"connection errored"}
[WhatsApp] Bot süreci başlatılıyor...
{"level":30,"time":1774722281355,"pid":70310,"hostname":"Mac.home","browser":["Ubuntu","Chrome","122.0.0"],"helloMsg":{"clientHello":{"ephemeral":"W+c8PAVH6uNl0BB4aprWQoinCk7ADZ8ibaWw43ygqkI="}},"msg":"connected to WA"}
{"level":30,"time":1774722281566,"pid":70310,"hostname":"Mac.home","node":{"username":"905333559848","passive":true,"userAgent":{"platform":"WEB","appVersion":{"primary":2,"secondary":3000,"tertiary":1035194821},"mcc":"000","mnc":"000","osVersion":"0.1","device":"Desktop","osBuildNumber":"0.1","releaseChannel":"RELEASE","localeLanguageIso6391":"en","localeCountryIso31661Alpha2":"US"},"webInfo":{"webSubPlatform":"WEB_BROWSER"},"connectType":"WIFI_UNKNOWN","connectReason":"USER_ACTIVATED","device":2,"pull":true,"lidDbMigrated":false},"msg":"logging in..."}
{"level":30,"time":1774722282114,"pid":70310,"hostname":"Mac.home","msg":"5 pre-keys found on server"}
{"level":30,"time":1774722282114,"pid":70310,"hostname":"Mac.home","msg":"Current prekey ID: 3397, exists in storage: true"}
{"level":30,"time":1774722282114,"pid":70310,"hostname":"Mac.home","msg":"Uploading PreKeys due to: server count low (5)"}
{"level":30,"time":1774722282114,"pid":70310,"hostname":"Mac.home","count":5,"retryCount":0,"msg":"uploading pre-keys"}
{"level":30,"time":1774722282562,"pid":70310,"hostname":"Mac.home","count":5,"msg":"uploaded pre-keys successfully"}
{"level":30,"time":1774722282828,"pid":70310,"hostname":"Mac.home","msg":"handled 0 offline messages/notifications"}
{"level":30,"time":1774722282829,"pid":70310,"hostname":"Mac.home","msg":"Connection is now AwaitingInitialSync, buffering events"}
{"level":30,"time":1774722282829,"pid":70310,"hostname":"Mac.home","msg":"History sync is disabled by config, not waiting for notification. Transitioning to Online."}
{"level":30,"time":1774722283030,"pid":70310,"hostname":"Mac.home","msg":"opened connection to WA"}
[WhatsApp] ✅ Bağlantı başarılı!
{"level":30,"time":1774722283036,"pid":70310,"hostname":"Mac.home","myPN":"905333559848:2@s.whatsapp.net","myLID":"129879995613400:2@lid","msg":"Own LID session created successfully"}
{"level":50,"time":1774722287726,"pid":70310,"hostname":"Mac.home","reasonNode":{"tag":"conflict","attrs":{"type":"replaced"}},"fullErrorNode":{"tag":"stream:error","attrs":{},"content":[{"tag":"conflict","attrs":{"type":"replaced"}}]},"msg":"stream errored out"}
{"level":30,"time":1774722287726,"pid":70310,"hostname":"Mac.home","trace":"Error: Stream Errored (conflict)\n    at WebSocketClient.<anonymous> (file:///Users/salihozgen/Desktop/psikolog-projesi/node_modules/@whiskeysockets/baileys/lib/Socket/socket.js:780:13)\n    at WebSocketClient.emit (node:events:518:28)\n    at file:///Users/salihozgen/Desktop/psikolog-projesi/node_modules/@whiskeysockets/baileys/lib/Socket/socket.js:464:35\n    at Object.decodeFrame (file:///Users/salihozgen/Desktop/psikolog-projesi/node_modules/@whiskeysockets/baileys/lib/Utils/noise-handler.js:141:17)\n    at process.processTicksAndRejections (node:internal/process/task_queues:105:5)\n    at async WebSocketClient.onMessageReceived (file:///Users/salihozgen/Desktop/psikolog-projesi/node_modules/@whiskeysockets/baileys/lib/Socket/socket.js:441:9)","msg":"connection errored"}
[WhatsApp] Bot süreci başlatılıyor...
{"level":30,"time":1774722292966,"pid":70310,"hostname":"Mac.home","browser":["Ubuntu","Chrome","122.0.0"],"helloMsg":{"clientHello":{"ephemeral":"WrWBGr7bVvReSrbGM00012sqXOGJ0zRgkTwqOeTI1QY="}},"msg":"connected to WA"}
{"level":30,"time":1774722293040,"pid":70310,"hostname":"Mac.home","node":{"username":"905333559848","passive":true,"userAgent":{"platform":"WEB","appVersion":{"primary":2,"secondary":3000,"tertiary":1035194821},"mcc":"000","mnc":"000","osVersion":"0.1","device":"Desktop","osBuildNumber":"0.1","releaseChannel":"RELEASE","localeLanguageIso6391":"en","localeCountryIso31661Alpha2":"US"},"webInfo":{"webSubPlatform":"WEB_BROWSER"},"connectType":"WIFI_UNKNOWN","connectReason":"USER_ACTIVATED","device":2,"pull":true,"lidDbMigrated":false},"msg":"logging in..."}
{"level":30,"time":1774722293561,"pid":70310,"hostname":"Mac.home","msg":"5 pre-keys found on server"}
{"level":30,"time":1774722293561,"pid":70310,"hostname":"Mac.home","msg":"Current prekey ID: 3407, exists in storage: true"}
{"level":30,"time":1774722293561,"pid":70310,"hostname":"Mac.home","msg":"Uploading PreKeys due to: server count low (5)"}
{"level":30,"time":1774722293561,"pid":70310,"hostname":"Mac.home","count":5,"retryCount":0,"msg":"uploading pre-keys"}
{"level":30,"time":1774722293994,"pid":70310,"hostname":"Mac.home","count":5,"msg":"uploaded pre-keys successfully"}
{"level":30,"time":1774722294199,"pid":70310,"hostname":"Mac.home","msg":"handled 0 offline messages/notifications"}
{"level":30,"time":1774722294199,"pid":70310,"hostname":"Mac.home","msg":"Connection is now AwaitingInitialSync, buffering events"}
{"level":30,"time":1774722294199,"pid":70310,"hostname":"Mac.home","msg":"History sync is disabled by config, not waiting for notification. Transitioning to Online."}
{"level":30,"time":1774722294240,"pid":70310,"hostname":"Mac.home","msg":"opened connection to WA"}
[WhatsApp] ✅ Bağlantı başarılı!
{"level":30,"time":1774722294257,"pid":70310,"hostname":"Mac.home","myPN":"905333559848:2@s.whatsapp.net","myLID":"129879995613400:2@lid","msg":"Own LID session created successfully"}
{"level":50,"time":1774722299201,"pid":70310,"hostname":"Mac.home","reasonNode":{"tag":"conflict","attrs":{"type":"replaced"}},"fullErrorNode":{"tag":"stream:error","attrs":{},"content":[{"tag":"conflict","attrs":{"type":"replaced"}}]},"msg":"stream errored out"}
{"level":30,"time":1774722299201,"pid":70310,"hostname":"Mac.home","trace":"Error: Stream Errored (conflict)\n    at WebSocketClient.<anonymous> (file:///Users/salihozgen/Desktop/psikolog-projesi/node_modules/@whiskeysockets/baileys/lib/Socket/socket.js:780:13)\n    at WebSocketClient.emit (node:events:518:28)\n    at file:///Users/salihozgen/Desktop/psikolog-projesi/node_modules/@whiskeysockets/baileys/lib/Socket/socket.js:464:35\n    at Object.decodeFrame (file:///Users/salihozgen/Desktop/psikolog-projesi/node_modules/@whiskeysockets/baileys/lib/Utils/noise-handler.js:141:17)\n    at process.processTicksAndRejections (node:internal/process/task_queues:105:5)\n    at async WebSocketClient.onMessageReceived (file:///Users/salihozgen/Desktop/psikolog-projesi/node_modules/@whiskeysockets/baileys/lib/Socket/socket.js:441:9)","msg":"connection errored"}
[WhatsApp] Bot süreci başlatılıyor...
{"level":30,"time":1774722304557,"pid":70310,"hostname":"Mac.home","browser":["Ubuntu","Chrome","122.0.0"],"helloMsg":{"clientHello":{"ephemeral":"KZPi5JQE4hYuTlSK/wOY5Fhwvt/JUKs9D8hRRHslp04="}},"msg":"connected to WA"}
{"level":30,"time":1774722304731,"pid":70310,"hostname":"Mac.home","node":{"username":"905333559848","passive":true,"userAgent":{"platform":"WEB","appVersion":{"primary":2,"secondary":3000,"tertiary":1035194821},"mcc":"000","mnc":"000","osVersion":"0.1","device":"Desktop","osBuildNumber":"0.1","releaseChannel":"RELEASE","localeLanguageIso6391":"en","localeCountryIso31661Alpha2":"US"},"webInfo":{"webSubPlatform":"WEB_BROWSER"},"connectType":"WIFI_UNKNOWN","connectReason":"USER_ACTIVATED","device":2,"pull":true,"lidDbMigrated":false},"msg":"logging in..."}
{"level":30,"time":1774722305126,"pid":70310,"hostname":"Mac.home","msg":"5 pre-keys found on server"}
{"level":30,"time":1774722305126,"pid":70310,"hostname":"Mac.home","msg":"Current prekey ID: 3417, exists in storage: true"}
{"level":30,"time":1774722305126,"pid":70310,"hostname":"Mac.home","msg":"Uploading PreKeys due to: server count low (5)"}
{"level":30,"time":1774722305126,"pid":70310,"hostname":"Mac.home","count":5,"retryCount":0,"msg":"uploading pre-keys"}
{"level":30,"time":1774722305439,"pid":70310,"hostname":"Mac.home","count":5,"msg":"uploaded pre-keys successfully"}
{"level":30,"time":1774722305630,"pid":70310,"hostname":"Mac.home","msg":"handled 0 offline messages/notifications"}
{"level":30,"time":1774722305630,"pid":70310,"hostname":"Mac.home","msg":"Connection is now AwaitingInitialSync, buffering events"}
{"level":30,"time":1774722305630,"pid":70310,"hostname":"Mac.home","msg":"History sync is disabled by config, not waiting for notification. Transitioning to Online."}
{"level":30,"time":1774722305800,"pid":70310,"hostname":"Mac.home","msg":"opened connection to WA"}
[WhatsApp] ✅ Bağlantı başarılı!
{"level":30,"time":1774722305818,"pid":70310,"hostname":"Mac.home","myPN":"905333559848:2@s.whatsapp.net","myLID":"129879995613400:2@lid","msg":"Own LID session created successfully"}
{"level":50,"time":1774722311173,"pid":70310,"hostname":"Mac.home","reasonNode":{"tag":"conflict","attrs":{"type":"replaced"}},"fullErrorNode":{"tag":"stream:error","attrs":{},"content":[{"tag":"conflict","attrs":{"type":"replaced"}}]},"msg":"stream errored out"}
{"level":30,"time":1774722311174,"pid":70310,"hostname":"Mac.home","trace":"Error: Stream Errored (conflict)\n    at WebSocketClient.<anonymous> (file:///Users/salihozgen/Desktop/psikolog-projesi/node_modules/@whiskeysockets/baileys/lib/Socket/socket.js:780:13)\n    at WebSocketClient.emit (node:events:518:28)\n    at file:///Users/salihozgen/Desktop/psikolog-projesi/node_modules/@whiskeysockets/baileys/lib/Socket/socket.js:464:35\n    at Object.decodeFrame (file:///Users/salihozgen/Desktop/psikolog-projesi/node_modules/@whiskeysockets/baileys/lib/Utils/noise-handler.js:141:17)\n    at process.processTicksAndRejections (node:internal/process/task_queues:105:5)\n    at async WebSocketClient.onMessageReceived (file:///Users/salihozgen/Desktop/psikolog-projesi/node_modules/@whiskeysockets/baileys/lib/Socket/socket.js:441:9)","msg":"connection errored"}
[WhatsApp] Bot süreci başlatılıyor...
{"level":30,"time":1774722316521,"pid":70310,"hostname":"Mac.home","browser":["Ubuntu","Chrome","122.0.0"],"helloMsg":{"clientHello":{"ephemeral":"Fo6pGoxb0XS9Yg231OgZdnlWP93EFpeHZ8snETHn6Q8="}},"msg":"connected to WA"}
{"level":30,"time":1774722316688,"pid":70310,"hostname":"Mac.home","node":{"username":"905333559848","passive":true,"userAgent":{"platform":"WEB","appVersion":{"primary":2,"secondary":3000,"tertiary":1035194821},"mcc":"000","mnc":"000","osVersion":"0.1","device":"Desktop","osBuildNumber":"0.1","releaseChannel":"RELEASE","localeLanguageIso6391":"en","localeCountryIso31661Alpha2":"US"},"webInfo":{"webSubPlatform":"WEB_BROWSER"},"connectType":"WIFI_UNKNOWN","connectReason":"USER_ACTIVATED","device":2,"pull":true,"lidDbMigrated":false},"msg":"logging in..."}
{"level":30,"time":1774722317009,"pid":70310,"hostname":"Mac.home","msg":"5 pre-keys found on server"}
{"level":30,"time":1774722317009,"pid":70310,"hostname":"Mac.home","msg":"Current prekey ID: 3427, exists in storage: true"}
{"level":30,"time":1774722317009,"pid":70310,"hostname":"Mac.home","msg":"Uploading PreKeys due to: server count low (5)"}
{"level":30,"time":1774722317009,"pid":70310,"hostname":"Mac.home","count":5,"retryCount":0,"msg":"uploading pre-keys"}
{"level":30,"time":1774722317223,"pid":70310,"hostname":"Mac.home","count":5,"msg":"uploaded pre-keys successfully"}
{"level":30,"time":1774722317432,"pid":70310,"hostname":"Mac.home","msg":"handled 0 offline messages/notifications"}
{"level":30,"time":1774722317432,"pid":70310,"hostname":"Mac.home","msg":"Connection is now AwaitingInitialSync, buffering events"}
{"level":30,"time":1774722317432,"pid":70310,"hostname":"Mac.home","msg":"History sync is disabled by config, not waiting for notification. Transitioning to Online."}
{"level":30,"time":1774722317536,"pid":70310,"hostname":"Mac.home","msg":"opened connection to WA"}
[WhatsApp] ✅ Bağlantı başarılı!
{"level":30,"time":1774722317558,"pid":70310,"hostname":"Mac.home","myPN":"905333559848:2@s.whatsapp.net","myLID":"129879995613400:2@lid","msg":"Own LID session created successfully"}
{"level":50,"time":1774722322994,"pid":70310,"hostname":"Mac.home","reasonNode":{"tag":"conflict","attrs":{"type":"replaced"}},"fullErrorNode":{"tag":"stream:error","attrs":{},"content":[{"tag":"conflict","attrs":{"type":"replaced"}}]},"msg":"stream errored out"}
{"level":30,"time":1774722322994,"pid":70310,"hostname":"Mac.home","trace":"Error: Stream Errored (conflict)\n    at WebSocketClient.<anonymous> (file:///Users/salihozgen/Desktop/psikolog-projesi/node_modules/@whiskeysockets/baileys/lib/Socket/socket.js:780:13)\n    at WebSocketClient.emit (node:events:518:28)\n    at file:///Users/salihozgen/Desktop/psikolog-projesi/node_modules/@whiskeysockets/baileys/lib/Socket/socket.js:464:35\n    at Object.decodeFrame (file:///Users/salihozgen/Desktop/psikolog-projesi/node_modules/@whiskeysockets/baileys/lib/Utils/noise-handler.js:141:17)\n    at process.processTicksAndRejections (node:internal/process/task_queues:105:5)\n    at async WebSocketClient.onMessageReceived (file:///Users/salihozgen/Desktop/psikolog-projesi/node_modules/@whiskeysockets/baileys/lib/Socket/socket.js:441:9)","msg":"connection errored"}
[WhatsApp] Bot süreci başlatılıyor...
{"level":30,"time":1774722328289,"pid":70310,"hostname":"Mac.home","browser":["Ubuntu","Chrome","122.0.0"],"helloMsg":{"clientHello":{"ephemeral":"Cx0VMB5XBTjlzxSM5pZN9LqxvPBn5r8XMYh3Ih3FXhg="}},"msg":"connected to WA"}
{"level":30,"time":1774722328381,"pid":70310,"hostname":"Mac.home","node":{"username":"905333559848","passive":true,"userAgent":{"platform":"WEB","appVersion":{"primary":2,"secondary":3000,"tertiary":1035194821},"mcc":"000","mnc":"000","osVersion":"0.1","device":"Desktop","osBuildNumber":"0.1","releaseChannel":"RELEASE","localeLanguageIso6391":"en","localeCountryIso31661Alpha2":"US"},"webInfo":{"webSubPlatform":"WEB_BROWSER"},"connectType":"WIFI_UNKNOWN","connectReason":"USER_ACTIVATED","device":2,"pull":true,"lidDbMigrated":false},"msg":"logging in..."}
{"level":30,"time":1774722329031,"pid":70310,"hostname":"Mac.home","msg":"5 pre-keys found on server"}
{"level":30,"time":1774722329031,"pid":70310,"hostname":"Mac.home","msg":"Current prekey ID: 3437, exists in storage: true"}
{"level":30,"time":1774722329031,"pid":70310,"hostname":"Mac.home","msg":"Uploading PreKeys due to: server count low (5)"}
{"level":30,"time":1774722329032,"pid":70310,"hostname":"Mac.home","count":5,"retryCount":0,"msg":"uploading pre-keys"}
{"level":30,"time":1774722329597,"pid":70310,"hostname":"Mac.home","count":5,"msg":"uploaded pre-keys successfully"}
{"level":30,"time":1774722329799,"pid":70310,"hostname":"Mac.home","msg":"handled 0 offline messages/notifications"}
{"level":30,"time":1774722329799,"pid":70310,"hostname":"Mac.home","msg":"Connection is now AwaitingInitialSync, buffering events"}
{"level":30,"time":1774722329799,"pid":70310,"hostname":"Mac.home","msg":"History sync is disabled by config, not waiting for notification. Transitioning to Online."}
{"level":30,"time":1774722329982,"pid":70310,"hostname":"Mac.home","msg":"opened connection to WA"}
[WhatsApp] ✅ Bağlantı başarılı!
{"level":30,"time":1774722330006,"pid":70310,"hostname":"Mac.home","myPN":"905333559848:2@s.whatsapp.net","myLID":"129879995613400:2@lid","msg":"Own LID session created successfully"}
{"level":50,"time":1774722334262,"pid":70310,"hostname":"Mac.home","reasonNode":{"tag":"conflict","attrs":{"type":"replaced"}},"fullErrorNode":{"tag":"stream:error","attrs":{},"content":[{"tag":"conflict","attrs":{"type":"replaced"}}]},"msg":"stream errored out"}
{"level":30,"time":1774722334262,"pid":70310,"hostname":"Mac.home","trace":"Error: Stream Errored (conflict)\n    at WebSocketClient.<anonymous> (file:///Users/salihozgen/Desktop/psikolog-projesi/node_modules/@whiskeysockets/baileys/lib/Socket/socket.js:780:13)\n    at WebSocketClient.emit (node:events:518:28)\n    at file:///Users/salihozgen/Desktop/psikolog-projesi/node_modules/@whiskeysockets/baileys/lib/Socket/socket.js:464:35\n    at Object.decodeFrame (file:///Users/salihozgen/Desktop/psikolog-projesi/node_modules/@whiskeysockets/baileys/lib/Utils/noise-handler.js:141:17)\n    at process.processTicksAndRejections (node:internal/process/task_queues:105:5)\n    at async WebSocketClient.onMessageReceived (file:///Users/salihozgen/Desktop/psikolog-projesi/node_modules/@whiskeysockets/baileys/lib/Socket/socket.js:441:9)","msg":"connection errored"}
[WhatsApp] Bot süreci başlatılıyor...
{"level":30,"time":1774722339612,"pid":70310,"hostname":"Mac.home","browser":["Ubuntu","Chrome","122.0.0"],"helloMsg":{"clientHello":{"ephemeral":"DK98owD3uv4sN0zxIWMZJt7S1/n7jseQFO82gjVpTVs="}},"msg":"connected to WA"}
{"level":30,"time":1774722339773,"pid":70310,"hostname":"Mac.home","node":{"username":"905333559848","passive":true,"userAgent":{"platform":"WEB","appVersion":{"primary":2,"secondary":3000,"tertiary":1035194821},"mcc":"000","mnc":"000","osVersion":"0.1","device":"Desktop","osBuildNumber":"0.1","releaseChannel":"RELEASE","localeLanguageIso6391":"en","localeCountryIso31661Alpha2":"US"},"webInfo":{"webSubPlatform":"WEB_BROWSER"},"connectType":"WIFI_UNKNOWN","connectReason":"USER_ACTIVATED","device":2,"pull":true,"lidDbMigrated":false},"msg":"logging in..."}
{"level":30,"time":1774722340111,"pid":70310,"hostname":"Mac.home","msg":"5 pre-keys found on server"}
{"level":30,"time":1774722340111,"pid":70310,"hostname":"Mac.home","msg":"Current prekey ID: 3447, exists in storage: true"}
{"level":30,"time":1774722340111,"pid":70310,"hostname":"Mac.home","msg":"Uploading PreKeys due to: server count low (5)"}
{"level":30,"time":1774722340111,"pid":70310,"hostname":"Mac.home","count":5,"retryCount":0,"msg":"uploading pre-keys"}
{"level":30,"time":1774722340356,"pid":70310,"hostname":"Mac.home","count":5,"msg":"uploaded pre-keys successfully"}
{"level":30,"time":1774722340509,"pid":70310,"hostname":"Mac.home","msg":"handled 0 offline messages/notifications"}
{"level":30,"time":1774722340509,"pid":70310,"hostname":"Mac.home","msg":"Connection is now AwaitingInitialSync, buffering events"}
{"level":30,"time":1774722340509,"pid":70310,"hostname":"Mac.home","msg":"History sync is disabled by config, not waiting for notification. Transitioning to Online."}
{"level":30,"time":1774722340674,"pid":70310,"hostname":"Mac.home","msg":"opened connection to WA"}
[WhatsApp] ✅ Bağlantı başarılı!
{"level":30,"time":1774722340685,"pid":70310,"hostname":"Mac.home","myPN":"905333559848:2@s.whatsapp.net","myLID":"129879995613400:2@lid","msg":"Own LID session created successfully"}
{"level":50,"time":1774722345767,"pid":70310,"hostname":"Mac.home","reasonNode":{"tag":"conflict","attrs":{"type":"replaced"}},"fullErrorNode":{"tag":"stream:error","attrs":{},"content":[{"tag":"conflict","attrs":{"type":"replaced"}}]},"msg":"stream errored out"}
{"level":30,"time":1774722345767,"pid":70310,"hostname":"Mac.home","trace":"Error: Stream Errored (conflict)\n    at WebSocketClient.<anonymous> (file:///Users/salihozgen/Desktop/psikolog-projesi/node_modules/@whiskeysockets/baileys/lib/Socket/socket.js:780:13)\n    at WebSocketClient.emit (node:events:518:28)\n    at file:///Users/salihozgen/Desktop/psikolog-projesi/node_modules/@whiskeysockets/baileys/lib/Socket/socket.js:464:35\n    at Object.decodeFrame (file:///Users/salihozgen/Desktop/psikolog-projesi/node_modules/@whiskeysockets/baileys/lib/Utils/noise-handler.js:141:17)\n    at process.processTicksAndRejections (node:internal/process/task_queues:105:5)\n    at async WebSocketClient.onMessageReceived (file:///Users/salihozgen/Desktop/psikolog-projesi/node_modules/@whiskeysockets/baileys/lib/Socket/socket.js:441:9)","msg":"connection errored"}
[WhatsApp] Bot süreci başlatılıyor...
{"level":30,"time":1774722351132,"pid":70310,"hostname":"Mac.home","browser":["Ubuntu","Chrome","122.0.0"],"helloMsg":{"clientHello":{"ephemeral":"uM1J7UQ7yjg5udKzoLzEf0EAYgruIhPiUWnC+RryhGk="}},"msg":"connected to WA"}
{"level":30,"time":1774722351312,"pid":70310,"hostname":"Mac.home","node":{"username":"905333559848","passive":true,"userAgent":{"platform":"WEB","appVersion":{"primary":2,"secondary":3000,"tertiary":1035194821},"mcc":"000","mnc":"000","osVersion":"0.1","device":"Desktop","osBuildNumber":"0.1","releaseChannel":"RELEASE","localeLanguageIso6391":"en","localeCountryIso31661Alpha2":"US"},"webInfo":{"webSubPlatform":"WEB_BROWSER"},"connectType":"WIFI_UNKNOWN","connectReason":"USER_ACTIVATED","device":2,"pull":true,"lidDbMigrated":false},"msg":"logging in..."}
{"level":30,"time":1774722351721,"pid":70310,"hostname":"Mac.home","msg":"5 pre-keys found on server"}
{"level":30,"time":1774722351721,"pid":70310,"hostname":"Mac.home","msg":"Current prekey ID: 3457, exists in storage: true"}
{"level":30,"time":1774722351721,"pid":70310,"hostname":"Mac.home","msg":"Uploading PreKeys due to: server count low (5)"}
{"level":30,"time":1774722351721,"pid":70310,"hostname":"Mac.home","count":5,"retryCount":0,"msg":"uploading pre-keys"}
{"level":30,"time":1774722352027,"pid":70310,"hostname":"Mac.home","count":5,"msg":"uploaded pre-keys successfully"}
{"level":30,"time":1774722352222,"pid":70310,"hostname":"Mac.home","msg":"handled 0 offline messages/notifications"}
{"level":30,"time":1774722352222,"pid":70310,"hostname":"Mac.home","msg":"Connection is now AwaitingInitialSync, buffering events"}
{"level":30,"time":1774722352222,"pid":70310,"hostname":"Mac.home","msg":"History sync is disabled by config, not waiting for notification. Transitioning to Online."}
{"level":30,"time":1774722352395,"pid":70310,"hostname":"Mac.home","msg":"opened connection to WA"}
[WhatsApp] ✅ Bağlantı başarılı!
{"level":30,"time":1774722352401,"pid":70310,"hostname":"Mac.home","myPN":"905333559848:2@s.whatsapp.net","myLID":"129879995613400:2@lid","msg":"Own LID session created successfully"}
{"level":50,"time":1774722357292,"pid":70310,"hostname":"Mac.home","reasonNode":{"tag":"conflict","attrs":{"type":"replaced"}},"fullErrorNode":{"tag":"stream:error","attrs":{},"content":[{"tag":"conflict","attrs":{"type":"replaced"}}]},"msg":"stream errored out"}
{"level":30,"time":1774722357293,"pid":70310,"hostname":"Mac.home","trace":"Error: Stream Errored (conflict)\n    at WebSocketClient.<anonymous> (file:///Users/salihozgen/Desktop/psikolog-projesi/node_modules/@whiskeysockets/baileys/lib/Socket/socket.js:780:13)\n    at WebSocketClient.emit (node:events:518:28)\n    at file:///Users/salihozgen/Desktop/psikolog-projesi/node_modules/@whiskeysockets/baileys/lib/Socket/socket.js:464:35\n    at Object.decodeFrame (file:///Users/salihozgen/Desktop/psikolog-projesi/node_modules/@whiskeysockets/baileys/lib/Utils/noise-handler.js:141:17)\n    at process.processTicksAndRejections (node:internal/process/task_queues:105:5)\n    at async WebSocketClient.onMessageReceived (file:///Users/salihozgen/Desktop/psikolog-projesi/node_modules/@whiskeysockets/baileys/lib/Socket/socket.js:441:9)","msg":"connection errored"}
[WhatsApp] Bot süreci başlatılıyor...
{"level":30,"time":1774722362614,"pid":70310,"hostname":"Mac.home","browser":["Ubuntu","Chrome","122.0.0"],"helloMsg":{"clientHello":{"ephemeral":"qewCvnr9OxIUjO7Tp/rY5dv7FPkM1AhOUL99dAMpBmg="}},"msg":"connected to WA"}
{"level":30,"time":1774722362779,"pid":70310,"hostname":"Mac.home","node":{"username":"905333559848","passive":true,"userAgent":{"platform":"WEB","appVersion":{"primary":2,"secondary":3000,"tertiary":1035194821},"mcc":"000","mnc":"000","osVersion":"0.1","device":"Desktop","osBuildNumber":"0.1","releaseChannel":"RELEASE","localeLanguageIso6391":"en","localeCountryIso31661Alpha2":"US"},"webInfo":{"webSubPlatform":"WEB_BROWSER"},"connectType":"WIFI_UNKNOWN","connectReason":"USER_ACTIVATED","device":2,"pull":true,"lidDbMigrated":false},"msg":"logging in..."}
{"level":30,"time":1774722363100,"pid":70310,"hostname":"Mac.home","msg":"5 pre-keys found on server"}
{"level":30,"time":1774722363100,"pid":70310,"hostname":"Mac.home","msg":"Current prekey ID: 3467, exists in storage: true"}
{"level":30,"time":1774722363100,"pid":70310,"hostname":"Mac.home","msg":"Uploading PreKeys due to: server count low (5)"}
{"level":30,"time":1774722363100,"pid":70310,"hostname":"Mac.home","count":5,"retryCount":0,"msg":"uploading pre-keys"}
{"level":30,"time":1774722363314,"pid":70310,"hostname":"Mac.home","count":5,"msg":"uploaded pre-keys successfully"}
{"level":30,"time":1774722363523,"pid":70310,"hostname":"Mac.home","msg":"handled 0 offline messages/notifications"}
{"level":30,"time":1774722363523,"pid":70310,"hostname":"Mac.home","msg":"Connection is now AwaitingInitialSync, buffering events"}
{"level":30,"time":1774722363524,"pid":70310,"hostname":"Mac.home","msg":"History sync is disabled by config, not waiting for notification. Transitioning to Online."}
{"level":30,"time":1774722363630,"pid":70310,"hostname":"Mac.home","msg":"opened connection to WA"}
[WhatsApp] ✅ Bağlantı başarılı!
{"level":30,"time":1774722363649,"pid":70310,"hostname":"Mac.home","myPN":"905333559848:2@s.whatsapp.net","myLID":"129879995613400:2@lid","msg":"Own LID session created successfully"}
{"level":50,"time":1774722368884,"pid":70310,"hostname":"Mac.home","reasonNode":{"tag":"conflict","attrs":{"type":"replaced"}},"fullErrorNode":{"tag":"stream:error","attrs":{},"content":[{"tag":"conflict","attrs":{"type":"replaced"}}]},"msg":"stream errored out"}
{"level":30,"time":1774722368884,"pid":70310,"hostname":"Mac.home","trace":"Error: Stream Errored (conflict)\n    at WebSocketClient.<anonymous> (file:///Users/salihozgen/Desktop/psikolog-projesi/node_modules/@whiskeysockets/baileys/lib/Socket/socket.js:780:13)\n    at WebSocketClient.emit (node:events:518:28)\n    at file:///Users/salihozgen/Desktop/psikolog-projesi/node_modules/@whiskeysockets/baileys/lib/Socket/socket.js:464:35\n    at Object.decodeFrame (file:///Users/salihozgen/Desktop/psikolog-projesi/node_modules/@whiskeysockets/baileys/lib/Utils/noise-handler.js:141:17)\n    at process.processTicksAndRejections (node:internal/process/task_queues:105:5)\n    at async WebSocketClient.onMessageReceived (file:///Users/salihozgen/Desktop/psikolog-projesi/node_modules/@whiskeysockets/baileys/lib/Socket/socket.js:441:9)","msg":"connection errored"}
[WhatsApp] Bot süreci başlatılıyor...
{"level":30,"time":1774722374269,"pid":70310,"hostname":"Mac.home","browser":["Ubuntu","Chrome","122.0.0"],"helloMsg":{"clientHello":{"ephemeral":"Hw8vSEwjoIBeSAZOvlWHzjTQOHDuQMy/AF+bz8BH4nE="}},"msg":"connected to WA"}
{"level":30,"time":1774722374483,"pid":70310,"hostname":"Mac.home","node":{"username":"905333559848","passive":true,"userAgent":{"platform":"WEB","appVersion":{"primary":2,"secondary":3000,"tertiary":1035194821},"mcc":"000","mnc":"000","osVersion":"0.1","device":"Desktop","osBuildNumber":"0.1","releaseChannel":"RELEASE","localeLanguageIso6391":"en","localeCountryIso31661Alpha2":"US"},"webInfo":{"webSubPlatform":"WEB_BROWSER"},"connectType":"WIFI_UNKNOWN","connectReason":"USER_ACTIVATED","device":2,"pull":true,"lidDbMigrated":false},"msg":"logging in..."}
{"level":30,"time":1774722375030,"pid":70310,"hostname":"Mac.home","msg":"5 pre-keys found on server"}
{"level":30,"time":1774722375030,"pid":70310,"hostname":"Mac.home","msg":"Current prekey ID: 3477, exists in storage: true"}
{"level":30,"time":1774722375030,"pid":70310,"hostname":"Mac.home","msg":"Uploading PreKeys due to: server count low (5)"}
{"level":30,"time":1774722375030,"pid":70310,"hostname":"Mac.home","count":5,"retryCount":0,"msg":"uploading pre-keys"}
{"level":30,"time":1774722375472,"pid":70310,"hostname":"Mac.home","count":5,"msg":"uploaded pre-keys successfully"}
{"level":30,"time":1774722375746,"pid":70310,"hostname":"Mac.home","msg":"handled 0 offline messages/notifications"}
{"level":30,"time":1774722375746,"pid":70310,"hostname":"Mac.home","msg":"Connection is now AwaitingInitialSync, buffering events"}
{"level":30,"time":1774722375746,"pid":70310,"hostname":"Mac.home","msg":"History sync is disabled by config, not waiting for notification. Transitioning to Online."}
{"level":30,"time":1774722375957,"pid":70310,"hostname":"Mac.home","msg":"opened connection to WA"}
[WhatsApp] ✅ Bağlantı başarılı!
{"level":30,"time":1774722375975,"pid":70310,"hostname":"Mac.home","myPN":"905333559848:2@s.whatsapp.net","myLID":"129879995613400:2@lid","msg":"Own LID session created successfully"}
{"level":50,"time":1774722380544,"pid":70310,"hostname":"Mac.home","reasonNode":{"tag":"conflict","attrs":{"type":"replaced"}},"fullErrorNode":{"tag":"stream:error","attrs":{},"content":[{"tag":"conflict","attrs":{"type":"replaced"}}]},"msg":"stream errored out"}
{"level":30,"time":1774722380545,"pid":70310,"hostname":"Mac.home","trace":"Error: Stream Errored (conflict)\n    at WebSocketClient.<anonymous> (file:///Users/salihozgen/Desktop/psikolog-projesi/node_modules/@whiskeysockets/baileys/lib/Socket/socket.js:780:13)\n    at WebSocketClient.emit (node:events:518:28)\n    at file:///Users/salihozgen/Desktop/psikolog-projesi/node_modules/@whiskeysockets/baileys/lib/Socket/socket.js:464:35\n    at Object.decodeFrame (file:///Users/salihozgen/Desktop/psikolog-projesi/node_modules/@whiskeysockets/baileys/lib/Utils/noise-handler.js:141:17)\n    at process.processTicksAndRejections (node:internal/process/task_queues:105:5)\n    at async WebSocketClient.onMessageReceived (file:///Users/salihozgen/Desktop/psikolog-projesi/node_modules/@whiskeysockets/baileys/lib/Socket/socket.js:441:9)","msg":"connection errored"}
[WhatsApp] Bot süreci başlatılıyor...
{"level":30,"time":1774722385941,"pid":70310,"hostname":"Mac.home","browser":["Ubuntu","Chrome","122.0.0"],"helloMsg":{"clientHello":{"ephemeral":"4wQOrVa2wG4UKGEVs8t9O5TWe+fo+bLF6QZsJlMgtXE="}},"msg":"connected to WA"}
{"level":30,"time":1774722386148,"pid":70310,"hostname":"Mac.home","node":{"username":"905333559848","passive":true,"userAgent":{"platform":"WEB","appVersion":{"primary":2,"secondary":3000,"tertiary":1035194821},"mcc":"000","mnc":"000","osVersion":"0.1","device":"Desktop","osBuildNumber":"0.1","releaseChannel":"RELEASE","localeLanguageIso6391":"en","localeCountryIso31661Alpha2":"US"},"webInfo":{"webSubPlatform":"WEB_BROWSER"},"connectType":"WIFI_UNKNOWN","connectReason":"USER_ACTIVATED","device":2,"pull":true,"lidDbMigrated":false},"msg":"logging in..."}
{"level":30,"time":1774722386680,"pid":70310,"hostname":"Mac.home","msg":"5 pre-keys found on server"}
{"level":30,"time":1774722386680,"pid":70310,"hostname":"Mac.home","msg":"Current prekey ID: 3487, exists in storage: true"}
{"level":30,"time":1774722386680,"pid":70310,"hostname":"Mac.home","msg":"Uploading PreKeys due to: server count low (5)"}
{"level":30,"time":1774722386680,"pid":70310,"hostname":"Mac.home","count":5,"retryCount":0,"msg":"uploading pre-keys"}
{"level":30,"time":1774722387112,"pid":70310,"hostname":"Mac.home","count":5,"msg":"uploaded pre-keys successfully"}
{"level":30,"time":1774722387383,"pid":70310,"hostname":"Mac.home","msg":"handled 0 offline messages/notifications"}
{"level":30,"time":1774722387383,"pid":70310,"hostname":"Mac.home","msg":"Connection is now AwaitingInitialSync, buffering events"}
{"level":30,"time":1774722387383,"pid":70310,"hostname":"Mac.home","msg":"History sync is disabled by config, not waiting for notification. Transitioning to Online."}
{"level":30,"time":1774722387586,"pid":70310,"hostname":"Mac.home","msg":"opened connection to WA"}
[WhatsApp] ✅ Bağlantı başarılı!
{"level":30,"time":1774722387606,"pid":70310,"hostname":"Mac.home","myPN":"905333559848:2@s.whatsapp.net","myLID":"129879995613400:2@lid","msg":"Own LID session created successfully"}
{"level":50,"time":1774722392217,"pid":70310,"hostname":"Mac.home","reasonNode":{"tag":"conflict","attrs":{"type":"replaced"}},"fullErrorNode":{"tag":"stream:error","attrs":{},"content":[{"tag":"conflict","attrs":{"type":"replaced"}}]},"msg":"stream errored out"}
{"level":30,"time":1774722392217,"pid":70310,"hostname":"Mac.home","trace":"Error: Stream Errored (conflict)\n    at WebSocketClient.<anonymous> (file:///Users/salihozgen/Desktop/psikolog-projesi/node_modules/@whiskeysockets/baileys/lib/Socket/socket.js:780:13)\n    at WebSocketClient.emit (node:events:518:28)\n    at file:///Users/salihozgen/Desktop/psikolog-projesi/node_modules/@whiskeysockets/baileys/lib/Socket/socket.js:464:35\n    at Object.decodeFrame (file:///Users/salihozgen/Desktop/psikolog-projesi/node_modules/@whiskeysockets/baileys/lib/Utils/noise-handler.js:141:17)\n    at process.processTicksAndRejections (node:internal/process/task_queues:105:5)\n    at async WebSocketClient.onMessageReceived (file:///Users/salihozgen/Desktop/psikolog-projesi/node_modules/@whiskeysockets/baileys/lib/Socket/socket.js:441:9)","msg":"connection errored"}
[WhatsApp] Bot süreci başlatılıyor...
{"level":30,"time":1774722397604,"pid":70310,"hostname":"Mac.home","browser":["Ubuntu","Chrome","122.0.0"],"helloMsg":{"clientHello":{"ephemeral":"xCHjR8O2Zs7V0YdgDelT3zLDiHiH3YfytQSbUpVCaVE="}},"msg":"connected to WA"}
{"level":30,"time":1774722397802,"pid":70310,"hostname":"Mac.home","node":{"username":"905333559848","passive":true,"userAgent":{"platform":"WEB","appVersion":{"primary":2,"secondary":3000,"tertiary":1035194821},"mcc":"000","mnc":"000","osVersion":"0.1","device":"Desktop","osBuildNumber":"0.1","releaseChannel":"RELEASE","localeLanguageIso6391":"en","localeCountryIso31661Alpha2":"US"},"webInfo":{"webSubPlatform":"WEB_BROWSER"},"connectType":"WIFI_UNKNOWN","connectReason":"USER_ACTIVATED","device":2,"pull":true,"lidDbMigrated":false},"msg":"logging in..."}
{"level":30,"time":1774722398276,"pid":70310,"hostname":"Mac.home","msg":"5 pre-keys found on server"}
{"level":30,"time":1774722398276,"pid":70310,"hostname":"Mac.home","msg":"Current prekey ID: 3497, exists in storage: true"}
{"level":30,"time":1774722398276,"pid":70310,"hostname":"Mac.home","msg":"Uploading PreKeys due to: server count low (5)"}
{"level":30,"time":1774722398276,"pid":70310,"hostname":"Mac.home","count":5,"retryCount":0,"msg":"uploading pre-keys"}
{"level":30,"time":1774722398630,"pid":70310,"hostname":"Mac.home","count":5,"msg":"uploaded pre-keys successfully"}
{"level":30,"time":1774722398866,"pid":70310,"hostname":"Mac.home","msg":"handled 0 offline messages/notifications"}
{"level":30,"time":1774722398866,"pid":70310,"hostname":"Mac.home","msg":"Connection is now AwaitingInitialSync, buffering events"}
{"level":30,"time":1774722398867,"pid":70310,"hostname":"Mac.home","msg":"History sync is disabled by config, not waiting for notification. Transitioning to Online."}
{"level":30,"time":1774722399058,"pid":70310,"hostname":"Mac.home","msg":"opened connection to WA"}
[WhatsApp] ✅ Bağlantı başarılı!
{"level":30,"time":1774722399078,"pid":70310,"hostname":"Mac.home","myPN":"905333559848:2@s.whatsapp.net","myLID":"129879995613400:2@lid","msg":"Own LID session created successfully"}
{"level":50,"time":1774722403951,"pid":70310,"hostname":"Mac.home","reasonNode":{"tag":"conflict","attrs":{"type":"replaced"}},"fullErrorNode":{"tag":"stream:error","attrs":{},"content":[{"tag":"conflict","attrs":{"type":"replaced"}}]},"msg":"stream errored out"}
{"level":30,"time":1774722403952,"pid":70310,"hostname":"Mac.home","trace":"Error: Stream Errored (conflict)\n    at WebSocketClient.<anonymous> (file:///Users/salihozgen/Desktop/psikolog-projesi/node_modules/@whiskeysockets/baileys/lib/Socket/socket.js:780:13)\n    at WebSocketClient.emit (node:events:518:28)\n    at file:///Users/salihozgen/Desktop/psikolog-projesi/node_modules/@whiskeysockets/baileys/lib/Socket/socket.js:464:35\n    at Object.decodeFrame (file:///Users/salihozgen/Desktop/psikolog-projesi/node_modules/@whiskeysockets/baileys/lib/Utils/noise-handler.js:141:17)\n    at process.processTicksAndRejections (node:internal/process/task_queues:105:5)\n    at async WebSocketClient.onMessageReceived (file:///Users/salihozgen/Desktop/psikolog-projesi/node_modules/@whiskeysockets/baileys/lib/Socket/socket.js:441:9)","msg":"connection errored"}
[WhatsApp] Bot süreci başlatılıyor...
{"level":30,"time":1774722409216,"pid":70310,"hostname":"Mac.home","browser":["Ubuntu","Chrome","122.0.0"],"helloMsg":{"clientHello":{"ephemeral":"UkyXnIo54+Bpk0ktSW+eEo58xs64KGbcfxF3BuEq2mQ="}},"msg":"connected to WA"}
{"level":30,"time":1774722409307,"pid":70310,"hostname":"Mac.home","node":{"username":"905333559848","passive":true,"userAgent":{"platform":"WEB","appVersion":{"primary":2,"secondary":3000,"tertiary":1035194821},"mcc":"000","mnc":"000","osVersion":"0.1","device":"Desktop","osBuildNumber":"0.1","releaseChannel":"RELEASE","localeLanguageIso6391":"en","localeCountryIso31661Alpha2":"US"},"webInfo":{"webSubPlatform":"WEB_BROWSER"},"connectType":"WIFI_UNKNOWN","connectReason":"USER_ACTIVATED","device":2,"pull":true,"lidDbMigrated":false},"msg":"logging in..."}
{"level":30,"time":1774722410030,"pid":70310,"hostname":"Mac.home","msg":"5 pre-keys found on server"}
{"level":30,"time":1774722410030,"pid":70310,"hostname":"Mac.home","msg":"Current prekey ID: 3507, exists in storage: true"}
{"level":30,"time":1774722410030,"pid":70310,"hostname":"Mac.home","msg":"Uploading PreKeys due to: server count low (5)"}
{"level":30,"time":1774722410030,"pid":70310,"hostname":"Mac.home","count":5,"retryCount":0,"msg":"uploading pre-keys"}
{"level":30,"time":1774722410588,"pid":70310,"hostname":"Mac.home","count":5,"msg":"uploaded pre-keys successfully"}
{"level":30,"time":1774722410781,"pid":70310,"hostname":"Mac.home","msg":"handled 0 offline messages/notifications"}
{"level":30,"time":1774722410781,"pid":70310,"hostname":"Mac.home","msg":"Connection is now AwaitingInitialSync, buffering events"}
{"level":30,"time":1774722410781,"pid":70310,"hostname":"Mac.home","msg":"History sync is disabled by config, not waiting for notification. Transitioning to Online."}
{"level":30,"time":1774722410966,"pid":70310,"hostname":"Mac.home","msg":"opened connection to WA"}
[WhatsApp] ✅ Bağlantı başarılı!
{"level":30,"time":1774722410974,"pid":70310,"hostname":"Mac.home","myPN":"905333559848:2@s.whatsapp.net","myLID":"129879995613400:2@lid","msg":"Own LID session created successfully"}
{"level":50,"time":1774722415160,"pid":70310,"hostname":"Mac.home","reasonNode":{"tag":"conflict","attrs":{"type":"replaced"}},"fullErrorNode":{"tag":"stream:error","attrs":{},"content":[{"tag":"conflict","attrs":{"type":"replaced"}}]},"msg":"stream errored out"}
{"level":30,"time":1774722415161,"pid":70310,"hostname":"Mac.home","trace":"Error: Stream Errored (conflict)\n    at WebSocketClient.<anonymous> (file:///Users/salihozgen/Desktop/psikolog-projesi/node_modules/@whiskeysockets/baileys/lib/Socket/socket.js:780:13)\n    at WebSocketClient.emit (node:events:518:28)\n    at file:///Users/salihozgen/Desktop/psikolog-projesi/node_modules/@whiskeysockets/baileys/lib/Socket/socket.js:464:35\n    at Object.decodeFrame (file:///Users/salihozgen/Desktop/psikolog-projesi/node_modules/@whiskeysockets/baileys/lib/Utils/noise-handler.js:141:17)\n    at process.processTicksAndRejections (node:internal/process/task_queues:105:5)\n    at async WebSocketClient.onMessageReceived (file:///Users/salihozgen/Desktop/psikolog-projesi/node_modules/@whiskeysockets/baileys/lib/Socket/socket.js:441:9)","msg":"connection errored"}
[WhatsApp] Bot süreci başlatılıyor...
{"level":30,"time":1774722420508,"pid":70310,"hostname":"Mac.home","browser":["Ubuntu","Chrome","122.0.0"],"helloMsg":{"clientHello":{"ephemeral":"Xlo+K/v1dxTrHkCOrkPKsY5nP2mubI6q2xvBvUt2+T0="}},"msg":"connected to WA"}
{"level":30,"time":1774722420684,"pid":70310,"hostname":"Mac.home","node":{"username":"905333559848","passive":true,"userAgent":{"platform":"WEB","appVersion":{"primary":2,"secondary":3000,"tertiary":1035194821},"mcc":"000","mnc":"000","osVersion":"0.1","device":"Desktop","osBuildNumber":"0.1","releaseChannel":"RELEASE","localeLanguageIso6391":"en","localeCountryIso31661Alpha2":"US"},"webInfo":{"webSubPlatform":"WEB_BROWSER"},"connectType":"WIFI_UNKNOWN","connectReason":"USER_ACTIVATED","device":2,"pull":true,"lidDbMigrated":false},"msg":"logging in..."}
{"level":30,"time":1774722421092,"pid":70310,"hostname":"Mac.home","msg":"5 pre-keys found on server"}
{"level":30,"time":1774722421092,"pid":70310,"hostname":"Mac.home","msg":"Current prekey ID: 3517, exists in storage: true"}
{"level":30,"time":1774722421092,"pid":70310,"hostname":"Mac.home","msg":"Uploading PreKeys due to: server count low (5)"}
{"level":30,"time":1774722421093,"pid":70310,"hostname":"Mac.home","count":5,"retryCount":0,"msg":"uploading pre-keys"}
{"level":30,"time":1774722421400,"pid":70310,"hostname":"Mac.home","count":5,"msg":"uploaded pre-keys successfully"}
{"level":30,"time":1774722421592,"pid":70310,"hostname":"Mac.home","msg":"handled 0 offline messages/notifications"}
{"level":30,"time":1774722421592,"pid":70310,"hostname":"Mac.home","msg":"Connection is now AwaitingInitialSync, buffering events"}
{"level":30,"time":1774722421593,"pid":70310,"hostname":"Mac.home","msg":"History sync is disabled by config, not waiting for notification. Transitioning to Online."}
{"level":30,"time":1774722421766,"pid":70310,"hostname":"Mac.home","msg":"opened connection to WA"}
[WhatsApp] ✅ Bağlantı başarılı!
{"level":30,"time":1774722421784,"pid":70310,"hostname":"Mac.home","myPN":"905333559848:2@s.whatsapp.net","myLID":"129879995613400:2@lid","msg":"Own LID session created successfully"}
{"level":50,"time":1774722426775,"pid":70310,"hostname":"Mac.home","reasonNode":{"tag":"conflict","attrs":{"type":"replaced"}},"fullErrorNode":{"tag":"stream:error","attrs":{},"content":[{"tag":"conflict","attrs":{"type":"replaced"}}]},"msg":"stream errored out"}
{"level":30,"time":1774722426776,"pid":70310,"hostname":"Mac.home","trace":"Error: Stream Errored (conflict)\n    at WebSocketClient.<anonymous> (file:///Users/salihozgen/Desktop/psikolog-projesi/node_modules/@whiskeysockets/baileys/lib/Socket/socket.js:780:13)\n    at WebSocketClient.emit (node:events:518:28)\n    at file:///Users/salihozgen/Desktop/psikolog-projesi/node_modules/@whiskeysockets/baileys/lib/Socket/socket.js:464:35\n    at Object.decodeFrame (file:///Users/salihozgen/Desktop/psikolog-projesi/node_modules/@whiskeysockets/baileys/lib/Utils/noise-handler.js:141:17)\n    at process.processTicksAndRejections (node:internal/process/task_queues:105:5)\n    at async WebSocketClient.onMessageReceived (file:///Users/salihozgen/Desktop/psikolog-projesi/node_modules/@whiskeysockets/baileys/lib/Socket/socket.js:441:9)","msg":"connection errored"}
[WhatsApp] Bot süreci başlatılıyor...
{"level":30,"time":1774722432063,"pid":70310,"hostname":"Mac.home","browser":["Ubuntu","Chrome","122.0.0"],"helloMsg":{"clientHello":{"ephemeral":"Q4noNUFLw/8Ee8IZaI4e7ZnOeoDuPOI1XpuKY+dZyQg="}},"msg":"connected to WA"}
{"level":30,"time":1774722432160,"pid":70310,"hostname":"Mac.home","node":{"username":"905333559848","passive":true,"userAgent":{"platform":"WEB","appVersion":{"primary":2,"secondary":3000,"tertiary":1035194821},"mcc":"000","mnc":"000","osVersion":"0.1","device":"Desktop","osBuildNumber":"0.1","releaseChannel":"RELEASE","localeLanguageIso6391":"en","localeCountryIso31661Alpha2":"US"},"webInfo":{"webSubPlatform":"WEB_BROWSER"},"connectType":"WIFI_UNKNOWN","connectReason":"USER_ACTIVATED","device":2,"pull":true,"lidDbMigrated":false},"msg":"logging in..."}
{"level":30,"time":1774722432983,"pid":70310,"hostname":"Mac.home","msg":"5 pre-keys found on server"}
{"level":30,"time":1774722432983,"pid":70310,"hostname":"Mac.home","msg":"Current prekey ID: 3527, exists in storage: true"}
{"level":30,"time":1774722432983,"pid":70310,"hostname":"Mac.home","msg":"Uploading PreKeys due to: server count low (5)"}
{"level":30,"time":1774722432983,"pid":70310,"hostname":"Mac.home","count":5,"retryCount":0,"msg":"uploading pre-keys"}
{"level":30,"time":1774722433689,"pid":70310,"hostname":"Mac.home","count":5,"msg":"uploaded pre-keys successfully"}
{"level":30,"time":1774722433933,"pid":70310,"hostname":"Mac.home","msg":"handled 0 offline messages/notifications"}
{"level":30,"time":1774722433933,"pid":70310,"hostname":"Mac.home","msg":"Connection is now AwaitingInitialSync, buffering events"}
{"level":30,"time":1774722433933,"pid":70310,"hostname":"Mac.home","msg":"History sync is disabled by config, not waiting for notification. Transitioning to Online."}
{"level":30,"time":1774722433991,"pid":70310,"hostname":"Mac.home","msg":"opened connection to WA"}
[WhatsApp] ✅ Bağlantı başarılı!
{"level":30,"time":1774722434008,"pid":70310,"hostname":"Mac.home","myPN":"905333559848:2@s.whatsapp.net","myLID":"129879995613400:2@lid","msg":"Own LID session created successfully"}
{"level":50,"time":1774722438340,"pid":70310,"hostname":"Mac.home","reasonNode":{"tag":"conflict","attrs":{"type":"replaced"}},"fullErrorNode":{"tag":"stream:error","attrs":{},"content":[{"tag":"conflict","attrs":{"type":"replaced"}}]},"msg":"stream errored out"}
{"level":30,"time":1774722438341,"pid":70310,"hostname":"Mac.home","trace":"Error: Stream Errored (conflict)\n    at WebSocketClient.<anonymous> (file:///Users/salihozgen/Desktop/psikolog-projesi/node_modules/@whiskeysockets/baileys/lib/Socket/socket.js:780:13)\n    at WebSocketClient.emit (node:events:518:28)\n    at file:///Users/salihozgen/Desktop/psikolog-projesi/node_modules/@whiskeysockets/baileys/lib/Socket/socket.js:464:35\n    at Object.decodeFrame (file:///Users/salihozgen/Desktop/psikolog-projesi/node_modules/@whiskeysockets/baileys/lib/Utils/noise-handler.js:141:17)\n    at process.processTicksAndRejections (node:internal/process/task_queues:105:5)\n    at async WebSocketClient.onMessageReceived (file:///Users/salihozgen/Desktop/psikolog-projesi/node_modules/@whiskeysockets/baileys/lib/Socket/socket.js:441:9)","msg":"connection errored"}
[WhatsApp] Bot süreci başlatılıyor...
{"level":30,"time":1774722443732,"pid":70310,"hostname":"Mac.home","browser":["Ubuntu","Chrome","122.0.0"],"helloMsg":{"clientHello":{"ephemeral":"RhPBoFuYdjbkiEme9XUNYj0ONP1CbfOOfIiTdq36FHo="}},"msg":"connected to WA"}
{"level":30,"time":1774722443933,"pid":70310,"hostname":"Mac.home","node":{"username":"905333559848","passive":true,"userAgent":{"platform":"WEB","appVersion":{"primary":2,"secondary":3000,"tertiary":1035194821},"mcc":"000","mnc":"000","osVersion":"0.1","device":"Desktop","osBuildNumber":"0.1","releaseChannel":"RELEASE","localeLanguageIso6391":"en","localeCountryIso31661Alpha2":"US"},"webInfo":{"webSubPlatform":"WEB_BROWSER"},"connectType":"WIFI_UNKNOWN","connectReason":"USER_ACTIVATED","device":2,"pull":true,"lidDbMigrated":false},"msg":"logging in..."}
{"level":30,"time":1774722444432,"pid":70310,"hostname":"Mac.home","msg":"5 pre-keys found on server"}
{"level":30,"time":1774722444432,"pid":70310,"hostname":"Mac.home","msg":"Current prekey ID: 3537, exists in storage: true"}
{"level":30,"time":1774722444432,"pid":70310,"hostname":"Mac.home","msg":"Uploading PreKeys due to: server count low (5)"}
{"level":30,"time":1774722444432,"pid":70310,"hostname":"Mac.home","count":5,"retryCount":0,"msg":"uploading pre-keys"}
{"level":30,"time":1774722444802,"pid":70310,"hostname":"Mac.home","count":5,"msg":"uploaded pre-keys successfully"}
{"level":30,"time":1774722445044,"pid":70310,"hostname":"Mac.home","msg":"handled 0 offline messages/notifications"}
{"level":30,"time":1774722445044,"pid":70310,"hostname":"Mac.home","msg":"Connection is now AwaitingInitialSync, buffering events"}
{"level":30,"time":1774722445044,"pid":70310,"hostname":"Mac.home","msg":"History sync is disabled by config, not waiting for notification. Transitioning to Online."}
{"level":30,"time":1774722445239,"pid":70310,"hostname":"Mac.home","msg":"opened connection to WA"}
[WhatsApp] ✅ Bağlantı başarılı!
{"level":30,"time":1774722445258,"pid":70310,"hostname":"Mac.home","myPN":"905333559848:2@s.whatsapp.net","myLID":"129879995613400:2@lid","msg":"Own LID session created successfully"}
{"level":30,"time":1774722502591,"pid":70310,"hostname":"Mac.home","trace":"Error: Connection Terminated\n    at WebSocketClient.<anonymous> (file:///Users/salihozgen/Desktop/psikolog-projesi/node_modules/@whiskeysockets/baileys/lib/Socket/socket.js:679:30)\n    at WebSocketClient.emit (node:events:518:28)\n    at WebSocket.<anonymous> (file:///Users/salihozgen/Desktop/psikolog-projesi/node_modules/@whiskeysockets/baileys/lib/Socket/Client/websocket.js:35:54)\n    at WebSocket.emit (node:events:518:28)\n    at WebSocket.emitClose (/Users/salihozgen/Desktop/psikolog-projesi/node_modules/ws/lib/websocket.js:273:10)\n    at TLSSocket.socketOnClose (/Users/salihozgen/Desktop/psikolog-projesi/node_modules/ws/lib/websocket.js:1346:15)\n    at TLSSocket.emit (node:events:530:35)\n    at node:net:343:12\n    at TCP.done (node:_tls_wrap:650:7)\n    at TCP.callbackTrampoline (node:internal/async_hooks:130:17)","msg":"connection errored"}
[WhatsApp] Bot süreci başlatılıyor...
{"level":30,"time":1774722507940,"pid":70310,"hostname":"Mac.home","browser":["Ubuntu","Chrome","122.0.0"],"helloMsg":{"clientHello":{"ephemeral":"79XSZ5L6abJibOnhgR54tFZQOBTHPsyXoVhatKCbsCU="}},"msg":"connected to WA"}
{"level":30,"time":1774722508107,"pid":70310,"hostname":"Mac.home","node":{"username":"905333559848","passive":true,"userAgent":{"platform":"WEB","appVersion":{"primary":2,"secondary":3000,"tertiary":1035194821},"mcc":"000","mnc":"000","osVersion":"0.1","device":"Desktop","osBuildNumber":"0.1","releaseChannel":"RELEASE","localeLanguageIso6391":"en","localeCountryIso31661Alpha2":"US"},"webInfo":{"webSubPlatform":"WEB_BROWSER"},"connectType":"WIFI_UNKNOWN","connectReason":"USER_ACTIVATED","device":2,"pull":true,"lidDbMigrated":false},"msg":"logging in..."}
{"level":30,"time":1774722508427,"pid":70310,"hostname":"Mac.home","msg":"5 pre-keys found on server"}
{"level":30,"time":1774722508427,"pid":70310,"hostname":"Mac.home","msg":"Current prekey ID: 3547, exists in storage: true"}
{"level":30,"time":1774722508427,"pid":70310,"hostname":"Mac.home","msg":"Uploading PreKeys due to: server count low (5)"}
{"level":30,"time":1774722508427,"pid":70310,"hostname":"Mac.home","count":5,"retryCount":0,"msg":"uploading pre-keys"}
{"level":30,"time":1774722508627,"pid":70310,"hostname":"Mac.home","count":5,"msg":"uploaded pre-keys successfully"}
{"level":30,"time":1774722508837,"pid":70310,"hostname":"Mac.home","msg":"handled 0 offline messages/notifications"}
{"level":30,"time":1774722508837,"pid":70310,"hostname":"Mac.home","msg":"Connection is now AwaitingInitialSync, buffering events"}
{"level":30,"time":1774722508837,"pid":70310,"hostname":"Mac.home","msg":"History sync is disabled by config, not waiting for notification. Transitioning to Online."}
{"level":30,"time":1774722508940,"pid":70310,"hostname":"Mac.home","msg":"opened connection to WA"}
[WhatsApp] ✅ Bağlantı başarılı!
{"level":30,"time":1774722508956,"pid":70310,"hostname":"Mac.home","myPN":"905333559848:2@s.whatsapp.net","myLID":"129879995613400:2@lid","msg":"Own LID session created successfully"}
{"level":50,"time":1774722514044,"pid":70310,"hostname":"Mac.home","reasonNode":{"tag":"conflict","attrs":{"type":"replaced"}},"fullErrorNode":{"tag":"stream:error","attrs":{},"content":[{"tag":"conflict","attrs":{"type":"replaced"}}]},"msg":"stream errored out"}
{"level":30,"time":1774722514044,"pid":70310,"hostname":"Mac.home","trace":"Error: Stream Errored (conflict)\n    at WebSocketClient.<anonymous> (file:///Users/salihozgen/Desktop/psikolog-projesi/node_modules/@whiskeysockets/baileys/lib/Socket/socket.js:780:13)\n    at WebSocketClient.emit (node:events:518:28)\n    at file:///Users/salihozgen/Desktop/psikolog-projesi/node_modules/@whiskeysockets/baileys/lib/Socket/socket.js:464:35\n    at Object.decodeFrame (file:///Users/salihozgen/Desktop/psikolog-projesi/node_modules/@whiskeysockets/baileys/lib/Utils/noise-handler.js:141:17)\n    at process.processTicksAndRejections (node:internal/process/task_queues:105:5)\n    at async WebSocketClient.onMessageReceived (file:///Users/salihozgen/Desktop/psikolog-projesi/node_modules/@whiskeysockets/baileys/lib/Socket/socket.js:441:9)","msg":"connection errored"}
[WhatsApp] Bot süreci başlatılıyor...
{"level":30,"time":1774722519340,"pid":70310,"hostname":"Mac.home","browser":["Ubuntu","Chrome","122.0.0"],"helloMsg":{"clientHello":{"ephemeral":"mVYQ09Ood3qruxj6kq6EOQWZOEDOtE7JaBr4jjbfQmI="}},"msg":"connected to WA"}
{"level":30,"time":1774722519443,"pid":70310,"hostname":"Mac.home","node":{"username":"905333559848","passive":true,"userAgent":{"platform":"WEB","appVersion":{"primary":2,"secondary":3000,"tertiary":1035194821},"mcc":"000","mnc":"000","osVersion":"0.1","device":"Desktop","osBuildNumber":"0.1","releaseChannel":"RELEASE","localeLanguageIso6391":"en","localeCountryIso31661Alpha2":"US"},"webInfo":{"webSubPlatform":"WEB_BROWSER"},"connectType":"WIFI_UNKNOWN","connectReason":"USER_ACTIVATED","device":2,"pull":true,"lidDbMigrated":false},"msg":"logging in..."}
{"level":30,"time":1774722520268,"pid":70310,"hostname":"Mac.home","msg":"5 pre-keys found on server"}
{"level":30,"time":1774722520268,"pid":70310,"hostname":"Mac.home","msg":"Current prekey ID: 3557, exists in storage: true"}
{"level":30,"time":1774722520268,"pid":70310,"hostname":"Mac.home","msg":"Uploading PreKeys due to: server count low (5)"}
{"level":30,"time":1774722520268,"pid":70310,"hostname":"Mac.home","count":5,"retryCount":0,"msg":"uploading pre-keys"}
{"level":30,"time":1774722520971,"pid":70310,"hostname":"Mac.home","count":5,"msg":"uploaded pre-keys successfully"}
{"level":30,"time":1774722521213,"pid":70310,"hostname":"Mac.home","msg":"handled 0 offline messages/notifications"}
{"level":30,"time":1774722521213,"pid":70310,"hostname":"Mac.home","msg":"Connection is now AwaitingInitialSync, buffering events"}
{"level":30,"time":1774722521213,"pid":70310,"hostname":"Mac.home","msg":"History sync is disabled by config, not waiting for notification. Transitioning to Online."}
{"level":30,"time":1774722521510,"pid":70310,"hostname":"Mac.home","msg":"opened connection to WA"}
[WhatsApp] ✅ Bağlantı başarılı!
{"level":30,"time":1774722521531,"pid":70310,"hostname":"Mac.home","myPN":"905333559848:2@s.whatsapp.net","myLID":"129879995613400:2@lid","msg":"Own LID session created successfully"}
{"level":50,"time":1774722525326,"pid":70310,"hostname":"Mac.home","reasonNode":{"tag":"conflict","attrs":{"type":"replaced"}},"fullErrorNode":{"tag":"stream:error","attrs":{},"content":[{"tag":"conflict","attrs":{"type":"replaced"}}]},"msg":"stream errored out"}
{"level":30,"time":1774722525326,"pid":70310,"hostname":"Mac.home","trace":"Error: Stream Errored (conflict)\n    at WebSocketClient.<anonymous> (file:///Users/salihozgen/Desktop/psikolog-projesi/node_modules/@whiskeysockets/baileys/lib/Socket/socket.js:780:13)\n    at WebSocketClient.emit (node:events:518:28)\n    at file:///Users/salihozgen/Desktop/psikolog-projesi/node_modules/@whiskeysockets/baileys/lib/Socket/socket.js:464:35\n    at Object.decodeFrame (file:///Users/salihozgen/Desktop/psikolog-projesi/node_modules/@whiskeysockets/baileys/lib/Utils/noise-handler.js:141:17)\n    at process.processTicksAndRejections (node:internal/process/task_queues:105:5)\n    at async WebSocketClient.onMessageReceived (file:///Users/salihozgen/Desktop/psikolog-projesi/node_modules/@whiskeysockets/baileys/lib/Socket/socket.js:441:9)","msg":"connection errored"}
[WhatsApp] Bot süreci başlatılıyor...
{"level":30,"time":1774722530686,"pid":70310,"hostname":"Mac.home","browser":["Ubuntu","Chrome","122.0.0"],"helloMsg":{"clientHello":{"ephemeral":"Q80gM7DZUu3xspktYW/Fb3p66WLC80EOwC1uYGkO424="}},"msg":"connected to WA"}
{"level":30,"time":1774722530842,"pid":70310,"hostname":"Mac.home","node":{"username":"905333559848","passive":true,"userAgent":{"platform":"WEB","appVersion":{"primary":2,"secondary":3000,"tertiary":1035194821},"mcc":"000","mnc":"000","osVersion":"0.1","device":"Desktop","osBuildNumber":"0.1","releaseChannel":"RELEASE","localeLanguageIso6391":"en","localeCountryIso31661Alpha2":"US"},"webInfo":{"webSubPlatform":"WEB_BROWSER"},"connectType":"WIFI_UNKNOWN","connectReason":"USER_ACTIVATED","device":2,"pull":true,"lidDbMigrated":false},"msg":"logging in..."}
{"level":30,"time":1774722531171,"pid":70310,"hostname":"Mac.home","msg":"5 pre-keys found on server"}
{"level":30,"time":1774722531171,"pid":70310,"hostname":"Mac.home","msg":"Current prekey ID: 3567, exists in storage: true"}
{"level":30,"time":1774722531171,"pid":70310,"hostname":"Mac.home","msg":"Uploading PreKeys due to: server count low (5)"}
{"level":30,"time":1774722531171,"pid":70310,"hostname":"Mac.home","count":5,"retryCount":0,"msg":"uploading pre-keys"}
{"level":30,"time":1774722531390,"pid":70310,"hostname":"Mac.home","count":5,"msg":"uploaded pre-keys successfully"}
{"level":30,"time":1774722531538,"pid":70310,"hostname":"Mac.home","msg":"handled 0 offline messages/notifications"}
{"level":30,"time":1774722531538,"pid":70310,"hostname":"Mac.home","msg":"Connection is now AwaitingInitialSync, buffering events"}
{"level":30,"time":1774722531538,"pid":70310,"hostname":"Mac.home","msg":"History sync is disabled by config, not waiting for notification. Transitioning to Online."}
{"level":30,"time":1774722531696,"pid":70310,"hostname":"Mac.home","msg":"opened connection to WA"}
[WhatsApp] ✅ Bağlantı başarılı!
{"level":30,"time":1774722531702,"pid":70310,"hostname":"Mac.home","myPN":"905333559848:2@s.whatsapp.net","myLID":"129879995613400:2@lid","msg":"Own LID session created successfully"}
{"level":50,"time":1774722536914,"pid":70310,"hostname":"Mac.home","reasonNode":{"tag":"conflict","attrs":{"type":"replaced"}},"fullErrorNode":{"tag":"stream:error","attrs":{},"content":[{"tag":"conflict","attrs":{"type":"replaced"}}]},"msg":"stream errored out"}
{"level":30,"time":1774722536914,"pid":70310,"hostname":"Mac.home","trace":"Error: Stream Errored (conflict)\n    at WebSocketClient.<anonymous> (file:///Users/salihozgen/Desktop/psikolog-projesi/node_modules/@whiskeysockets/baileys/lib/Socket/socket.js:780:13)\n    at WebSocketClient.emit (node:events:518:28)\n    at file:///Users/salihozgen/Desktop/psikolog-projesi/node_modules/@whiskeysockets/baileys/lib/Socket/socket.js:464:35\n    at Object.decodeFrame (file:///Users/salihozgen/Desktop/psikolog-projesi/node_modules/@whiskeysockets/baileys/lib/Utils/noise-handler.js:141:17)\n    at process.processTicksAndRejections (node:internal/process/task_queues:105:5)\n    at async WebSocketClient.onMessageReceived (file:///Users/salihozgen/Desktop/psikolog-projesi/node_modules/@whiskeysockets/baileys/lib/Socket/socket.js:441:9)","msg":"connection errored"}
[WhatsApp] Bot süreci başlatılıyor...
{"level":30,"time":1774722542262,"pid":70310,"hostname":"Mac.home","browser":["Ubuntu","Chrome","122.0.0"],"helloMsg":{"clientHello":{"ephemeral":"ApJrDrfJSMLtrwY9TEMz6cuxhSXZtSA/jGdllVqyuxY="}},"msg":"connected to WA"}
{"level":30,"time":1774722542414,"pid":70310,"hostname":"Mac.home","node":{"username":"905333559848","passive":true,"userAgent":{"platform":"WEB","appVersion":{"primary":2,"secondary":3000,"tertiary":1035194821},"mcc":"000","mnc":"000","osVersion":"0.1","device":"Desktop","osBuildNumber":"0.1","releaseChannel":"RELEASE","localeLanguageIso6391":"en","localeCountryIso31661Alpha2":"US"},"webInfo":{"webSubPlatform":"WEB_BROWSER"},"connectType":"WIFI_UNKNOWN","connectReason":"USER_ACTIVATED","device":2,"pull":true,"lidDbMigrated":false},"msg":"logging in..."}
{"level":30,"time":1774722542745,"pid":70310,"hostname":"Mac.home","msg":"5 pre-keys found on server"}
{"level":30,"time":1774722542745,"pid":70310,"hostname":"Mac.home","msg":"Current prekey ID: 3577, exists in storage: true"}
{"level":30,"time":1774722542745,"pid":70310,"hostname":"Mac.home","msg":"Uploading PreKeys due to: server count low (5)"}
{"level":30,"time":1774722542745,"pid":70310,"hostname":"Mac.home","count":5,"retryCount":0,"msg":"uploading pre-keys"}
{"level":30,"time":1774722542968,"pid":70310,"hostname":"Mac.home","count":5,"msg":"uploaded pre-keys successfully"}
{"level":30,"time":1774722543123,"pid":70310,"hostname":"Mac.home","msg":"handled 0 offline messages/notifications"}
{"level":30,"time":1774722543124,"pid":70310,"hostname":"Mac.home","msg":"Connection is now AwaitingInitialSync, buffering events"}
{"level":30,"time":1774722543124,"pid":70310,"hostname":"Mac.home","msg":"History sync is disabled by config, not waiting for notification. Transitioning to Online."}
{"level":30,"time":1774722543285,"pid":70310,"hostname":"Mac.home","msg":"opened connection to WA"}
[WhatsApp] ✅ Bağlantı başarılı!
{"level":30,"time":1774722543304,"pid":70310,"hostname":"Mac.home","myPN":"905333559848:2@s.whatsapp.net","myLID":"129879995613400:2@lid","msg":"Own LID session created successfully"}
{"level":50,"time":1774722548460,"pid":70310,"hostname":"Mac.home","reasonNode":{"tag":"conflict","attrs":{"type":"replaced"}},"fullErrorNode":{"tag":"stream:error","attrs":{},"content":[{"tag":"conflict","attrs":{"type":"replaced"}}]},"msg":"stream errored out"}
{"level":30,"time":1774722548461,"pid":70310,"hostname":"Mac.home","trace":"Error: Stream Errored (conflict)\n    at WebSocketClient.<anonymous> (file:///Users/salihozgen/Desktop/psikolog-projesi/node_modules/@whiskeysockets/baileys/lib/Socket/socket.js:780:13)\n    at WebSocketClient.emit (node:events:518:28)\n    at file:///Users/salihozgen/Desktop/psikolog-projesi/node_modules/@whiskeysockets/baileys/lib/Socket/socket.js:464:35\n    at Object.decodeFrame (file:///Users/salihozgen/Desktop/psikolog-projesi/node_modules/@whiskeysockets/baileys/lib/Utils/noise-handler.js:141:17)\n    at process.processTicksAndRejections (node:internal/process/task_queues:105:5)\n    at async WebSocketClient.onMessageReceived (file:///Users/salihozgen/Desktop/psikolog-projesi/node_modules/@whiskeysockets/baileys/lib/Socket/socket.js:441:9)","msg":"connection errored"}
[WhatsApp] Bot süreci başlatılıyor...
{"level":30,"time":1774722553742,"pid":70310,"hostname":"Mac.home","browser":["Ubuntu","Chrome","122.0.0"],"helloMsg":{"clientHello":{"ephemeral":"b0odlb4Huy8c1kmYqvd5T6fKe2p+GsBe+JiMN/wfnlY="}},"msg":"connected to WA"}
{"level":30,"time":1774722553844,"pid":70310,"hostname":"Mac.home","node":{"username":"905333559848","passive":true,"userAgent":{"platform":"WEB","appVersion":{"primary":2,"secondary":3000,"tertiary":1035194821},"mcc":"000","mnc":"000","osVersion":"0.1","device":"Desktop","osBuildNumber":"0.1","releaseChannel":"RELEASE","localeLanguageIso6391":"en","localeCountryIso31661Alpha2":"US"},"webInfo":{"webSubPlatform":"WEB_BROWSER"},"connectType":"WIFI_UNKNOWN","connectReason":"USER_ACTIVATED","device":2,"pull":true,"lidDbMigrated":false},"msg":"logging in..."}
{"level":30,"time":1774722554458,"pid":70310,"hostname":"Mac.home","msg":"5 pre-keys found on server"}
{"level":30,"time":1774722554458,"pid":70310,"hostname":"Mac.home","msg":"Current prekey ID: 3587, exists in storage: true"}
{"level":30,"time":1774722554458,"pid":70310,"hostname":"Mac.home","msg":"Uploading PreKeys due to: server count low (5)"}
{"level":30,"time":1774722554458,"pid":70310,"hostname":"Mac.home","count":5,"retryCount":0,"msg":"uploading pre-keys"}
{"level":30,"time":1774722554959,"pid":70310,"hostname":"Mac.home","count":5,"msg":"uploaded pre-keys successfully"}
{"level":30,"time":1774722555211,"pid":70310,"hostname":"Mac.home","msg":"handled 0 offline messages/notifications"}
{"level":30,"time":1774722555211,"pid":70310,"hostname":"Mac.home","msg":"Connection is now AwaitingInitialSync, buffering events"}
{"level":30,"time":1774722555211,"pid":70310,"hostname":"Mac.home","msg":"History sync is disabled by config, not waiting for notification. Transitioning to Online."}
{"level":30,"time":1774722555264,"pid":70310,"hostname":"Mac.home","msg":"opened connection to WA"}
[WhatsApp] ✅ Bağlantı başarılı!
{"level":30,"time":1774722555294,"pid":70310,"hostname":"Mac.home","myPN":"905333559848:2@s.whatsapp.net","myLID":"129879995613400:2@lid","msg":"Own LID session created successfully"}
{"level":50,"time":1774722559983,"pid":70310,"hostname":"Mac.home","reasonNode":{"tag":"conflict","attrs":{"type":"replaced"}},"fullErrorNode":{"tag":"stream:error","attrs":{},"content":[{"tag":"conflict","attrs":{"type":"replaced"}}]},"msg":"stream errored out"}
{"level":30,"time":1774722559984,"pid":70310,"hostname":"Mac.home","trace":"Error: Stream Errored (conflict)\n    at WebSocketClient.<anonymous> (file:///Users/salihozgen/Desktop/psikolog-projesi/node_modules/@whiskeysockets/baileys/lib/Socket/socket.js:780:13)\n    at WebSocketClient.emit (node:events:518:28)\n    at file:///Users/salihozgen/Desktop/psikolog-projesi/node_modules/@whiskeysockets/baileys/lib/Socket/socket.js:464:35\n    at Object.decodeFrame (file:///Users/salihozgen/Desktop/psikolog-projesi/node_modules/@whiskeysockets/baileys/lib/Utils/noise-handler.js:141:17)\n    at process.processTicksAndRejections (node:internal/process/task_queues:105:5)\n    at async WebSocketClient.onMessageReceived (file:///Users/salihozgen/Desktop/psikolog-projesi/node_modules/@whiskeysockets/baileys/lib/Socket/socket.js:441:9)","msg":"connection errored"}
[WhatsApp] Bot süreci başlatılıyor...
{"level":30,"time":1774722565379,"pid":70310,"hostname":"Mac.home","browser":["Ubuntu","Chrome","122.0.0"],"helloMsg":{"clientHello":{"ephemeral":"rmeczHrA8gMnAqmStTIhSPr2VMfaKq3UwAnfo4cIAhw="}},"msg":"connected to WA"}
{"level":30,"time":1774722565573,"pid":70310,"hostname":"Mac.home","node":{"username":"905333559848","passive":true,"userAgent":{"platform":"WEB","appVersion":{"primary":2,"secondary":3000,"tertiary":1035194821},"mcc":"000","mnc":"000","osVersion":"0.1","device":"Desktop","osBuildNumber":"0.1","releaseChannel":"RELEASE","localeLanguageIso6391":"en","localeCountryIso31661Alpha2":"US"},"webInfo":{"webSubPlatform":"WEB_BROWSER"},"connectType":"WIFI_UNKNOWN","connectReason":"USER_ACTIVATED","device":2,"pull":true,"lidDbMigrated":false},"msg":"logging in..."}
{"level":30,"time":1774722566033,"pid":70310,"hostname":"Mac.home","msg":"5 pre-keys found on server"}
{"level":30,"time":1774722566033,"pid":70310,"hostname":"Mac.home","msg":"Current prekey ID: 3597, exists in storage: true"}
{"level":30,"time":1774722566033,"pid":70310,"hostname":"Mac.home","msg":"Uploading PreKeys due to: server count low (5)"}
{"level":30,"time":1774722566033,"pid":70310,"hostname":"Mac.home","count":5,"retryCount":0,"msg":"uploading pre-keys"}
{"level":30,"time":1774722566383,"pid":70310,"hostname":"Mac.home","count":5,"msg":"uploaded pre-keys successfully"}
{"level":30,"time":1774722566622,"pid":70310,"hostname":"Mac.home","msg":"handled 0 offline messages/notifications"}
{"level":30,"time":1774722566622,"pid":70310,"hostname":"Mac.home","msg":"Connection is now AwaitingInitialSync, buffering events"}
{"level":30,"time":1774722566623,"pid":70310,"hostname":"Mac.home","msg":"History sync is disabled by config, not waiting for notification. Transitioning to Online."}
{"level":30,"time":1774722566816,"pid":70310,"hostname":"Mac.home","msg":"opened connection to WA"}
[WhatsApp] ✅ Bağlantı başarılı!
{"level":30,"time":1774722566834,"pid":70310,"hostname":"Mac.home","myPN":"905333559848:2@s.whatsapp.net","myLID":"129879995613400:2@lid","msg":"Own LID session created successfully"}
{"level":30,"time":1774722568267,"pid":70310,"hostname":"Mac.home","newAppStateSyncKeyId":"AAAAADuc","newKeys":["AAAAADuc"],"msg":"injecting new app state sync keys"}
{"level":50,"time":1774722568538,"pid":70310,"hostname":"Mac.home","reasonNode":{"tag":"conflict","attrs":{"type":"device_removed"}},"fullErrorNode":{"tag":"stream:error","attrs":{"code":"401"},"content":[{"tag":"conflict","attrs":{"type":"device_removed"}}]},"msg":"stream errored out"}
{"level":30,"time":1774722568538,"pid":70310,"hostname":"Mac.home","trace":"Error: Stream Errored (conflict)\n    at WebSocketClient.<anonymous> (file:///Users/salihozgen/Desktop/psikolog-projesi/node_modules/@whiskeysockets/baileys/lib/Socket/socket.js:780:13)\n    at WebSocketClient.emit (node:events:518:28)\n    at file:///Users/salihozgen/Desktop/psikolog-projesi/node_modules/@whiskeysockets/baileys/lib/Socket/socket.js:464:35\n    at Object.decodeFrame (file:///Users/salihozgen/Desktop/psikolog-projesi/node_modules/@whiskeysockets/baileys/lib/Utils/noise-handler.js:141:17)\n    at process.processTicksAndRejections (node:internal/process/task_queues:105:5)\n    at async WebSocketClient.onMessageReceived (file:///Users/salihozgen/Desktop/psikolog-projesi/node_modules/@whiskeysockets/baileys/lib/Socket/socket.js:441:9)","msg":"connection errored"}
[WhatsApp] Gemini Error: GoogleGenerativeAIFetchError: [GoogleGenerativeAI Error]: Error fetching from https://generativelanguage.googleapis.com/v1beta/models/gemini-1.5-flash:generateContent: [404 Not Found] models/gemini-1.5-flash is not found for API version v1beta, or is not supported for generateContent. Call ListModels to see the list of available models and their supported methods.
    at handleResponseNotOk (/Users/salihozgen/Desktop/psikolog-projesi/node_modules/@google/generative-ai/dist/index.js:434:11)
    at process.processTicksAndRejections (node:internal/process/task_queues:105:5)
    at async makeRequest (/Users/salihozgen/Desktop/psikolog-projesi/node_modules/@google/generative-ai/dist/index.js:403:9)
    at async generateContent (/Users/salihozgen/Desktop/psikolog-projesi/node_modules/@google/generative-ai/dist/index.js:867:22)
    at async ChatSession.sendMessage (/Users/salihozgen/Desktop/psikolog-projesi/node_modules/@google/generative-ai/dist/index.js:1210:9)
    at async EventEmitter.<anonymous> (/Users/salihozgen/Desktop/psikolog-projesi/server/whatsapp-bot.js:335:30) {
  status: 404,
  statusText: 'Not Found',
  errorDetails: undefined
}
{"level":50,"time":1774722568609,"pid":70310,"hostname":"Mac.home","error":{"data":null,"isBoom":true,"isServer":false,"output":{"statusCode":428,"payload":{"statusCode":428,"error":"Precondition Required","message":"Connection Closed"},"headers":{}}},"msg":"transaction failed, rolling back"}
file:///Users/salihozgen/Desktop/psikolog-projesi/node_modules/@whiskeysockets/baileys/lib/Socket/socket.js:50
            throw new Boom('Connection Closed', { statusCode: DisconnectReason.connectionClosed });
                  ^

Error: Connection Closed
    at sendRawMessage (file:///Users/salihozgen/Desktop/psikolog-projesi/node_modules/@whiskeysockets/baileys/lib/Socket/socket.js:50:19)
    at sendNode (file:///Users/salihozgen/Desktop/psikolog-projesi/node_modules/@whiskeysockets/baileys/lib/Socket/socket.js:69:16)
    at file:///Users/salihozgen/Desktop/psikolog-projesi/node_modules/@whiskeysockets/baileys/lib/Socket/socket.js:122:13
    at new Promise (<anonymous>)
    at promiseTimeout (file:///Users/salihozgen/Desktop/psikolog-projesi/node_modules/@whiskeysockets/baileys/lib/Utils/generics.js:111:16)
    at query (file:///Users/salihozgen/Desktop/psikolog-projesi/node_modules/@whiskeysockets/baileys/lib/Socket/socket.js:120:30)
    at Object.executeUSyncQuery (file:///Users/salihozgen/Desktop/psikolog-projesi/node_modules/@whiskeysockets/baileys/lib/Socket/socket.js:209:30)
    at getUSyncDevices (file:///Users/salihozgen/Desktop/psikolog-projesi/node_modules/@whiskeysockets/baileys/lib/Socket/messages-send.js:185:35)
    at process.processTicksAndRejections (node:internal/process/task_queues:105:5)
    at async file:///Users/salihozgen/Desktop/psikolog-projesi/node_modules/@whiskeysockets/baileys/lib/Socket/messages-send.js:594:48 {
  data: null,
  isBoom: true,
  isServer: false,
  output: {
    statusCode: 428,
    payload: {
      statusCode: 428,
      error: 'Precondition Required',
      message: 'Connection Closed'
    },
    headers: {}
  }
}

Node.js v22.11.0
